episode,reward,steps,success,wall_collisions,penalty_entries,epsilon
0,-1213.0,382,False,96,10,1.0
1,-1290.0,382,False,105,11,0.9994360289916945
2,-1245.0,382,False,88,24,0.9988723825377751
3,-1167.0,382,False,71,27,0.9983090604514667
4,-1274.0,382,False,94,21,0.9977460625461022
5,-1131.0,382,False,94,4,0.9971833886351218
6,-1000.0,382,False,70,15,0.996621038532073
7,-1337.0,382,False,100,22,0.9960590120506104
8,-1051.0,382,False,75,18,0.9954973090044964
9,-1182.0,382,False,83,17,0.9949359292076
10,-1149.0,382,False,79,18,0.9943748724738976
11,-1265.0,382,False,88,23,0.9938141386174725
12,-1125.0,382,False,79,15,0.9932537274525152
13,-1283.0,382,False,104,19,0.9926936387933228
14,-866.0,382,False,58,10,0.9921338724542998
15,-911.0,382,False,62,12,0.991574428249957
16,-1049.0,382,False,85,12,0.9910153059949123
17,-1118.0,382,False,86,14,0.9904565055038898
18,-1178.0,382,False,99,3,0.9898980265917209
19,-1041.0,382,False,89,5,0.9893398690733428
20,-1034.0,382,False,77,13,0.9887820327638001
21,-1085.0,382,False,77,13,0.9882245174782429
22,-1138.0,382,False,90,6,0.9876673230319284
23,-995.0,382,False,69,17,0.9871104492402196
24,-1273.0,382,False,91,22,0.9865538959185862
25,-1139.0,382,False,88,17,0.9859976628826039
26,-1270.0,382,False,91,19,0.9854417499479543
27,-1142.0,382,False,84,19,0.9848861569304254
28,-1143.0,382,False,92,8,0.984330883645911
29,-978.0,382,False,52,22,0.9837759299104112
30,-1125.0,382,False,86,7,0.9832212955400316
31,-1144.0,382,False,78,18,0.9826669803509837
32,-851.0,382,False,42,16,0.9821129841595847
33,-1318.0,382,False,106,13,0.981559306782258
34,-1076.0,382,False,71,15,0.9810059480355319
35,-951.0,382,False,55,17,0.980452907736041
36,-1233.0,382,False,110,8,0.979900185700525
37,-1119.0,382,False,77,15,0.9793477817458288
38,-1132.0,382,False,85,18,0.9787956956889036
39,-1211.0,382,False,91,14,0.9782439273468051
40,-1053.0,382,False,83,2,0.9776924765366944
41,-1040.0,382,False,74,16,0.9771413430758384
42,-1210.0,382,False,88,16,0.9765905267816085
43,-1282.0,382,False,111,15,0.9760400274714816
44,-1192.0,382,False,93,13,0.9754898449630393
45,-1108.0,382,False,72,19,0.9749399790739683
46,-1111.0,382,False,87,6,0.9743904296220607
47,-1400.0,382,False,123,8,0.9738411964252127
48,-1170.0,382,False,79,20,0.9732922793014258
49,-1237.0,382,False,88,20,0.972743678068806
50,-1280.0,382,False,94,19,0.972195392545564
51,-971.0,382,False,64,11,0.9716474225500153
52,-1215.0,382,False,83,22,0.9710997679005798
53,-1311.0,382,False,103,15,0.9705524284157819
54,-1232.0,382,False,90,17,0.9700054039142505
55,-1140.0,382,False,88,15,0.9694586942147188
56,-1293.0,382,False,121,5,0.9689122991360242
57,-1231.0,382,False,96,11,0.9683662184971087
58,-1026.0,382,False,75,14,0.9678204521170182
59,-1187.0,382,False,93,15,0.967274999814903
60,-1080.0,382,False,79,7,0.966729861410017
61,-1103.0,382,False,89,4,0.9661850367217188
62,-997.0,382,False,64,15,0.9656405255694704
63,-1014.0,382,False,72,7,0.9650963277728379
64,-1258.0,382,False,98,12,0.9645524431514911
65,-1046.0,382,False,70,18,0.9640088715252039
66,-1098.0,382,False,85,16,0.9634656127138534
67,-1043.0,382,False,70,19,0.9629226665374211
68,-1073.0,382,False,75,13,0.9623800328159914
69,-1084.0,382,False,82,8,0.9618377113697524
70,-1090.0,382,False,83,9,0.9612957020189961
71,-1059.0,382,False,73,21,0.9607540045841172
72,-1426.0,382,False,116,17,0.9602126188856145
73,-1233.0,382,False,89,18,0.9596715447440896
74,-1134.0,382,False,86,7,0.9591307819802474
75,-884.0,382,False,58,13,0.9585903304148964
76,-1241.0,382,False,92,17,0.9580501898689475
77,-1142.0,382,False,79,18,0.9575103601634155
78,-1137.0,382,False,76,19,0.9569708411194172
79,-1060.0,382,False,79,4,0.9564316325581734
80,-1246.0,382,False,94,16,0.9558927343010073
81,-1258.0,382,False,91,21,0.9553541461693444
82,-1081.0,382,False,82,7,0.9548158679847142
83,-1146.0,382,False,83,14,0.9542778995687474
84,-1064.0,382,False,70,21,0.9537402407431789
85,-1187.0,382,False,96,14,0.9532028913298448
86,-989.0,382,False,59,18,0.9526658511506848
87,-1083.0,382,False,83,8,0.9521291200277405
88,-1224.0,382,False,93,16,0.9515926977831558
89,-1334.0,382,False,108,16,0.9510565842391775
90,-1283.0,382,False,97,17,0.9505207792181544
91,-1181.0,382,False,96,7,0.9499852825425371
92,-571.0,303,True,74,9,0.9494500940348792
93,-1163.0,382,False,77,20,0.9489152135178359
94,-1133.0,382,False,85,16,0.9483806408141646
95,-1164.0,382,False,89,13,0.9478463757467246
96,-1060.0,382,False,67,25,0.9473124181384772
97,-1264.0,382,False,99,14,0.9467787678124857
98,-1263.0,382,False,104,10,0.946245424591915
99,-1192.0,382,False,85,16,0.9457123883000319
100,-1134.0,382,False,82,13,0.9451796587602049
101,-1191.0,382,False,82,20,0.9446472357959041
102,-1052.0,382,False,65,15,0.9441151192307015
103,-1025.0,382,False,61,19,0.94358330888827
104,-1202.0,382,False,107,8,0.9430518045923845
105,-1332.0,382,False,112,11,0.9425206061669211
106,-988.0,382,False,57,16,0.9419897134358574
107,-1142.0,382,False,85,6,0.941459126223272
108,-1210.0,382,False,87,19,0.9409288443533451
109,-1064.0,382,False,76,18,0.9403988676503579
110,-1031.0,382,False,78,11,0.9398691959386926
111,-1197.0,382,False,82,19,0.9393398290428326
112,-1056.0,382,False,72,11,0.9388107667873626
113,-1189.0,382,False,93,17,0.9382820089969679
114,-1003.0,382,False,57,20,0.9377535554964344
115,-1075.0,382,False,75,13,0.9372254061106494
116,-1277.0,382,False,105,12,0.9366975606646009
117,-1133.0,382,False,91,14,0.9361700189833772
118,-1243.0,382,False,82,27,0.9356427808921678
119,-1041.0,382,False,74,16,0.9351158462162623
120,-1128.0,382,False,86,9,0.9345892147810512
121,-1153.0,382,False,92,9,0.9340628864120253
122,-937.0,382,False,71,8,0.933536860934776
123,-976.0,382,False,70,12,0.9330111381749948
124,-964.0,382,False,63,19,0.9324857179584738
125,-1182.0,382,False,85,15,0.931960600111105
126,-979.0,382,False,66,10,0.931435784458881
127,-1343.0,382,False,111,19,0.9309112708278944
128,-1257.0,382,False,117,6,0.9303870590443376
129,-907.0,382,False,50,12,0.9298631489345035
130,-1019.0,382,False,67,13,0.9293395403247845
131,-1131.0,382,False,90,6,0.9288162330416734
132,-1203.0,382,False,90,16,0.9282932269117623
133,-1237.0,382,False,101,8,0.9277705217617435
134,-1113.0,382,False,82,12,0.9272481174184088
135,-1464.0,382,False,122,18,0.9267260137086499
136,-653.0,338,True,75,12,0.9262042104594582
137,-1230.0,382,False,91,15,0.9256827074979239
138,-1045.0,382,False,63,19,0.9251615046512378
139,-903.0,382,False,57,16,0.9246406017466895
140,-1234.0,382,False,102,8,0.9241199986116679
141,-1142.0,382,False,88,17,0.9235996950736616
142,-1219.0,382,False,93,15,0.9230796909602584
143,-1176.0,382,False,86,15,0.922559986099145
144,-1071.0,382,False,68,18,0.9220405803181079
145,-1113.0,382,False,86,8,0.9215214734450319
146,-1254.0,382,False,95,12,0.9210026653079015
147,-1105.0,382,False,83,16,0.9204841557347999
148,-1258.0,382,False,95,18,0.9199659445539092
149,-1080.0,382,False,75,14,0.9194480315935107
150,-1246.0,382,False,101,9,0.9189304166819839
151,-889.0,382,False,63,8,0.9184130996478078
152,-1080.0,382,False,74,15,0.9178960803195598
153,-1010.0,382,False,79,10,0.9173793585259156
154,-1109.0,382,False,87,3,0.9168629340956499
155,-991.0,382,False,69,8,0.9163468068576359
156,-1001.0,382,False,55,19,0.9158309766408452
157,-1179.0,382,False,89,9,0.9153154432743479
158,-1123.0,382,False,89,14,0.9148002065873123
159,-1016.0,382,False,72,6,0.9142852664090052
160,-1149.0,382,False,85,12,0.9137706225687916
161,-1005.0,382,False,67,9,0.9132562748961345
162,-1002.0,382,False,69,15,0.9127422232205954
163,-1025.0,382,False,62,25,0.9122284673718336
164,-1028.0,382,False,84,7,0.9117150071796066
165,-1088.0,382,False,89,2,0.9112018424737697
166,-1096.0,382,False,79,13,0.9106889730842762
167,-1063.0,382,False,60,25,0.9101763988411773
168,-1253.0,382,False,112,2,0.909664119574622
169,-973.0,382,False,69,12,0.9091521351148572
170,-1186.0,382,False,82,19,0.9086404452922268
171,-1147.0,382,False,82,17,0.9081290499371734
172,-1155.0,382,False,87,12,0.9076179488802361
173,-1168.0,382,False,81,17,0.9071071419520524
174,-1227.0,382,False,100,9,0.9065966289833569
175,-993.0,382,False,75,11,0.9060864098049815
176,-1445.0,382,False,134,4,0.9055764842478554
177,-1207.0,382,False,91,14,0.9050668521430055
178,-1088.0,382,False,88,10,0.9045575133215559
179,-1270.0,382,False,94,21,0.9040484676147271
180,-1136.0,382,False,76,17,0.9035397148538378
181,-1305.0,382,False,116,3,0.903031254870303
182,-1101.0,382,False,70,21,0.9025230874956353
183,-1062.0,382,False,74,13,0.9020152125614438
184,-1132.0,382,False,86,11,0.9015076298994346
185,-923.0,382,False,50,18,0.9010003393414107
186,-1048.0,382,False,69,16,0.9004933407192721
187,-1078.0,382,False,76,12,0.8999866338650153
188,-1121.0,382,False,89,6,0.8994802186107336
189,-988.0,382,False,48,24,0.8989740947886166
190,-1207.0,382,False,100,5,0.898468262230951
191,-1219.0,382,False,105,10,0.8979627207701196
192,-1055.0,382,False,71,10,0.897457470238602
193,-1106.0,382,False,67,22,0.8969525104689738
194,-1142.0,382,False,89,8,0.8964478412939072
195,-1240.0,382,False,108,4,0.895943462546171
196,-1100.0,382,False,75,16,0.8954393740586293
197,-1084.0,382,False,71,16,0.8949355756642435
198,-1114.0,382,False,92,10,0.8944320671960704
199,-1154.0,382,False,84,13,0.8939288484872631
200,-978.0,382,False,57,24,0.8934259193710706
201,-870.0,382,False,55,11,0.8929232796808382
202,-1290.0,382,False,93,22,0.8924209292500067
203,-1052.0,382,False,72,18,0.891918867912113
204,-1060.0,382,False,87,9,0.8914170955007894
205,-1134.0,382,False,93,10,0.8909156118497649
206,-1220.0,382,False,98,9,0.8904144167928629
207,-1102.0,382,False,78,17,0.8899135101640034
208,-1057.0,382,False,75,12,0.8894128917972017
209,-1103.0,382,False,88,5,0.8889125615265684
210,-977.0,382,False,72,13,0.8884125191863098
211,-1211.0,382,False,94,11,0.8879127646107277
212,-1274.0,382,False,110,5,0.8874132976342187
213,-956.0,382,False,61,16,0.8869141180912756
214,-1215.0,382,False,75,29,0.8864152258164856
215,-1048.0,382,False,72,19,0.8859166206445317
216,-950.0,382,False,59,12,0.8854183024101915
217,-1121.0,382,False,89,4,0.8849202709483383
218,-1007.0,382,False,72,15,0.8844225260939397
219,-1078.0,382,False,81,8,0.8839250676820589
220,-1216.0,382,False,102,7,0.8834278955478538
221,-1374.0,382,False,120,7,0.8829310095265771
222,-1167.0,382,False,82,23,0.8824344094535764
223,-1296.0,382,False,112,15,0.8819380951642939
224,-1018.0,382,False,80,7,0.8814420664942667
225,-1269.0,382,False,120,3,0.8809463232791264
226,-1008.0,382,False,66,13,0.8804508653545993
227,-1116.0,382,False,95,7,0.8799556925565061
228,-1000.0,382,False,60,18,0.879460804720762
229,-911.0,382,False,63,12,0.8789662016833769
230,-1051.0,382,False,71,13,0.8784718832804549
231,-954.0,382,False,60,13,0.8779778493481941
232,-1109.0,382,False,86,12,0.8774840997228873
233,-1170.0,382,False,78,22,0.8769906342409215
234,-1051.0,382,False,91,5,0.8764974527387773
235,-1039.0,382,False,78,7,0.8760045550530302
236,-882.0,382,False,48,14,0.8755119410203493
237,-1211.0,382,False,91,13,0.8750196104774978
238,-1075.0,382,False,75,12,0.8745275632613325
239,-947.0,382,False,77,4,0.8740357992088047
240,-1112.0,382,False,80,14,0.8735443181569591
241,-1034.0,382,False,79,5,0.8730531199429341
242,-1031.0,382,False,67,19,0.8725622044039625
243,-1062.0,382,False,76,16,0.8720715713773698
244,-1336.0,382,False,101,19,0.8715812207005758
245,-946.0,382,False,72,8,0.8710911522110937
246,-932.0,382,False,58,18,0.8706013657465301
247,-988.0,382,False,65,16,0.8701118611445852
248,-943.0,382,False,65,13,0.8696226382430523
249,-956.0,382,False,59,14,0.8691336968798187
250,-969.0,382,False,67,6,0.8686450368928641
251,-946.0,382,False,63,12,0.8681566581202622
252,-1211.0,382,False,83,22,0.8676685604001795
253,-1212.0,382,False,95,12,0.8671807435708756
254,-1030.0,382,False,72,11,0.8666932074707036
255,-983.0,382,False,70,12,0.8662059519381091
256,-936.0,382,False,58,11,0.8657189768116309
257,-1017.0,382,False,62,18,0.8652322819299009
258,-1008.0,382,False,61,16,0.8647458671316434
259,-1011.0,382,False,73,8,0.8642597322556759
260,-888.0,382,False,57,14,0.8637738771409086
261,-1103.0,382,False,90,9,0.8632883016263444
262,-1204.0,382,False,90,16,0.8628030055510787
263,-1199.0,382,False,87,16,0.8623179887542997
264,-891.0,382,False,56,15,0.8618332510752879
265,-1225.0,382,False,102,7,0.8613487923534164
266,-1116.0,382,False,82,18,0.8608646124281509
267,-1271.0,382,False,107,8,0.8603807111390495
268,-1229.0,382,False,95,14,0.8598970883257623
269,-1139.0,382,False,85,8,0.8594137438280318
270,-875.0,382,False,52,17,0.8589306774856927
271,-1019.0,382,False,87,2,0.8584478891386724
272,-1145.0,382,False,92,13,0.8579653786269896
273,-998.0,382,False,63,22,0.8574831457907557
274,-1010.0,382,False,58,27,0.8570011904701735
275,-1021.0,382,False,71,9,0.8565195125055386
276,-1248.0,382,False,95,22,0.8560381117372377
277,-1110.0,382,False,80,12,0.8555569880057498
278,-1188.0,382,False,96,15,0.8550761411516453
279,-1184.0,382,False,81,20,0.854595571015587
280,-1041.0,382,False,76,10,0.854115277438329
281,-959.0,382,False,56,22,0.8536352602607169
282,-1016.0,382,False,57,30,0.853155519323688
283,-1386.0,382,False,117,19,0.8526760544682715
284,-1044.0,382,False,78,12,0.8521968655355876
285,-1101.0,382,False,70,20,0.8517179523668481
286,-1092.0,382,False,88,11,0.8512393148033561
287,-1179.0,382,False,86,14,0.8507609526865064
288,-1179.0,382,False,95,7,0.8502828658577846
289,-1008.0,382,False,61,18,0.8498050541587677
290,-1292.0,382,False,105,10,0.8493275174311239
291,-1097.0,382,False,78,19,0.8488502555166126
292,-958.0,382,False,62,14,0.8483732682570841
293,-1089.0,382,False,76,15,0.8478965554944798
294,-1161.0,382,False,94,4,0.847420117070832
295,-1087.0,382,False,76,11,0.8469439528282641
296,-1256.0,382,False,99,13,0.8464680626089899
297,-582.0,342,True,61,17,0.8459924462553146
298,-1137.0,382,False,91,14,0.8455171036096336
299,-1126.0,382,False,88,15,0.8450420345144335
300,-1027.0,382,False,54,27,0.8445672388122912
301,-1032.0,382,False,85,6,0.8440927163458742
302,-1199.0,382,False,103,9,0.8436184669579408
303,-1045.0,382,False,53,27,0.8431444904913395
304,-1197.0,382,False,96,9,0.8426707867890095
305,-1136.0,382,False,73,20,0.8421973556939801
306,-1092.0,382,False,80,11,0.8417241970493711
307,-998.0,382,False,79,8,0.8412513106983927
308,-1090.0,382,False,69,19,0.840778696484345
309,-1157.0,382,False,64,31,0.8403063542506185
310,-1094.0,382,False,87,10,0.8398342838406939
311,-1091.0,382,False,86,12,0.8393624850981418
312,-1243.0,382,False,101,14,0.838890957866623
313,-1002.0,382,False,63,18,0.8384197019898881
314,-1049.0,382,False,76,16,0.8379487173117776
315,-1161.0,382,False,83,17,0.837478003676222
316,-969.0,382,False,73,9,0.8370075609272417
317,-1014.0,382,False,70,18,0.8365373889089465
318,-1224.0,382,False,107,8,0.8360674874655362
319,-957.0,382,False,69,13,0.8355978564413001
320,-1065.0,382,False,80,13,0.8351284956806175
321,-1098.0,382,False,73,15,0.8346594050279569
322,-942.0,382,False,73,5,0.8341905843278762
323,-1002.0,382,False,72,7,0.8337220334250228
324,-1062.0,382,False,69,25,0.8332537521641341
325,-1144.0,382,False,83,16,0.832785740390036
326,-1024.0,382,False,87,5,0.8323179979476439
327,-1039.0,382,False,75,14,0.8318505246819632
328,-1008.0,382,False,72,10,0.8313833204380875
329,-568.0,352,True,63,12,0.8309163850612001
330,-979.0,382,False,77,9,0.8304497183965731
331,-1156.0,382,False,96,11,0.8299833202895681
332,-1099.0,382,False,81,17,0.8295171905856351
333,-887.0,382,False,49,19,0.8290513291303135
334,-1056.0,382,False,88,7,0.8285857357692314
335,-1086.0,382,False,79,6,0.8281204103481058
336,-921.0,382,False,57,17,0.8276553527127423
337,-890.0,382,False,53,11,0.8271905627090355
338,-1000.0,382,False,62,17,0.8267260401829685
339,-1101.0,382,False,89,11,0.8262617849806131
340,-1175.0,382,False,95,15,0.8257977969481298
341,-1013.0,382,False,70,17,0.8253340759317673
342,-848.0,382,False,49,19,0.8248706217778633
343,-1174.0,382,False,107,4,0.8244074343328435
344,-1085.0,382,False,92,5,0.823944513443222
345,-1089.0,382,False,91,8,0.8234818589556013
346,-1114.0,382,False,83,11,0.8230194707166724
347,-941.0,382,False,56,15,0.8225573485732142
348,-1159.0,382,False,77,27,0.822095492372094
349,-1035.0,382,False,84,7,0.8216339019602672
350,-966.0,382,False,66,15,0.821172577184777
351,-960.0,382,False,71,9,0.8207115178927551
352,-967.0,382,False,58,12,0.8202507239314206
353,-1030.0,382,False,66,14,0.819790195148081
354,-1062.0,382,False,81,13,0.8193299313901315
355,-940.0,382,False,62,15,0.8188699325050552
356,-974.0,382,False,73,3,0.8184101983404228
357,-946.0,382,False,62,10,0.8179507287438927
358,-1037.0,382,False,87,5,0.8174915235632114
359,-1142.0,382,False,91,6,0.8170325826462125
360,-1116.0,382,False,90,10,0.8165739058408173
361,-973.0,382,False,68,14,0.8161154929950348
362,-998.0,382,False,59,16,0.8156573439569613
363,-983.0,382,False,65,18,0.8151994585747807
364,-1166.0,382,False,98,2,0.8147418366967639
365,-1050.0,382,False,85,9,0.8142844781712697
366,-961.0,382,False,62,11,0.8138273828467435
367,-1229.0,382,False,105,13,0.8133705505717185
368,-1025.0,382,False,73,16,0.8129139811948147
369,-1136.0,382,False,91,14,0.8124576745647392
370,-1006.0,382,False,76,11,0.8120016305302865
371,-1018.0,382,False,79,11,0.8115458489403378
372,-1019.0,382,False,71,7,0.8110903296438615
373,-836.0,382,False,54,12,0.8106350724899125
374,-926.0,382,False,66,9,0.8101800773276332
375,-956.0,382,False,70,9,0.8097253440062522
376,-1102.0,382,False,84,8,0.8092708723750853
377,-991.0,382,False,63,21,0.8088166622835348
378,-1065.0,382,False,84,11,0.8083627135810898
379,-980.0,382,False,75,1,0.8079090261173257
380,-1051.0,382,False,78,16,0.807455599741905
381,-937.0,382,False,69,10,0.8070024343045762
382,-1015.0,382,False,69,11,0.8065495296551746
383,-866.0,382,False,60,10,0.8060968856436217
384,-985.0,382,False,72,12,0.8056445021199256
385,-780.0,382,False,44,13,0.8051923789341805
386,-1057.0,382,False,81,6,0.8047405159365669
387,-1044.0,382,False,83,8,0.8042889129773517
388,-1008.0,382,False,71,7,0.8038375699068878
389,-1025.0,382,False,70,11,0.8033864865756143
390,-857.0,382,False,53,10,0.8029356628340562
391,-1238.0,382,False,87,26,0.8024850985328249
392,-1002.0,382,False,72,12,0.8020347935226171
393,-1105.0,382,False,85,16,0.8015847476542162
394,-1006.0,382,False,66,13,0.801134960778491
395,-1029.0,382,False,58,23,0.8006854327463963
396,-1031.0,382,False,73,17,0.8002361634089724
397,-917.0,382,False,65,9,0.7997871526173457
398,-835.0,382,False,48,6,0.7993384002227282
399,-1034.0,382,False,83,9,0.7988899060764171
400,-1043.0,382,False,80,11,0.7984416700297958
401,-1065.0,382,False,73,12,0.797993691934333
402,-1183.0,382,False,102,11,0.7975459716415825
403,-1005.0,382,False,65,15,0.797098509003184
404,-1117.0,382,False,95,9,0.7966513038708624
405,-882.0,382,False,47,22,0.7962043560964278
406,-1053.0,382,False,63,29,0.7957576655317761
407,-944.0,382,False,63,14,0.7953112320288876
408,-1186.0,382,False,95,9,0.7948650554398287
409,-1014.0,382,False,77,13,0.79441913561675
410,-858.0,382,False,54,11,0.793973472411888
411,-1099.0,382,False,93,7,0.7935280656775637
412,-843.0,382,False,61,6,0.7930829152661834
413,-955.0,382,False,54,18,0.7926380210302381
414,-1129.0,382,False,85,11,0.7921933828223038
415,-1056.0,382,False,73,14,0.7917490004950414
416,-1021.0,382,False,62,24,0.7913048739011966
417,-945.0,382,False,60,18,0.7908610028935998
418,-1044.0,382,False,75,17,0.7904173873251659
419,-1095.0,382,False,82,6,0.7899740270488946
420,-1128.0,382,False,92,12,0.7895309219178704
421,-1055.0,382,False,84,10,0.789088071785262
422,-1117.0,382,False,91,10,0.7886454765043227
423,-987.0,382,False,72,13,0.7882031359283906
424,-173.0,208,True,33,7,0.7877610499108875
425,-1026.0,382,False,66,23,0.7873192183053203
426,-1099.0,382,False,91,11,0.7868776409652797
427,-1031.0,382,False,73,15,0.7864363177444408
428,-960.0,382,False,74,8,0.7859952484965631
429,-997.0,382,False,70,14,0.7855544330754899
430,-952.0,382,False,70,10,0.7851138713351488
431,-920.0,382,False,73,5,0.7846735631295515
432,-1063.0,382,False,77,17,0.7842335083127936
433,-1068.0,382,False,81,7,0.7837937067390549
434,-941.0,382,False,59,15,0.7833541582625987
435,-1123.0,382,False,91,3,0.7829148627377727
436,-1055.0,382,False,76,8,0.782475820019008
437,-785.0,382,False,34,23,0.7820370299608196
438,-1098.0,382,False,74,23,0.7815984924178062
439,-1029.0,382,False,82,3,0.7811602072446503
440,-1096.0,382,False,89,13,0.7807221742961179
441,-973.0,382,False,56,14,0.7802843934270587
442,-953.0,382,False,69,10,0.7798468644924057
443,-992.0,382,False,71,14,0.7794095873471756
444,-926.0,382,False,54,12,0.7789725618464685
445,-1022.0,382,False,80,9,0.7785357878454677
446,-975.0,382,False,66,15,0.7780992651994402
447,-1124.0,382,False,97,8,0.7776629937637359
448,-1027.0,382,False,74,15,0.7772269733937883
449,-1028.0,382,False,60,18,0.7767912039451139
450,-946.0,382,False,53,23,0.7763556852733122
451,-1050.0,382,False,88,6,0.775920417234066
452,-1003.0,382,False,72,15,0.7754853996831415
453,-1141.0,382,False,90,15,0.7750506324763871
454,-990.0,382,False,72,14,0.7746161154697346
455,-1010.0,382,False,58,22,0.7741818485191989
456,-958.0,382,False,75,7,0.7737478314808774
457,-1000.0,382,False,71,13,0.7733140642109506
458,-1096.0,382,False,92,9,0.7728805465656815
459,-948.0,382,False,55,23,0.772447278401416
460,-1070.0,382,False,84,11,0.7720142595745827
461,-1041.0,382,False,58,22,0.7715814899416924
462,-992.0,382,False,75,9,0.7711489693593393
463,-1007.0,382,False,67,11,0.7707166976841993
464,-972.0,382,False,56,16,0.7702846747730312
465,-968.0,382,False,66,15,0.7698529004826763
466,-1087.0,382,False,82,9,0.769421374670058
467,-967.0,382,False,72,10,0.7689900971921821
468,-942.0,382,False,64,14,0.7685590679061369
469,-966.0,382,False,74,10,0.7681282866690928
470,-1022.0,382,False,63,22,0.7676977533383025
471,-1083.0,382,False,80,8,0.7672674677711004
472,-1165.0,382,False,101,10,0.7668374298249039
473,-1007.0,382,False,81,8,0.7664076393572113
474,-929.0,382,False,57,20,0.7659780962256041
475,-759.0,382,False,46,6,0.7655488002877447
476,-1135.0,382,False,90,15,0.7651197514013782
477,-1100.0,382,False,88,12,0.7646909494243311
478,-822.0,382,False,49,13,0.7642623942145119
479,-1055.0,382,False,74,18,0.763834085629911
480,-961.0,382,False,71,11,0.7634060235286001
481,-988.0,382,False,69,8,0.762978207768733
482,-1010.0,382,False,68,13,0.762550638208545
483,-934.0,382,False,53,16,0.7621233147063528
484,-976.0,382,False,66,10,0.7616962371205549
485,-1197.0,382,False,98,17,0.7612694053096312
486,-1051.0,382,False,72,10,0.760842819132143
487,-1012.0,382,False,72,6,0.760416478446733
488,-854.0,382,False,53,12,0.7599903831121253
489,-1063.0,382,False,84,10,0.7595645329871252
490,-1072.0,382,False,81,15,0.7591389279306194
491,-1062.0,382,False,74,18,0.7587135678015756
492,-971.0,382,False,80,5,0.758288452459043
493,-976.0,382,False,60,16,0.7578635817621517
494,-1057.0,382,False,90,6,0.7574389555701126
495,-1139.0,382,False,84,20,0.7570145737422181
496,-873.0,382,False,59,12,0.7565904361378414
497,-1054.0,382,False,86,1,0.7561665426164365
498,-1056.0,382,False,74,11,0.7557428930375384
499,-932.0,382,False,61,17,0.755319487260763
500,-1087.0,382,False,86,12,0.7548963251458067
501,-1154.0,382,False,98,9,0.7544734065524471
502,-893.0,382,False,59,7,0.754050731340542
503,-999.0,382,False,80,7,0.7536282993700304
504,-985.0,382,False,76,9,0.7532061105009313
505,-939.0,382,False,63,10,0.7527841645933446
506,-994.0,382,False,76,9,0.7523624615074507
507,-870.0,382,False,56,12,0.7519410011035105
508,-981.0,382,False,74,8,0.7515197832418652
509,-968.0,382,False,79,4,0.7510988077829364
510,-852.0,382,False,57,9,0.7506780745872259
511,-911.0,382,False,53,19,0.7502575835153161
512,-939.0,382,False,67,11,0.7498373344278694
513,-1049.0,382,False,58,26,0.7494173271856283
514,-1081.0,382,False,91,6,0.7489975616494157
515,-783.0,382,False,45,11,0.7485780376801344
516,-966.0,382,False,59,22,0.7481587551387674
517,-901.0,382,False,66,9,0.7477397138863776
518,-1050.0,382,False,62,28,0.7473209137841077
519,-1085.0,382,False,75,12,0.7469023546931808
520,-1136.0,382,False,99,5,0.7464840364748991
521,-1176.0,382,False,102,10,0.7460659589906455
522,-1138.0,382,False,90,12,0.7456481221018821
523,-953.0,382,False,71,10,0.7452305256701507
524,-1007.0,382,False,81,8,0.7448131695570731
525,-970.0,382,False,53,19,0.7443960536243505
526,-1268.0,382,False,113,9,0.7439791777337638
527,-948.0,382,False,56,14,0.7435625417471732
528,-919.0,382,False,58,18,0.743146145526519
529,-996.0,382,False,66,16,0.7427299889338203
530,-915.0,382,False,62,15,0.7423140718311757
531,-861.0,382,False,36,21,0.7418983940807636
532,-1018.0,382,False,71,18,0.7414829555448414
533,-899.0,382,False,59,11,0.7410677560857457
534,-829.0,382,False,48,7,0.7406527955658925
535,-1064.0,382,False,78,16,0.7402380738477766
536,-1056.0,382,False,80,14,0.7398235907939726
537,-1021.0,382,False,62,23,0.7394093462671338
538,-1261.0,382,False,104,20,0.7389953401299922
539,-1089.0,382,False,100,3,0.7385815722453596
540,-957.0,382,False,70,10,0.738168042476126
541,-1114.0,382,False,82,18,0.7377547506852608
542,-955.0,382,False,70,10,0.7373416967358117
543,-903.0,382,False,54,9,0.7369288804909061
544,-908.0,382,False,53,12,0.7365163018137492
545,-773.0,382,False,38,17,0.7361039605676254
546,-904.0,382,False,68,8,0.7356918566158981
547,-860.0,382,False,59,8,0.7352799898220086
548,-1179.0,382,False,100,11,0.7348683600494773
549,-1001.0,382,False,68,9,0.7344569671619031
550,-197.0,225,True,34,6,0.7340458110229632
551,-1189.0,382,False,103,9,0.7336348914964133
552,-1272.0,382,False,112,9,0.7332242084460876
553,-815.0,382,False,60,4,0.7328137617358986
554,-1123.0,382,False,100,7,0.7324035512298372
555,-1001.0,382,False,73,14,0.7319935767919724
556,-786.0,382,False,49,10,0.7315838382864516
557,-1042.0,382,False,81,11,0.7311743355775004
558,-1043.0,382,False,81,12,0.7307650685294221
559,-1155.0,382,False,96,11,0.7303560370065989
560,-905.0,382,False,55,16,0.7299472408734903
561,-987.0,382,False,67,17,0.7295386799946341
562,-840.0,382,False,62,4,0.7291303542346461
563,-965.0,382,False,65,9,0.7287222634582198
564,-890.0,382,False,64,10,0.7283144075301269
565,-966.0,382,False,50,20,0.7279067863152167
566,-990.0,382,False,67,13,0.7274993996784163
567,-957.0,382,False,62,17,0.7270922474847303
568,-1258.0,382,False,102,10,0.7266853295992417
569,-893.0,382,False,60,13,0.7262786458871102
570,-855.0,382,False,55,9,0.725872196213574
571,-1047.0,382,False,66,13,0.7254659804439482
572,-851.0,382,False,57,7,0.7250599984436255
573,-946.0,382,False,61,16,0.7246542500780765
574,-796.0,382,False,36,20,0.7242487352128487
575,-203.0,200,True,43,2,0.7238434537135672
576,-997.0,382,False,74,11,0.7234384054459345
577,-914.0,382,False,62,14,0.7230335902757303
578,-888.0,382,False,48,14,0.7226290080688116
579,-1028.0,382,False,87,5,0.7222246586911124
580,-1039.0,382,False,69,22,0.721820542008644
581,-860.0,382,False,63,7,0.721416657887495
582,-900.0,382,False,65,8,0.7210130061938307
583,-1202.0,382,False,93,18,0.7206095867938934
584,-951.0,382,False,77,4,0.7202063995540031
585,-918.0,382,False,66,11,0.7198034443405558
586,-1084.0,382,False,75,21,0.7194007210200247
587,-1086.0,382,False,72,14,0.7189982294589603
588,-1048.0,382,False,89,5,0.7185959695239892
589,-979.0,382,False,69,15,0.7181939410818151
590,-1039.0,382,False,74,17,0.7177921439992185
591,-838.0,382,False,50,5,0.7173905781430564
592,-442.0,351,True,48,10,0.7169892433802625
593,-1092.0,382,False,84,13,0.716588139577847
594,-973.0,382,False,67,14,0.7161872666028966
595,-1056.0,382,False,77,17,0.7157866243225748
596,-947.0,382,False,67,13,0.715386212604121
597,-925.0,382,False,66,11,0.7149860313148516
598,-1040.0,382,False,78,12,0.714586080322159
599,-812.0,382,False,51,11,0.7141863594935118
600,-985.0,382,False,57,24,0.7137868686964551
601,-960.0,382,False,65,17,0.7133876077986104
602,-1037.0,382,False,76,14,0.7129885766676751
603,-1106.0,382,False,96,9,0.7125897751714225
604,-1076.0,382,False,89,8,0.7121912031777028
605,-1077.0,382,False,77,16,0.7117928605544412
606,-884.0,382,False,58,13,0.7113947471696398
607,-833.0,382,False,54,9,0.7109968628913762
608,-908.0,382,False,64,11,0.7105992075878039
609,-970.0,382,False,77,6,0.7102017811271528
610,-878.0,382,False,48,14,0.7098045833777278
611,-1073.0,382,False,85,13,0.7094076142079102
612,-1082.0,382,False,89,7,0.7090108734861568
613,-869.0,382,False,58,13,0.7086143610810003
614,-1024.0,382,False,69,13,0.7082180768610488
615,-898.0,382,False,64,12,0.7078220206949862
616,-1104.0,382,False,82,16,0.7074261924515718
617,-875.0,382,False,66,3,0.7070305919996408
618,-1073.0,382,False,80,8,0.7066352192081033
619,-930.0,382,False,70,8,0.7062400739459452
620,-972.0,382,False,70,11,0.705845156082228
621,-1023.0,382,False,78,11,0.7054504654860881
622,-1120.0,382,False,95,8,0.7050560020267376
623,-972.0,382,False,80,5,0.7046617655734633
624,-929.0,382,False,62,14,0.7042677559956281
625,-807.0,382,False,48,11,0.7038739731626691
626,-1153.0,382,False,86,15,0.7034804169440992
627,-1020.0,382,False,69,20,0.7030870872095064
628,-833.0,382,False,51,13,0.7026939838285533
629,-817.0,382,False,49,11,0.702301106670978
630,-1065.0,382,False,82,13,0.7019084556065931
631,-950.0,382,False,65,14,0.7015160305052867
632,-850.0,382,False,63,5,0.7011238312370208
633,-1009.0,382,False,73,15,0.7007318576718335
634,-974.0,382,False,73,12,0.7003401096798367
635,-966.0,382,False,74,9,0.6999485871312177
636,-1343.0,382,False,117,15,0.6995572898962378
637,-476.0,354,True,55,7,0.6991662178452336
638,-924.0,382,False,71,5,0.6987753708486161
639,-1195.0,382,False,84,18,0.6983847487768707
640,-1188.0,382,False,102,12,0.6979943515005578
641,-1157.0,382,False,88,19,0.6976041788903118
642,-1171.0,382,False,87,21,0.6972142308168415
643,-994.0,382,False,80,7,0.6968245071509308
644,-1110.0,382,False,89,12,0.6964350077634371
645,-916.0,382,False,72,5,0.6960457325252929
646,-1023.0,382,False,70,18,0.6956566813075041
647,-1071.0,382,False,86,10,0.6952678539811518
648,-848.0,382,False,57,8,0.6948792504173906
649,-945.0,382,False,79,1,0.6944908704874494
650,-962.0,382,False,66,15,0.6941027140626315
651,-830.0,382,False,54,8,0.6937147810143138
652,-977.0,382,False,80,5,0.6933270712139475
653,-933.0,382,False,66,13,0.6929395845330578
654,-1151.0,382,False,97,9,0.6925523208432438
655,-1067.0,382,False,86,9,0.6921652800161784
656,-951.0,382,False,57,12,0.6917784619236084
657,-591.0,308,True,71,12,0.6913918664373544
658,-1062.0,382,False,89,5,0.6910054934293107
659,-902.0,382,False,56,15,0.6906193427714455
660,-1148.0,382,False,100,8,0.6902334143358008
661,-892.0,382,False,46,15,0.6898477079944917
662,-1021.0,382,False,77,12,0.6894622236197072
663,-1007.0,382,False,70,16,0.6890769610837101
664,-1049.0,382,False,88,6,0.6886919202588362
665,-1030.0,382,False,69,14,0.6883071010174954
666,-865.0,382,False,60,7,0.6879225032321703
667,-1025.0,382,False,83,8,0.6875381267754176
668,-967.0,382,False,74,9,0.6871539715198667
669,-893.0,382,False,69,7,0.6867700373382207
670,-964.0,382,False,77,5,0.686386324103256
671,-938.0,382,False,62,15,0.6860028316878217
672,-1088.0,382,False,79,11,0.6856195599648408
673,-449.0,229,True,64,9,0.685236508807309
674,-940.0,382,False,69,11,0.6848536780882951
675,-931.0,382,False,66,11,0.684471067680941
676,-1016.0,382,False,75,14,0.6840886774584616
677,-1027.0,382,False,80,12,0.6837065072941447
678,-1066.0,382,False,75,8,0.6833245570613513
679,-959.0,382,False,77,5,0.6829428266335149
680,-512.0,295,True,68,7,0.6825613158841422
681,-831.0,382,False,53,11,0.6821800246868122
682,-977.0,382,False,79,7,0.6817989529151772
683,-913.0,382,False,57,17,0.6814181004429618
684,-967.0,382,False,60,22,0.6810374671439635
685,-972.0,382,False,73,10,0.6806570528920525
686,-1065.0,382,False,89,8,0.6802768575611713
687,-990.0,382,False,64,13,0.679896881025335
688,-293.0,257,True,44,5,0.6795171231586314
689,-1062.0,382,False,89,7,0.6791375838352207
690,-1038.0,382,False,70,18,0.6787582629293354
691,-913.0,382,False,68,5,0.6783791603152806
692,-998.0,382,False,83,6,0.6780002758674333
693,-940.0,382,False,70,8,0.6776216094602433
694,-1128.0,382,False,92,11,0.6772431609682324
695,-905.0,382,False,54,16,0.6768649302659945
696,-1010.0,382,False,78,9,0.676486917228196
697,-854.0,382,False,56,9,0.676109121729575
698,-943.0,382,False,75,6,0.6757315436449421
699,-684.0,354,True,77,13,0.6753541828491797
700,-1002.0,382,False,74,11,0.6749770392172424
701,-1002.0,382,False,74,13,0.6746001126241564
702,-719.0,382,False,47,4,0.6742234029450201
703,-1080.0,382,False,92,8,0.6738469100550039
704,-976.0,382,False,70,13,0.6734706338293497
705,-968.0,382,False,68,13,0.6730945741433715
706,-915.0,382,False,77,1,0.6727187308724546
707,-776.0,382,False,50,8,0.6723431038920568
708,-880.0,382,False,59,12,0.6719676930777067
709,-1117.0,382,False,88,15,0.6715924983050049
710,-722.0,342,True,79,18,0.6712175194496239
711,-757.0,382,False,49,6,0.6708427563873075
712,-1073.0,382,False,87,8,0.6704682089938706
713,-850.0,382,False,57,9,0.6700938771452004
714,-1058.0,382,False,75,17,0.6697197607172547
715,-958.0,382,False,76,8,0.6693458595860632
716,-1038.0,382,False,76,16,0.6689721736277268
717,-877.0,382,False,61,9,0.6685987027184175
718,-956.0,382,False,68,7,0.668225446734379
719,-1016.0,382,False,80,9,0.667852405551926
720,-933.0,382,False,72,7,0.667479579047444
721,-842.0,382,False,59,7,0.6671069670973905
722,-809.0,382,False,47,11,0.6667345695782931
723,-1019.0,382,False,74,15,0.6663623863667513
724,-106.0,143,True,36,2,0.665990417339435
725,-303.0,250,True,43,9,0.6656186623730853
726,-1052.0,382,False,85,9,0.6652471213445147
727,-657.0,382,False,33,8,0.6648757941306056
728,-493.0,339,True,62,4,0.6645046806083121
729,-1173.0,382,False,92,17,0.6641337806546588
730,-387.0,303,True,44,11,0.6637630941467411
731,-735.0,382,False,40,11,0.6633926209617249
732,-971.0,382,False,64,16,0.6630223609768474
733,-1017.0,382,False,79,10,0.6626523140694156
734,-1013.0,382,False,89,3,0.6622824801168079
735,-958.0,382,False,72,8,0.6619128589964728
736,-1141.0,382,False,99,10,0.6615434505859296
737,-800.0,382,False,49,12,0.6611742547627676
738,-781.0,382,False,56,2,0.6608052714046472
739,-722.0,382,False,44,6,0.6604365003892987
740,-976.0,382,False,79,5,0.660067941594523
741,-892.0,382,False,69,4,0.6596995948981912
742,-750.0,382,False,42,10,0.6593314601782451
743,-1026.0,382,False,78,11,0.658963537312696
744,-1042.0,382,False,80,13,0.6585958261796259
745,-969.0,382,False,74,9,0.6582283266571869
746,-887.0,382,False,60,10,0.6578610386236012
747,-789.0,382,False,48,10,0.6574939619571611
748,-850.0,382,False,56,11,0.6571270965362288
749,-966.0,382,False,62,21,0.6567604422392368
750,-952.0,382,False,75,6,0.6563939989446871
751,-974.0,382,False,78,6,0.6560277665311521
752,-940.0,382,False,67,12,0.6556617448772737
753,-819.0,382,False,52,10,0.6552959338617639
754,-859.0,382,False,63,6,0.6549303333634043
755,-924.0,382,False,68,9,0.6545649432610464
756,-1022.0,382,False,73,16,0.6541997634336115
757,-1120.0,382,False,97,6,0.6538347937600903
758,-926.0,382,False,58,7,0.6534700341195434
759,-1060.0,382,False,82,13,0.6531054843911009
760,-774.0,382,False,50,8,0.6527411444539625
761,-894.0,382,False,65,8,0.6523770141873971
762,-796.0,382,False,52,7,0.6520130934707435
763,-885.0,382,False,54,18,0.6516493821834101
764,-1139.0,382,False,103,5,0.6512858802048738
765,-999.0,382,False,84,5,0.6509225874146818
766,-451.0,351,True,54,4,0.6505595036924502
767,-1081.0,382,False,73,22,0.6501966289178644
768,-1017.0,382,False,83,6,0.6498339629706793
769,-176.0,199,True,36,6,0.6494715057307184
770,-844.0,382,False,42,13,0.6491092570778751
771,-1020.0,382,False,87,6,0.6487472168921113
772,-420.0,242,True,61,7,0.6483853850534584
773,-926.0,382,False,76,3,0.6480237614420166
774,-358.0,321,True,48,3,0.6476623459379551
775,-492.0,289,True,64,9,0.6473011384215123
776,-913.0,382,False,66,10,0.6469401387729953
777,-1008.0,382,False,70,16,0.64657934687278
778,-859.0,382,False,59,9,0.6462187626013114
779,-908.0,382,False,69,7,0.6458583858391032
780,-1039.0,382,False,78,14,0.6454982164667378
781,-1076.0,382,False,87,11,0.6451382543648663
782,-956.0,382,False,61,15,0.6447784994142086
783,-1079.0,382,False,88,9,0.6444189514955534
784,-965.0,382,False,75,8,0.6440596104897575
785,-630.0,342,True,79,6,0.6437004762777466
786,-877.0,382,False,62,8,0.6433415487405151
787,-760.0,382,False,49,6,0.6429828277591255
788,-359.0,286,True,49,5,0.6426243132147088
789,-938.0,382,False,77,5,0.6422660049884648
790,-979.0,382,False,72,11,0.6419079029616612
791,-883.0,382,False,72,1,0.6415500070156342
792,-997.0,382,False,76,9,0.6411923170317884
793,-946.0,382,False,70,11,0.6408348328915966
794,-865.0,382,False,60,9,0.6404775544765997
795,-994.0,382,False,57,24,0.6401204816684067
796,-404.0,284,True,53,8,0.6397636143486951
797,-456.0,311,True,64,1,0.6394069523992102
798,-917.0,382,False,68,7,0.6390504957017652
799,-400.0,304,True,47,11,0.6386942441382418
800,-1133.0,382,False,101,4,0.6383381975905894
801,-856.0,382,False,67,3,0.6379823559408252
802,-696.0,362,True,81,11,0.6376267190710345
803,-477.0,358,True,53,8,0.6372712868633703
804,-660.0,338,True,85,6,0.6369160592000537
805,-334.0,272,True,53,2,0.6365610359633731
806,-469.0,345,True,50,13,0.6362062170356853
807,-1038.0,382,False,90,5,0.6358516022994142
808,-1030.0,382,False,88,5,0.6354971916370517
809,-989.0,382,False,80,7,0.6351429849311571
810,-117.0,210,True,25,6,0.6347889820643574
811,-478.0,366,True,55,6,0.6344351829193472
812,-365.0,276,True,49,7,0.6340815873788886
813,-401.0,303,True,50,9,0.6337281953258114
814,-313.0,276,True,41,8,0.6333750066430119
815,-619.0,344,True,77,7,0.633022021213455
816,-857.0,382,False,59,8,0.6326692389201721
817,-793.0,382,False,49,12,0.6323166596462624
818,-963.0,382,False,63,10,0.6319642832748921
819,-500.0,307,True,68,5,0.6316121096892946
820,-879.0,382,False,49,18,0.6312601387727709
821,-501.0,319,True,66,6,0.6309083704086886
822,-970.0,382,False,64,6,0.6305568044804829
823,-647.0,376,True,69,14,0.6302054408716558
824,-816.0,382,False,60,3,0.6298542794657763
825,-1071.0,382,False,89,9,0.6295033201464807
826,-430.0,342,True,47,10,0.629152562797472
827,-1017.0,382,False,84,6,0.6288020073025202
828,-414.0,304,True,55,5,0.6284516535454623
829,-498.0,342,True,57,10,0.6281015014102019
830,-888.0,382,False,61,11,0.6277515507807098
831,-381.0,325,True,50,3,0.6274018015410231
832,-835.0,382,False,43,22,0.6270522535752459
833,-360.0,265,True,56,2,0.626702906767549
834,-443.0,346,True,45,13,0.6263537610021699
835,-944.0,382,False,72,10,0.6260048161634125
836,-871.0,382,False,54,14,0.6256560721356476
837,-1033.0,382,False,76,16,0.6253075288033122
838,-437.0,296,True,59,6,0.62495918605091
839,-631.0,345,True,80,6,0.6246110437630114
840,-891.0,382,False,65,7,0.6242631018242526
841,-428.0,267,True,50,15,0.6239153601193367
842,-871.0,382,False,65,6,0.6235678185330329
843,-854.0,382,False,42,22,0.623220476950177
844,-1195.0,382,False,114,1,0.6228733352556709
845,-832.0,382,False,59,5,0.6225263933344825
846,-920.0,382,False,71,6,0.6221796510716463
847,-931.0,382,False,62,16,0.6218331083522627
848,-1203.0,382,False,108,6,0.6214867650614982
849,-960.0,382,False,75,7,0.621140621084586
850,-270.0,277,True,36,7,0.6207946763068244
851,-393.0,258,True,57,6,0.6204489306135781
852,-1127.0,382,False,101,4,0.6201033838902781
853,-377.0,258,True,43,16,0.6197580360224209
854,-970.0,382,False,62,21,0.6194128868955688
855,-1026.0,382,False,77,11,0.6190679363953507
856,-871.0,382,False,66,3,0.6187231844074605
857,-1013.0,382,False,80,9,0.6183786308176585
858,-153.0,221,True,30,5,0.61803427551177
859,-339.0,207,True,56,6,0.6176901183756868
860,-897.0,382,False,65,9,0.6173461592953658
861,-218.0,261,True,36,2,0.6170023981568299
862,-164.0,211,True,38,0,0.6166588348461675
863,-273.0,329,True,30,9,0.6163154692495322
864,-793.0,382,False,51,6,0.6159723012531435
865,-343.0,306,True,41,9,0.6156293307432866
866,-480.0,320,True,59,8,0.6152865576063116
867,-372.0,298,True,53,2,0.6149439817286341
868,-972.0,382,False,81,3,0.6146016029967353
869,-378.0,331,True,44,8,0.6142594212971617
870,-429.0,293,True,62,4,0.6139174365165251
871,-936.0,382,False,75,5,0.6135756485415021
872,-296.0,243,True,46,6,0.6132340572588354
873,-558.0,331,True,66,10,0.6128926625553319
874,-600.0,378,True,67,9,0.6125514643178643
875,-376.0,298,True,51,5,0.6122104624333702
876,-204.0,255,True,34,3,0.6118696567888522
877,-884.0,382,False,67,3,0.6115290472713781
878,-245.0,213,True,42,6,0.6111886337680805
879,-516.0,351,True,66,2,0.6108484161661573
880,-316.0,259,True,44,8,0.6105083943528706
881,-489.0,345,True,58,8,0.6101685682155482
882,-489.0,306,True,65,5,0.6098289376415822
883,-962.0,382,False,75,8,0.6094895025184296
884,-405.0,313,True,50,7,0.6091502627336125
885,-291.0,259,True,42,6,0.6088112181747174
886,-645.0,334,True,83,6,0.6084723687293953
887,-518.0,348,True,65,4,0.6081337142853624
888,-200.0,224,True,39,2,0.6077952547303992
889,-495.0,333,True,62,6,0.6074569899523509
890,-73.0,206,True,19,6,0.6071189198391269
891,-484.0,381,True,52,8,0.6067810442787015
892,-254.0,249,True,40,5,0.6064433631591133
893,-411.0,304,True,59,1,0.6061058763684655
894,-924.0,382,False,60,16,0.6057685837949255
895,-909.0,382,False,62,14,0.6054314853267249
896,-840.0,382,False,55,10,0.6050945808521602
897,-396.0,310,True,51,6,0.6047578702595915
898,-980.0,382,False,80,7,0.6044213534374437
899,-397.0,338,True,45,9,0.6040850302742057
900,-101.0,164,True,27,7,0.6037489006584302
901,-431.0,311,True,58,3,0.6034129644787348
902,-981.0,382,False,73,11,0.6030772216238006
903,-977.0,382,False,79,6,0.602741671982373
904,-1103.0,382,False,98,3,0.6024063154432613
905,-197.0,183,True,44,3,0.6020711518953388
906,-250.0,211,True,44,5,0.601736181227543
907,-315.0,257,True,48,4,0.6014014033288749
908,-1000.0,382,False,81,6,0.6010668180883999
909,-353.0,222,True,53,8,0.6007324253952466
910,-496.0,379,True,62,0,0.6003982251386081
911,-935.0,382,False,77,3,0.6000642172077406
912,-600.0,365,True,68,10,0.5997304014919645
913,-450.0,345,True,46,12,0.5993967778806638
914,-261.0,249,True,38,8,0.599063346263286
915,-766.0,382,False,49,7,0.5987301065293422
916,-965.0,382,False,76,7,0.5983970585684075
917,-1043.0,382,False,73,20,0.59806420227012
918,-199.0,245,True,36,3,0.5977315375241816
919,-926.0,382,False,65,13,0.5973990642203578
920,-194.0,261,True,32,3,0.5970667822484772
921,-1148.0,382,False,101,4,0.5967346914984321
922,-717.0,382,False,44,5,0.5964027918601779
923,-1006.0,382,False,63,23,0.5960710832237336
924,-743.0,331,True,94,9,0.5957395654791812
925,-123.0,179,True,30,5,0.5954082385166662
926,-351.0,299,True,44,8,0.5950771022263974
927,-296.0,276,True,37,11,0.5947461564986464
928,-254.0,234,True,41,6,0.5944154012237483
929,-946.0,382,False,77,5,0.594084836292101
930,-155.0,251,True,28,3,0.5937544615941657
931,-317.0,283,True,42,8,0.5934242770204667
932,-443.0,352,True,51,7,0.5930942824615911
933,-675.0,308,True,89,8,0.5927644778081892
934,-255.0,263,True,44,0,0.5924348629509738
935,-1003.0,382,False,84,7,0.5921054377807211
936,-873.0,382,False,65,6,0.5917762021882699
937,-919.0,382,False,71,4,0.5914471560645218
938,-511.0,298,True,71,3,0.5911182993004411
939,-201.0,216,True,41,2,0.5907896317870553
940,-386.0,282,True,41,17,0.5904611534154539
941,-493.0,320,True,65,4,0.5901328640767899
942,-503.0,343,True,58,9,0.5898047636622783
943,-478.0,305,True,62,7,0.5894768520631968
944,-311.0,242,True,47,6,0.5891491291708859
945,-349.0,280,True,49,5,0.5888215948767485
946,-181.0,243,True,32,4,0.5884942490722499
947,-132.0,180,True,37,1,0.5881670916489182
948,-860.0,382,False,48,21,0.5878401224983435
949,-135.0,213,True,28,6,0.5875133415121786
950,-165.0,229,True,32,4,0.5871867485821383
951,-589.0,311,True,74,9,0.5868603436000002
952,-832.0,382,False,42,12,0.5865341264576037
953,-265.0,275,True,40,3,0.586208097046851
954,-115.0,129,True,38,3,0.5858822552597058
955,-1046.0,382,False,91,3,0.5855566009881946
956,-325.0,262,True,45,8,0.5852311341244057
957,-173.0,197,True,38,2,0.5849058545604896
958,-157.0,209,True,32,5,0.584580762188659
959,-679.0,366,True,83,6,0.5842558569011881
960,-273.0,242,True,43,6,0.5839311385904138
961,-375.0,274,True,55,5,0.5836066071487346
962,-272.0,216,True,47,5,0.5832822624686108
963,-206.0,223,True,38,4,0.5829581044425649
964,-389.0,324,True,45,8,0.582634132963181
965,-381.0,230,True,61,4,0.5823103479231053
966,-562.0,335,True,64,12,0.5819867492150452
967,-154.0,192,True,39,0,0.5816633367317706
968,-249.0,251,True,40,4,0.5813401103661128
969,-146.0,202,True,29,6,0.5810170700109643
970,-203.0,231,True,34,6,0.58069421555928
971,-300.0,209,True,54,3,0.5803715469040758
972,-390.0,314,True,53,2,0.5800490639384297
973,-221.0,211,True,44,2,0.5797267665554808
974,-413.0,307,True,56,4,0.57940465464843
975,-175.0,245,True,28,6,0.5790827281105394
976,-167.0,216,True,33,5,0.5787609868351326
977,-894.0,382,False,70,4,0.5784394307155947
978,-364.0,281,True,52,4,0.5781180596453721
979,-182.0,187,True,38,4,0.5777968735179724
980,-88.0,179,True,30,2,0.5774758722269646
981,-188.0,224,True,29,9,0.5771550556659791
982,-918.0,382,False,62,16,0.5768344237287074
983,-407.0,262,True,55,10,0.5765139763089017
984,-281.0,271,True,32,14,0.5761937133003762
985,-928.0,382,False,74,4,0.5758736345970056
986,-39.0,180,True,21,4,0.575553740092726
987,-156.0,210,True,33,4,0.5752340296815343
988,-228.0,199,True,44,4,0.5749145032574883
989,-1128.0,382,False,102,6,0.5745951607147072
990,-214.0,224,True,43,0,0.5742760019473709
991,-82.0,174,True,31,0,0.57395702684972
992,-396.0,315,True,46,9,0.5736382353160565
993,-396.0,294,True,49,9,0.5733196272407426
994,-1336.0,382,False,118,13,0.5730012025182016
995,-59.0,139,True,28,4,0.5726829610429176
996,-72.0,166,True,27,3,0.5723649027094354
997,-196.0,263,True,32,4,0.5720470274123604
998,-91.0,199,True,24,5,0.5717293350463586
999,-427.0,312,True,51,10,0.5714118255061567
1000,-71.0,213,True,24,1,0.571094498686542
1001,-127.0,207,True,30,3,0.5707773544823628
1002,-468.0,331,True,62,3,0.5704603927885268
1003,-112.0,172,True,29,6,0.5701436135000032
1004,-345.0,266,True,51,4,0.5698270165118211
1005,-221.0,211,True,44,1,0.5695106017190704
1006,-215.0,206,True,39,6,0.5691943690169009
1007,-502.0,281,True,66,8,0.5688783183005233
1008,-100.0,233,True,20,6,0.5685624494652081
1009,-319.0,270,True,41,11,0.5682467624062861
1010,-270.0,224,True,39,9,0.567931257019149
1011,-467.0,307,True,62,6,0.5676159331992477
1012,-267.0,229,True,48,1,0.5673007908420942
1013,-934.0,382,False,69,8,0.56698582984326
1014,-942.0,382,False,69,11,0.5666710500983767
1015,-56.0,176,True,23,4,0.5663564515031366
1016,-230.0,219,True,40,5,0.5660420339532912
1017,-213.0,199,True,38,7,0.5657277973446527
1018,-171.0,229,True,28,7,0.5654137415730928
1019,-246.0,207,True,44,5,0.5650998665345431
1020,-1051.0,382,False,90,4,0.5647861721249955
1021,-45.0,170,True,21,5,0.5644726582405015
1022,-1130.0,382,False,99,8,0.5641593247771722
1023,116.0,74,True,11,5,0.563846171631179
1024,-967.0,382,False,71,12,0.5635331986987525
1025,-164.0,172,True,43,0,0.5632204058761836
1026,-154.0,226,True,31,4,0.5629077930598223
1027,-216.0,242,True,39,2,0.5625953601460786
1028,-136.0,180,True,35,3,0.5622831070314219
1029,-143.0,186,True,37,2,0.5619710336123818
1030,-104.0,196,True,31,0,0.5616591397855463
1031,-952.0,382,False,78,5,0.5613474254475639
1032,3.0,150,True,21,2,0.5610358904951422
1033,20.0,139,True,22,0,0.5607245348250484
1034,-1014.0,382,False,71,18,0.5604133583341088
1035,-57.0,177,True,22,6,0.5601023609192094
1036,-153.0,177,True,34,6,0.5597915424772955
1037,-186.0,210,True,39,2,0.5594809029053712
1038,-983.0,382,False,70,15,0.5591704421005007
1039,-107.0,209,True,26,4,0.558860159959807
1040,-40.0,172,True,25,1,0.5585500563804722
1041,-224.0,222,True,35,9,0.5582401312597375
1042,-156.0,172,True,37,4,0.5579303844949038
1043,-90.0,224,True,23,3,0.5576208159833307
1044,-549.0,336,True,67,7,0.5573114256224367
1045,-371.0,295,True,42,11,0.5570022133096997
1046,-879.0,382,False,66,7,0.5566931789426562
1047,-215.0,224,True,39,3,0.5563843224189022
1048,-170.0,204,True,35,4,0.5560756436360923
1049,-104.0,217,True,24,4,0.5557671424919397
1050,-88.0,147,True,34,1,0.5554588188842171
1051,-89.0,207,True,26,2,0.5551506727107558
1052,-186.0,187,True,36,7,0.5548427038694456
1053,-340.0,260,True,49,6,0.5545349122582354
1054,-123.0,144,True,41,0,0.5542272977751325
1055,-422.0,336,True,49,7,0.5539198603182034
1056,-188.0,217,True,36,5,0.5536125997855729
1057,-279.0,246,True,41,8,0.5533055160754242
1058,-729.0,339,True,96,4,0.5529986090859998
1059,-704.0,374,True,73,15,0.5526918787156002
1060,-88.0,159,True,26,6,0.5523853248625846
1061,-1122.0,382,False,90,14,0.5520789474253706
1062,-229.0,189,True,42,7,0.5517727463024342
1063,-46.0,147,True,28,1,0.5514667213923102
1064,-585.0,374,True,61,13,0.5511608725935915
1065,-141.0,194,True,33,4,0.5508551998049293
1066,-177.0,208,True,39,1,0.5505497029250331
1067,-128.0,225,True,30,1,0.550244381852671
1068,-187.0,210,True,33,7,0.5499392364866693
1069,-314.0,239,True,46,7,0.5496342667259121
1070,-338.0,254,True,51,5,0.5493294724693423
1071,-232.0,222,True,45,2,0.5490248536159602
1072,-938.0,382,False,71,8,0.5487204100648252
1073,-14.0,138,True,25,1,0.5484161417150537
1074,64.0,129,True,16,1,0.5481120484658213
1075,-510.0,365,True,58,6,0.5478081302163604
1076,-102.0,168,True,29,5,0.5475043868659626
1077,-1028.0,382,False,83,8,0.5472008183139765
1078,30.0,147,True,18,1,0.5468974244598092
1079,-596.0,342,True,67,12,0.5465942052029255
1080,-495.0,303,True,60,11,0.5462911604428478
1081,-818.0,382,False,54,11,0.5459882900791567
1082,-1053.0,382,False,86,11,0.5456855940114906
1083,-232.0,230,True,33,9,0.5453830721395454
1084,-373.0,310,True,45,8,0.5450807243630749
1085,-528.0,354,True,61,9,0.5447785505818903
1086,-901.0,382,False,72,5,0.544476550695861
1087,-821.0,382,False,50,3,0.5441747246049136
1088,-489.0,342,True,63,3,0.5438730722090322
1089,-397.0,319,True,44,11,0.543571593408259
1090,-884.0,382,False,67,6,0.5432702881026932
1091,-198.0,207,True,36,6,0.5429691561924916
1092,-304.0,241,True,46,8,0.5426681975778685
1093,-267.0,220,True,49,2,0.5423674121590959
1094,-338.0,281,True,44,8,0.5420667998365029
1095,-351.0,258,True,51,7,0.5417663605104757
1096,-84.0,168,True,21,9,0.5414660940814584
1097,-501.0,315,True,60,10,0.541166000449952
1098,9.0,168,True,19,1,0.540866079516515
1099,-39.0,159,True,26,1,0.5405663311817629
1100,-222.0,242,True,33,8,0.5402667553463686
1101,-88.0,148,True,33,2,0.539967351911062
1102,-423.0,287,True,54,8,0.5396681207766302
1103,-426.0,333,True,50,7,0.5393690618439174
1104,-373.0,281,True,48,8,0.5390701750138247
1105,-390.0,327,True,54,0,0.5387714601873106
1106,5.0,139,True,24,0,0.5384729172653903
1107,-39.0,192,True,17,5,0.538174546149136
1108,-424.0,263,True,60,6,0.5378763467396768
1109,-463.0,348,True,57,4,0.537578318938199
1110,-899.0,382,False,65,7,0.5372804626459453
1111,-263.0,258,True,45,1,0.5369827777642155
1112,2.0,153,True,18,4,0.5366852641943664
1113,-480.0,313,True,54,13,0.536387921837811
1114,-387.0,275,True,46,14,0.5360907505960195
1115,-400.0,295,True,60,0,0.5357937503705187
1116,-239.0,281,True,38,1,0.5354969210628922
1117,-71.0,187,True,26,2,0.5352002625747797
1118,54.0,107,True,20,1,0.5349037748078781
1119,-27.0,192,True,19,2,0.5346074576639407
1120,-36.0,141,True,28,1,0.5343113110447772
1121,-51.0,172,True,25,2,0.5340153348522538
1122,-266.0,236,True,45,4,0.5337195289882936
1123,-307.0,276,True,39,10,0.5334238933548756
1124,-420.0,317,True,54,7,0.5331284278540352
1125,-172.0,188,True,41,1,0.5328331323878648
1126,-55.0,130,True,27,5,0.5325380068585126
1127,-116.0,207,True,28,3,0.5322430511681832
1128,-306.0,303,True,40,4,0.5319482652191374
1129,-196.0,223,True,40,2,0.5316536489136927
1130,-14.0,167,True,18,4,0.5313592021542223
1131,-111.0,202,True,29,3,0.5310649248431558
1132,-152.0,224,True,29,5,0.5307708168829789
1133,-977.0,382,False,75,8,0.5304768781762335
1134,-426.0,282,True,55,10,0.5301831086255175
1135,-61.0,151,True,28,3,0.5298895081334849
1136,-166.0,211,True,34,3,0.5295960766028457
1137,-278.0,242,True,47,2,0.5293028139363659
1138,-355.0,295,True,48,5,0.5290097200368674
1139,-166.0,200,True,31,7,0.5287167948072282
1140,-231.0,251,True,34,7,0.5284240381503819
1141,-442.0,304,True,55,9,0.5281314499693183
1142,-272.0,309,True,34,7,0.5278390301670826
1143,-873.0,382,False,66,6,0.5275467786467763
1144,-39.0,134,True,29,1,0.5272546953115563
1145,-136.0,199,True,32,3,0.5269627800646354
1146,-475.0,323,True,62,4,0.526671032809282
1147,-73.0,143,True,30,4,0.5263794534488201
1148,-131.0,213,True,28,4,0.5260880418866296
1149,-385.0,311,True,48,6,0.5257967980261459
1150,-165.0,197,True,36,3,0.5255057217708596
1151,-132.0,188,True,27,9,0.5252148130243175
1152,-460.0,258,True,69,4,0.5249240716901215
1153,-54.0,168,True,27,1,0.5246334976719288
1154,-27.0,158,True,23,2,0.5243430908734524
1155,-74.0,159,True,30,2,0.5240528511984609
1156,-886.0,382,False,63,7,0.5237627785507776
1157,-192.0,203,True,34,8,0.5234728728342816
1158,-29.0,154,True,25,2,0.5231831339529074
1159,-31.0,176,True,25,0,0.5228935618106444
1160,-940.0,382,False,79,3,0.5226041563115377
1161,-387.0,307,True,52,5,0.5223149173596872
1162,-42.0,150,True,27,2,0.5220258448592481
1163,-7.0,152,True,11,11,0.521736938714431
1164,-183.0,230,True,35,2,0.5214481988295017
1165,-60.0,180,True,25,2,0.5211596251087804
1166,-46.0,153,True,24,4,0.5208712174566431
1167,-385.0,359,True,38,10,0.5205829757775204
1168,-166.0,210,True,35,3,0.5202948999758982
1169,-219.0,203,True,42,4,0.5200069899563171
1170,-285.0,300,True,35,7,0.5197192456233728
1171,-53.0,177,True,26,2,0.5194316668817157
1172,-147.0,205,True,32,4,0.5191442536360515
1173,-87.0,164,True,31,2,0.5188570057911402
1174,-152.0,172,True,37,4,0.5185699232517972
1175,-1002.0,382,False,84,3,0.5182830059228919
1176,-404.0,273,True,58,5,0.5179962537093493
1177,-115.0,167,True,30,6,0.5177096665161486
1178,-410.0,311,True,50,7,0.5174232442483235
1179,-24.0,141,True,24,3,0.5171369868109631
1180,-202.0,197,True,42,3,0.5168508941092103
1181,-91.0,123,True,32,5,0.5165649660482631
1182,-180.0,159,True,44,2,0.5162792025333739
1183,-98.0,199,True,28,2,0.5159936034698497
1184,-20.0,135,True,22,5,0.5157081687630518
1185,-180.0,234,True,31,5,0.5154228983183962
1186,-122.0,237,True,24,4,0.5151377920413531
1187,-154.0,191,True,38,1,0.5148528498374472
1188,30.0,129,True,20,1,0.5145680716122578
1189,1.0,149,True,20,3,0.5142834572714181
1190,-178.0,212,True,39,0,0.513999006720616
1191,-42.0,170,True,25,1,0.5137147198655936
1192,-27.0,146,True,21,6,0.5134305966121467
1193,-98.0,202,True,25,4,0.5131466368661262
1194,-298.0,238,True,51,2,0.5128628405334366
1195,3.0,124,True,25,1,0.5125792075200367
1196,-177.0,244,True,33,2,0.5122957377319394
1197,-117.0,201,True,32,1,0.5120124310752117
1198,-144.0,219,True,32,1,0.5117292874559746
1199,-272.0,228,True,47,4,0.5114463067804033
1200,-84.0,159,True,30,3,0.5111634889547269
1201,7.0,152,True,21,2,0.5108808338852283
1202,-489.0,306,True,67,3,0.5105983414782445
1203,-406.0,315,True,52,5,0.5103160116401665
1204,-113.0,164,True,35,2,0.5100338442774389
1205,-85.0,189,True,22,7,0.5097518392965604
1206,-174.0,183,True,38,5,0.5094699966040834
1207,-297.0,258,True,43,6,0.5091883161066139
1208,-242.0,287,True,32,5,0.508906797710812
1209,24.0,150,True,19,1,0.5086254413233913
1210,-35.0,138,True,27,2,0.508344246851119
1211,-70.0,172,True,29,1,0.5080632142008161
1212,-204.0,176,True,43,4,0.5077823432793573
1213,-1020.0,382,False,83,6,0.5075016339936707
1214,-991.0,382,False,81,7,0.5072210862507381
1215,-13.0,156,True,23,1,0.5069406999575947
1216,-74.0,163,True,30,1,0.5066604750213294
1217,-165.0,242,True,31,5,0.5063804113490843
1218,-164.0,202,True,37,2,0.5061005088480551
1219,-105.0,206,True,29,2,0.5058207674254911
1220,-209.0,224,True,43,0,0.5055411869886944
1221,-27.0,154,True,19,6,0.5052617674450212
1222,-225.0,261,True,38,1,0.5049825087018803
1223,-99.0,150,True,29,7,0.5047034106667343
1224,35.0,123,True,18,3,0.5044244732470987
1225,-71.0,159,True,30,1,0.5041456963505425
1226,-35.0,147,True,20,8,0.5038670798846879
1227,-26.0,146,True,23,3,0.50358862375721
1228,3.0,142,True,23,1,0.5033103278758372
1229,-58.0,134,True,31,2,0.5030321921483509
1230,47.0,109,True,18,3,0.5027542164825857
1231,62.0,124,True,13,5,0.5024764007864292
1232,-149.0,191,True,36,2,0.5021987449678219
1233,-68.0,166,True,27,3,0.5019212489347575
1234,-435.0,303,True,58,7,0.5016439125952825
1235,-192.0,234,True,37,2,0.5013667358574962
1236,92.0,128,True,11,2,0.501089718629551
1237,-138.0,206,True,29,5,0.5008128608196522
1238,-10.0,159,True,18,4,0.5005361623360577
1239,-51.0,172,True,23,4,0.5002596230870782
1240,-85.0,178,True,27,4,0.4999832429810773
1241,-209.0,236,True,33,6,0.4997070219264715
1242,-141.0,218,True,23,9,0.4994309598317295
1243,-295.0,278,True,43,4,0.4991550566053733
1244,-107.0,199,True,22,8,0.4988793121559769
1245,-116.0,180,True,33,2,0.49860372639216755
1246,-175.0,246,True,29,5,0.49832829922262456
1247,-318.0,258,True,45,7,0.49805303055608
1248,-25.0,146,True,21,6,0.4977779203013187
1249,-242.0,231,True,38,7,0.4975029683671774
1250,-94.0,168,True,25,7,0.49722817466254593
1251,-46.0,178,True,25,1,0.4969535390963661
1252,-72.0,177,True,22,5,0.4966790615776324
1253,2.0,139,True,16,7,0.4964047420153916
1254,-164.0,209,True,32,5,0.4961305803187427
1255,-29.0,153,True,26,1,0.49585657639683717
1256,-245.0,236,True,41,4,0.49558273015887866
1257,2.0,154,True,17,4,0.49530904151412325
1258,-45.0,170,True,25,1,0.49503551037187893
1259,-259.0,224,True,45,4,0.4947621366415061
1260,4.0,144,True,17,5,0.4944889202324175
1261,-94.0,182,True,31,2,0.4942158610540774
1262,-115.0,172,True,27,8,0.49394295901600277
1263,-170.0,199,True,38,2,0.49367021402776246
1264,-148.0,206,True,35,1,0.49339762599897724
1265,-201.0,201,True,38,6,0.49312519483932005
1266,34.0,146,True,13,5,0.49285292045851575
1267,-895.0,382,False,63,11,0.4925808027663411
1268,-436.0,259,True,60,8,0.4923088416726248
1269,-132.0,180,True,37,1,0.4920370370872476
1270,-32.0,182,True,21,2,0.4917653889201419
1271,44.0,128,True,17,2,0.491493897081292
1272,-165.0,189,True,32,8,0.491222561480734
1273,-466.0,281,True,66,4,0.49095138202855587
1274,-457.0,279,True,56,12,0.49068035863489723
1275,-14.0,129,True,26,2,0.49040949120994937
1276,-224.0,260,True,31,8,0.49013877966395536
1277,-343.0,246,True,51,6,0.4898682239072099
1278,-88.0,143,True,32,4,0.4895978238500593
1279,-429.0,295,True,56,7,0.4893275794029014
1280,-287.0,250,True,47,2,0.48905749047618563
1281,-125.0,176,True,33,3,0.4887875569804131
1282,49.0,134,True,13,5,0.48851777882613623
1283,-348.0,306,True,49,3,0.48824815592395915
1284,-194.0,216,True,39,2,0.4879786881845371
1285,-19.0,137,True,18,7,0.487709375518577
1286,-231.0,213,True,40,6,0.4874402178368371
1287,-52.0,168,True,25,3,0.4871712150501269
1288,66.0,122,True,17,0,0.48690236706930745
1289,-3.0,130,True,25,1,0.4866336738052908
1290,-554.0,357,True,64,8,0.48636513516904056
1291,-89.0,148,True,33,2,0.4860967510715714
1292,20.0,134,True,23,0,0.4858285214239493
1293,2.0,149,True,16,6,0.4855604461372912
1294,-172.0,221,True,38,0,0.4852925251227655
1295,64.0,135,True,14,2,0.48502475829159153
1296,49.0,127,True,18,1,0.4847571455550398
1297,13.0,107,True,22,4,0.48448968682443183
1298,-82.0,199,True,28,1,0.48422238201114015
1299,-44.0,126,True,25,7,0.4839552310265883
1300,-96.0,207,True,26,3,0.4836882337822509
1301,114.0,116,True,11,0,0.48342139018965335
1302,28.0,135,True,16,4,0.4831547001603722
1303,-333.0,283,True,46,6,0.48288816360603465
1304,-23.0,144,True,23,4,0.48262178043831877
1305,-219.0,187,True,40,7,0.48235555056895363
1306,27.0,126,True,21,1,0.4820894739097189
1307,-76.0,134,True,31,4,0.4818235503724453
1308,-121.0,210,True,29,3,0.4815577798690138
1309,-5.0,125,True,26,1,0.4812921623113568
1310,-31.0,154,True,23,3,0.48102669761145667
1311,-19.0,149,True,18,6,0.4807613856813468
1312,14.0,129,True,22,2,0.4804962264331112
1313,-149.0,189,True,36,3,0.4802312197788843
1314,-285.0,249,True,48,1,0.47996636563085127
1315,-284.0,244,True,45,6,0.47970166390124785
1316,-93.0,177,True,28,4,0.47943711450235993
1317,107.0,99,True,12,2,0.47917271734652445
1318,-378.0,295,True,48,7,0.4789084723461282
1319,-17.0,123,True,26,2,0.4786443794136089
1320,-959.0,382,False,81,2,0.4783804384614543
1321,-23.0,144,True,23,3,0.47811664940220266
1322,48.0,142,True,17,1,0.4778530121484426
1323,15.0,154,True,19,2,0.47758952661281295
1324,-170.0,209,True,34,4,0.4773261927080029
1325,12.0,130,True,15,8,0.47706301034675186
1326,-128.0,199,True,26,7,0.47679997944184943
1327,-9.0,135,True,22,3,0.4765370999061354
1328,-264.0,271,True,38,6,0.4762743716524998
1329,-71.0,150,True,29,3,0.4760117945938827
1330,-238.0,213,True,38,8,0.4757493686432742
1331,-254.0,285,True,32,8,0.4754870937137147
1332,-138.0,188,True,29,7,0.4752249697182945
1333,-11.0,123,True,26,2,0.47496299657015384
1334,63.0,105,True,16,3,0.4747011741824831
1335,-63.0,163,True,28,2,0.4744395024685225
1336,20.0,134,True,19,2,0.47417798134156236
1337,38.0,114,True,19,3,0.47391661071494257
1338,-79.0,189,True,24,4,0.4736553905020533
1339,67.0,126,True,15,1,0.4733943206163343
1340,-141.0,177,True,32,6,0.47313340097127515
1341,31.0,127,True,16,5,0.4728726314804153
1342,-254.0,211,True,48,3,0.4726120120573439
1343,-449.0,271,True,68,2,0.4723515426156999
1344,57.0,108,True,19,1,0.47209122306917184
1345,-11.0,123,True,26,2,0.47183105333149805
1346,-25.0,129,True,22,6,0.47157103331646627
1347,-930.0,382,False,73,4,0.47131116293791425
1348,-119.0,201,True,30,3,0.471051442109729
1349,-406.0,281,True,56,8,0.47079187074584705
1350,-85.0,142,True,27,8,0.4705324487602548
1351,-90.0,188,True,23,6,0.47027317606698776
1352,19.0,131,True,20,3,0.4700140525801313
1353,-23.0,151,True,26,1,0.46975507821381984
1354,-281.0,234,True,39,11,0.46949625288223745
1355,-330.0,233,True,52,5,0.46923757649961756
1356,-41.0,178,True,23,3,0.46897904898024284
1357,-960.0,382,False,64,17,0.4687206702384455
1358,-203.0,210,True,37,6,0.46846244018860683
1359,60.0,109,True,16,3,0.4682043587451576
1360,47.0,116,True,21,1,0.46794642582257756
1361,50.0,99,True,20,2,0.467688641335396
1362,37.0,117,True,18,4,0.4674310051981911
1363,-58.0,158,True,25,4,0.4671735173255903
1364,34.0,128,True,17,4,0.4669161776322703
1365,-361.0,273,True,46,10,0.46665898603295675
1366,52.0,116,True,19,1,0.4664019424424244
1367,-451.0,304,True,51,12,0.4661450467754971
1368,-87.0,198,True,25,3,0.46588829894704764
1369,63.0,112,True,15,3,0.4656316988719979
1370,28.0,142,True,19,1,0.4653752464653186
1371,-82.0,151,True,32,2,0.4651189416420295
1372,36.0,125,True,18,3,0.46486278431719924
1373,-85.0,181,True,28,3,0.46460677440594517
1374,-30.0,152,True,25,2,0.4643509118234338
1375,-435.0,300,True,53,11,0.46409519648488023
1376,6.0,123,True,22,3,0.46383962830554837
1377,122.0,107,True,8,3,0.463584207200751
1378,-63.0,161,True,28,3,0.46332893308584966
1379,-94.0,170,True,29,4,0.46307380587625435
1380,-203.0,212,True,37,6,0.4628188254874239
1381,14.0,123,True,22,3,0.462563991834866
1382,-95.0,188,True,25,6,0.4623093048341366
1383,63.0,109,True,20,0,0.46205476440084053
1384,55.0,126,True,15,3,0.461800370450631
1385,-65.0,176,True,23,5,0.46154612289920977
1386,-272.0,223,True,46,5,0.46129202166232736
1387,-122.0,231,True,30,0,0.46103806665578234
1388,-5.0,137,True,20,4,0.4607842577954222
1389,135.0,108,True,9,1,0.4605305949971426
1390,-178.0,217,True,36,4,0.46027707817688757
1391,-410.0,263,True,52,12,0.4600237072506496
1392,-93.0,219,True,24,2,0.4597704821344695
1393,-150.0,166,True,37,5,0.4595174027444366
1394,-79.0,193,True,26,3,0.459264468996688
1395,-87.0,208,True,23,3,0.4590116808074096
1396,-84.0,145,True,30,5,0.4587590380928353
1397,78.0,107,True,18,0,0.45850654076924724
1398,148.0,103,True,6,2,0.45825418875297563
1399,-86.0,207,True,20,8,0.458001981960399
1400,29.0,143,True,16,3,0.45774992030794387
1401,-36.0,108,True,31,2,0.457498003712085
1402,19.0,151,True,18,2,0.4572462320893451
1403,-14.0,178,True,21,1,0.45699460535629494
1404,7.0,139,True,18,4,0.4567431234295533
1405,25.0,107,True,24,1,0.4564917862257869
1406,-346.0,267,True,52,5,0.45624059366171055
1407,70.0,107,True,18,1,0.455989545654087
1408,-108.0,154,True,35,3,0.45573864211972653
1409,-435.0,270,True,63,5,0.45548788297548787
1410,-70.0,178,True,27,2,0.45523726813827725
1411,17.0,147,True,18,2,0.45498679752504856
1412,48.0,153,True,16,1,0.4547364710528039
1413,-249.0,233,True,46,1,0.45448628863859286
1414,113.0,109,True,12,0,0.4542362501995129
1415,-51.0,164,True,27,1,0.453986355652709
1416,6.0,139,True,22,1,0.4537366049153741
1417,25.0,140,True,17,3,0.45348699790474845
1418,23.0,111,True,22,3,0.45323753453812027
1419,137.0,116,True,7,2,0.45298821473282513
1420,-279.0,259,True,42,5,0.4527390384062463
1421,63.0,115,True,12,6,0.4524900054758146
1422,-56.0,156,True,29,1,0.4522411158590082
1423,-34.0,154,True,23,4,0.4519923694733531
1424,37.0,144,True,15,2,0.4517437662364223
1425,-346.0,289,True,50,4,0.45149530606583665
1426,-5.0,161,True,22,1,0.4512469888792642
1427,-103.0,176,True,31,2,0.45099881459442037
1428,-84.0,210,True,27,0,0.4507507831290681
1429,23.0,130,True,19,3,0.45050289440101743
1430,-137.0,240,True,29,2,0.45025514832812585
1431,23.0,129,True,18,3,0.4500075448282981
1432,-132.0,172,True,33,5,0.449760083819486
1433,102.0,100,True,11,5,0.44951276521968897
1434,22.0,147,True,14,5,0.44926558894695323
1435,-31.0,162,True,25,1,0.4490185549193724
1436,116.0,99,True,12,1,0.4487716630550871
1437,-114.0,206,True,27,5,0.44852491327228505
1438,-191.0,202,True,33,8,0.4482783054892012
1439,53.0,142,True,17,0,0.4480318396241174
1440,-140.0,210,True,29,6,0.44778551559536267
1441,-822.0,382,False,54,9,0.4475393333213129
1442,60.0,111,True,16,3,0.44729329272039103
1443,75.0,92,True,19,1,0.4470473937110669
1444,-36.0,139,True,24,4,0.44680163621185726
1445,-17.0,154,True,21,4,0.4465560201413258
1446,21.0,122,True,17,5,0.44631054541808307
1447,-34.0,125,True,28,3,0.44606521196078647
1448,-139.0,180,True,33,5,0.44582001968814017
1449,38.0,118,True,21,2,0.4455749685188951
1450,68.0,115,True,16,2,0.445330058371849
1451,-155.0,166,True,39,3,0.4450852891658464
1452,-114.0,134,True,33,6,0.44484066081977836
1453,5.0,123,True,22,3,0.4445961732525827
1454,101.0,134,True,11,0,0.4443518263832441
1455,62.0,109,True,18,1,0.44410762013079347
1456,-255.0,263,True,38,5,0.4438635544143086
1457,-46.0,153,True,26,3,0.44361962915291375
1458,83.0,120,True,13,2,0.44337584426577964
1459,-24.0,173,True,18,5,0.44313219967212386
1460,0.0,133,True,22,3,0.44288869529120994
1461,-93.0,205,True,26,3,0.4426453310423484
1462,-4.0,154,True,19,3,0.44240210684489584
1463,-51.0,153,True,26,4,0.44215902261825535
1464,7.0,128,True,23,1,0.4419160782818765
1465,74.0,119,True,16,2,0.44167327375525517
1466,-11.0,151,True,22,2,0.4414306089579335
1467,-23.0,140,True,21,5,0.4411880838095001
1468,52.0,124,True,13,5,0.44094569822958957
1469,-394.0,335,True,44,8,0.4407034521378831
1470,-361.0,267,True,50,8,0.4404613454541078
1471,25.0,126,True,19,3,0.44021937809803713
1472,-83.0,191,True,24,5,0.4399775499894908
1473,105.0,90,True,13,3,0.43973586104833445
1474,58.0,131,True,14,3,0.43949431119448
1475,-10.0,140,True,25,1,0.43925290034788533
1476,84.0,134,True,13,0,0.43901162842855457
1477,-177.0,206,True,33,7,0.43877049535653767
1478,-70.0,152,True,29,3,0.4385295010519307
1479,-40.0,139,True,28,3,0.4382886454348758
1480,-13.0,126,True,23,4,0.43804792842556084
1481,83.0,108,True,17,0,0.4378073499442199
1482,-3.0,162,True,21,1,0.4375669099111326
1483,59.0,117,True,16,3,0.43732660824662495
1484,111.0,87,True,14,1,0.43708644487106824
1485,4.0,99,True,26,3,0.43684641970488003
1486,5.0,126,True,21,4,0.43660653266852345
1487,20.0,152,True,17,3,0.4363667836825074
1488,84.0,108,True,17,1,0.4361271726673867
1489,49.0,141,True,16,1,0.4358876995437616
1490,134.0,99,True,10,1,0.4356483642322785
1491,177.0,88,True,7,0,0.43540916665362883
1492,-170.0,228,True,25,9,0.43517010672855033
1493,15.0,129,True,24,2,0.4349311843778259
1494,-22.0,131,True,22,5,0.4346923995222841
1495,-131.0,220,True,27,4,0.43445375208279924
1496,-3.0,182,True,13,6,0.43421524198029093
1497,103.0,109,True,10,4,0.4339768691357245
1498,14.0,140,True,17,5,0.4337386334701106
1499,74.0,110,True,17,1,0.4335005349045055
1500,93.0,101,True,14,2,0.43326257336001067
1501,60.0,121,True,16,2,0.43302474875777314
1502,69.0,112,True,13,4,0.4327870610189854
1503,9.0,116,True,23,2,0.43254951006488507
1504,-428.0,309,True,58,4,0.4323120958167553
1505,-95.0,188,True,31,1,0.43207481819592436
1506,-116.0,178,True,29,5,0.4318376771237659
1507,12.0,145,True,22,0,0.4316006725216989
1508,134.0,104,True,5,5,0.4313638043111874
1509,46.0,141,True,16,3,0.43112707241374076
1510,-168.0,201,True,36,3,0.43089047675091335
1511,49.0,102,True,15,6,0.43065401724430485
1512,72.0,110,True,17,1,0.43041769381556005
1513,-218.0,189,True,40,7,0.43018150638636865
1514,-340.0,276,True,51,3,0.42994545487846564
1515,-373.0,296,True,51,4,0.42970953921363086
1516,11.0,113,True,20,5,0.4294737593136894
1517,14.0,147,True,20,2,0.429238115100511
1518,54.0,107,True,20,1,0.42900260649601085
1519,-29.0,141,True,28,0,0.42876723342214845
1520,97.0,116,True,13,1,0.4285319958009287
1521,49.0,153,True,10,6,0.4282968935544013
1522,99.0,131,True,10,2,0.42806192660466064
1523,123.0,100,True,11,1,0.42782709487384607
1524,99.0,111,True,12,2,0.42759239828414175
1525,58.0,139,True,12,3,0.42735783675777644
1526,81.0,108,True,17,0,0.427123410217024
1527,30.0,104,True,17,6,0.4268891185842027
1528,136.0,87,True,10,2,0.4266549617816757
1529,5.0,109,True,24,3,0.4264209397318508
1530,65.0,133,True,16,1,0.4261870523571804
1531,77.0,108,True,15,2,0.42595329958016154
1532,119.0,97,True,12,1,0.4257196813233358
1533,-12.0,146,True,23,2,0.4254861975092897
1534,-118.0,198,True,27,6,0.42525284806065367
1535,109.0,104,True,11,3,0.42501963290010325
1536,112.0,107,True,12,1,0.4247865519503582
1537,88.0,91,True,16,2,0.4245536051341828
1538,49.0,103,True,16,5,0.4243207923743857
1539,-6.0,123,True,20,6,0.4240881135938201
1540,-30.0,161,True,26,1,0.42385556871538366
1541,-438.0,280,True,59,8,0.42362315766201813
1542,55.0,111,True,18,2,0.4233908803567099
1543,-18.0,140,True,21,6,0.42315873672248955
1544,-42.0,143,True,28,1,0.4229267266824318
1545,-2.0,127,True,24,3,0.422694850159656
1546,77.0,100,True,15,3,0.4224631070773255
1547,36.0,116,True,19,3,0.4222314973586478
1548,-76.0,192,True,27,1,0.4220000209268747
1549,1.0,139,True,18,6,0.42176867770530235
1550,-2.0,135,True,24,2,0.42153746761727073
1551,81.0,109,True,14,2,0.4213063905861641
1552,7.0,116,True,23,3,0.4210754465354107
1553,40.0,106,True,17,5,0.420844635388483
1554,131.0,93,True,12,0,0.4206139570688975
1555,-340.0,272,True,51,3,0.4203834115002144
1556,49.0,96,True,23,0,0.42015299860603833
1557,122.0,87,True,12,2,0.41992271831001765
1558,108.0,99,True,12,2,0.4196925705358446
1559,-157.0,237,True,32,2,0.4194625552072555
1560,-113.0,159,True,34,3,0.4192326722480305
1561,108.0,87,True,14,2,0.4190029215819936
1562,-24.0,143,True,26,2,0.4187733031330126
1563,-220.0,238,True,41,3,0.4185438168249991
1564,57.0,112,True,19,1,0.4183144625819086
1565,126.0,79,True,12,2,0.41808524032774025
1566,-322.0,302,True,43,5,0.4178561499865371
1567,-49.0,177,True,24,2,0.41762719148238553
1568,122.0,101,True,10,2,0.4173983647394162
1569,60.0,126,True,15,2,0.4171696696818029
1570,133.0,85,True,12,1,0.4169411062337633
1571,-134.0,214,True,29,4,0.4167126743195587
1572,65.0,109,True,20,0,0.41648437386349385
1573,129.0,99,True,8,3,0.41625620478991715
1574,-211.0,201,True,36,9,0.4160281670232206
1575,87.0,134,True,13,0,0.4158002604878395
1576,130.0,83,True,10,3,0.41557248510825295
1577,6.0,146,True,19,4,0.41534484080898315
1578,22.0,134,True,15,6,0.415117327514596
1579,91.0,119,True,14,2,0.41488994514970073
1580,40.0,132,True,17,3,0.41466269363895
1581,15.0,167,True,20,0,0.41443557290703964
1582,29.0,103,True,20,4,0.41420858287870915
1583,31.0,133,True,16,4,0.413981723478741
1584,-120.0,176,True,31,5,0.4137549946319612
1585,-37.0,141,True,26,3,0.41352839626323884
1586,31.0,110,True,19,4,0.4133019282974864
1587,-233.0,249,True,38,4,0.4130755906596595
1588,-19.0,161,True,22,2,0.4128493832747568
1589,45.0,155,True,14,3,0.41262330606782044
1590,67.0,116,True,15,2,0.4123973589639355
1591,141.0,123,True,6,1,0.4121715418882301
1592,24.0,115,True,20,4,0.4119458547658756
1593,-67.0,190,True,19,8,0.4117202975220864
1594,111.0,91,True,14,1,0.41149487008211977
1595,123.0,100,True,11,1,0.4112695723712763
1596,-531.0,338,True,69,4,0.4110444043148993
1597,40.0,101,True,20,3,0.41081936583837514
1598,40.0,129,True,14,5,0.4105944568671331
1599,-138.0,180,True,33,6,0.4103696773266455
1600,36.0,142,True,15,4,0.4101450271424274
1601,39.0,120,True,19,2,0.4099205062400367
1602,25.0,108,True,23,2,0.40969611454507426
1603,97.0,107,True,14,1,0.40947185198318375
1604,-95.0,192,True,27,3,0.40924771848005154
1605,-36.0,176,True,19,5,0.4090237139614069
1606,-286.0,256,True,47,3,0.40879983835302164
1607,-220.0,230,True,37,6,0.4085760915807105
1608,58.0,131,True,12,5,0.4083524735703307
1609,91.0,104,True,15,1,0.40812898424778243
1610,33.0,144,True,11,7,0.40790562353900806
1611,139.0,109,True,8,1,0.4076823913699932
1612,27.0,115,True,20,4,0.4074592876667655
1613,120.0,91,True,12,2,0.40723631235539526
1614,104.0,85,True,14,3,0.40701346536199573
1615,83.0,103,True,12,5,0.4067907466127223
1616,43.0,151,True,14,2,0.4065681560337729
1617,120.0,109,True,10,2,0.40634569355138805
1618,33.0,119,True,16,6,0.40612335909185066
1619,-196.0,203,True,38,4,0.40590115258148607
1620,-67.0,178,True,21,7,0.40567907394666197
1621,50.0,131,True,16,2,0.4054571231137885
1622,67.0,116,True,15,3,0.40523530000931807
1623,1.0,176,True,19,1,0.40501360455974555
1624,-22.0,121,True,26,3,0.4047920366916079
1625,-89.0,178,True,29,2,0.40457059633148457
1626,62.0,125,True,18,0,0.40434928340599713
1627,-27.0,172,True,21,3,0.40412809784180936
1628,2.0,140,True,23,2,0.40390703956562746
1629,68.0,101,True,18,2,0.4036861085041995
1630,78.0,100,True,17,2,0.403465304584316
1631,109.0,100,True,11,3,0.4032446277328093
1632,-87.0,201,True,24,3,0.40302407787655403
1633,-136.0,141,True,42,2,0.402803654942467
1634,107.0,140,True,9,2,0.4025833588575069
1635,120.0,81,True,14,1,0.4023631895486745
1636,79.0,99,True,16,2,0.4021431469430126
1637,88.0,108,True,13,3,0.401923230967606
1638,46.0,118,True,13,7,0.40170344154958143
1639,7.0,120,True,25,1,0.4014837786161076
1640,131.0,90,True,11,2,0.40126424209439504
1641,21.0,131,True,20,2,0.40104483191169626
1642,37.0,140,True,17,2,0.4008255479953057
1643,75.0,108,True,15,3,0.40060639027255934
1644,15.0,131,True,20,2,0.4003873586708353
1645,26.0,102,True,23,3,0.4001684531175535
1646,93.0,97,True,12,4,0.39994967354017524
1647,4.0,131,True,24,1,0.39973101986620413
1648,102.0,99,True,12,3,0.3995124920231849
1649,71.0,108,True,15,3,0.39929408993870447
1650,73.0,103,True,14,4,0.3990758135403912
1651,119.0,91,True,10,3,0.3988576627559151
1652,66.0,115,True,16,2,0.39863963751298787
1653,99.0,99,True,16,0,0.39842173773936274
1654,63.0,132,True,13,3,0.3982039633628346
1655,5.0,95,True,24,4,0.3979863143112399
1656,103.0,116,True,13,0,0.39776879051245645
1657,35.0,154,True,17,0,0.39755139189440375
1658,-123.0,176,True,37,1,0.39733411838504273
1659,106.0,97,True,12,3,0.3971169699123757
1660,97.0,137,True,10,1,0.39689994640444654
1661,113.0,103,True,10,3,0.39668304778934044
1662,57.0,124,True,17,2,0.39646627399518397
1663,31.0,140,True,19,1,0.39624962495014515
1664,-28.0,176,True,23,1,0.39603310058243324
1665,153.0,95,True,6,2,0.39581670082029885
1666,72.0,115,True,10,7,0.3956004255920339
1667,62.0,111,True,18,1,0.39538427482597155
1668,131.0,82,True,11,2,0.39516824845048626
1669,-61.0,194,True,23,3,0.3949523463939936
1670,-236.0,275,True,32,6,0.39473656858495043
1671,95.0,110,True,13,2,0.3945209149518547
1672,130.0,102,True,11,0,0.39430538542324567
1673,113.0,80,True,17,0,0.3940899799277035
1674,187.0,82,True,3,2,0.39387469839384964
1675,-78.0,187,True,26,3,0.39365954075034654
1676,-60.0,180,True,25,3,0.39344450692589766
1677,168.0,90,True,5,2,0.3932295968492475
1678,102.0,102,True,13,2,0.3930148104491817
1679,-25.0,163,True,20,4,0.39280014765452664
1680,111.0,112,True,13,0,0.39258560839415
1681,130.0,91,True,8,4,0.39237119259696
1682,129.0,119,True,8,1,0.3921569001919062
1683,88.0,118,True,9,5,0.3919427311079786
1684,66.0,116,True,17,2,0.3917286852742083
1685,66.0,110,True,19,0,0.3915147626196674
1686,54.0,121,True,18,2,0.3913009630734684
1687,-18.0,167,True,26,0,0.391087286564765
1688,19.0,107,True,24,2,0.3908737330227515
1689,-21.0,161,True,24,1,0.3906603023766628
1690,128.0,103,True,10,1,0.390446994555775
1691,-28.0,127,True,24,5,0.39023380948940417
1692,133.0,97,True,8,3,0.3900207471069078
1693,82.0,108,True,17,0,0.38980780733768344
1694,88.0,98,True,13,3,0.3895949901111697
1695,-1002.0,382,False,82,6,0.38938229535684565
1696,114.0,97,True,10,3,0.3891697230042307
1697,113.0,80,True,15,1,0.3889572729828853
1698,96.0,98,True,15,2,0.38874494522241
1699,56.0,127,True,18,1,0.3885327396524461
1700,10.0,159,True,20,1,0.3883206562026753
1701,163.0,80,True,7,2,0.38810869480281984
1702,76.0,119,True,14,2,0.3878968553826424
1703,-6.0,134,True,25,1,0.3876851378719459
1704,-12.0,172,True,19,2,0.3874735422005739
1705,141.0,96,True,7,3,0.3872620682984102
1706,-43.0,156,True,25,3,0.387050716095379
1707,78.0,127,True,14,1,0.3868394855214448
1708,-70.0,167,True,28,2,0.38662837650661236
1709,150.0,78,True,9,2,0.3864173889809268
1710,57.0,126,True,13,5,0.3862065228744735
1711,115.0,112,True,9,2,0.38599577811737806
1712,20.0,164,True,17,1,0.3857851546398062
1713,66.0,116,True,17,1,0.38557465237196403
1714,102.0,80,True,17,1,0.38536427124409756
1715,-133.0,222,True,25,6,0.3851540111864932
1716,91.0,106,True,15,1,0.3849438721294772
1717,30.0,127,True,22,1,0.38473385400341625
1718,-19.0,134,True,27,1,0.3845239567387168
1719,82.0,151,True,10,1,0.38431418026582553
1720,17.0,149,True,20,1,0.38410452451522914
1721,-67.0,159,True,30,2,0.3838949894174542
1722,-28.0,165,True,24,1,0.38368557490306743
1723,118.0,128,True,9,0,0.3834762809026754
1724,106.0,106,True,13,1,0.38326710734692454
1725,11.0,139,True,20,2,0.3830580541665014
1726,-40.0,150,True,27,1,0.3828491212921324
1727,69.0,140,True,9,5,0.3826403086545835
1728,13.0,137,True,22,1,0.382431616184661
1729,156.0,100,True,7,1,0.3822230438132105
1730,-56.0,173,True,24,4,0.3820145914711179
1731,55.0,124,True,13,5,0.3818062590893084
1732,-53.0,164,True,23,4,0.3815980465987474
1733,18.0,122,True,17,6,0.3813899539304397
1734,85.0,103,True,18,0,0.3811819810154298
1735,129.0,104,True,9,2,0.3809741277848023
1736,107.0,122,True,13,0,0.38076639416968083
1737,93.0,104,True,15,1,0.38055878010122923
1738,92.0,101,True,12,4,0.38035128551065056
1739,129.0,108,True,11,0,0.38014391032918776
1740,99.0,111,True,14,0,0.3799366544881231
1741,-9.0,116,True,25,3,0.3797295179187784
1742,137.0,91,True,12,0,0.3795225005525152
1743,-48.0,142,True,29,2,0.3793156023207345
1744,148.0,99,True,8,1,0.37910882315487665
1745,95.0,122,True,13,0,0.37890216298642154
1746,164.0,90,True,7,1,0.3786956217468884
1747,18.0,132,True,17,5,0.378489199367836
1748,82.0,124,True,15,0,0.37828289578086244
1749,-2.0,137,True,24,1,0.3780767109176052
1750,113.0,103,True,12,1,0.377870644709741
1751,47.0,131,True,14,4,0.37766469708898603
1752,68.0,115,True,18,0,0.37745886798709566
1753,1.0,116,True,21,5,0.3772531573358647
1754,177.0,92,True,3,2,0.37704756506712694
1755,150.0,82,True,11,0,0.3768420911127556
1756,98.0,116,True,15,0,0.37663673540466297
1757,145.0,83,True,12,0,0.37643149787480085
1758,168.0,82,True,9,0,0.37622637845515977
1759,126.0,110,True,11,0,0.3760213770777696
1760,76.0,126,True,11,4,0.3758164936746994
1761,72.0,82,True,21,1,0.3756117281780571
1762,29.0,109,True,24,0,0.37540708051998994
1763,29.0,172,True,15,2,0.37520255063268404
1764,116.0,84,True,11,4,0.3749981384483647
1765,-281.0,274,True,41,6,0.3747938438992961
1766,135.0,99,True,8,2,0.3745896669177813
1767,15.0,159,True,16,3,0.3743856074361626
1768,144.0,101,True,6,3,0.37418166538682107
1769,33.0,115,True,18,4,0.3739778407021767
1770,130.0,103,True,12,0,0.3737741333146884
1771,89.0,115,True,14,1,0.37357054315685373
1772,140.0,80,True,11,1,0.3733670701612096
1773,92.0,97,True,14,3,0.37316371426033135
1774,-14.0,134,True,23,4,0.372960475386833
1775,145.0,104,True,9,1,0.3727573534733678
1776,-53.0,172,True,23,4,0.37255434845262747
1777,172.0,71,True,8,1,0.3723514602573425
1778,49.0,115,True,18,3,0.3721486888202821
1779,80.0,125,True,14,1,0.37194603407425414
1780,-31.0,156,True,23,4,0.3717434959521051
1781,164.0,85,True,4,4,0.37154107438672046
1782,76.0,128,True,13,2,0.3713387693110239
1783,91.0,106,True,15,2,0.3711365806579779
1784,-8.0,138,True,19,6,0.3709345083605834
1785,123.0,80,True,11,3,0.37073255235187996
1786,89.0,91,True,18,0,0.3705307125649459
1787,119.0,85,True,12,2,0.3703289889328976
1788,132.0,93,True,10,1,0.3701273813888904
1789,-143.0,185,True,34,4,0.36992588986611774
1790,110.0,99,True,10,3,0.36972451429781156
1791,123.0,96,True,7,5,0.3695232546172425
1792,43.0,110,True,21,1,0.3693221107577194
1793,-220.0,181,True,48,1,0.36912108265258936
1794,131.0,106,True,11,0,0.36892017023523804
1795,-149.0,193,True,32,6,0.36871937343908945
1796,167.0,99,True,6,1,0.3685186921976057
1797,4.0,124,True,21,4,0.36831812644428735
1798,134.0,83,True,12,1,0.3681176761126732
1799,16.0,151,True,16,5,0.3679173411363403
1800,112.0,110,True,11,1,0.36771712144890395
1801,-98.0,207,True,26,3,0.3675170169840177
1802,-106.0,182,True,31,3,0.367317027675373
1803,112.0,104,True,9,4,0.3671171534566999
1804,73.0,106,True,17,1,0.36691739426176606
1805,138.0,96,True,11,0,0.3667177500243778
1806,-140.0,200,True,29,6,0.3665182206783792
1807,-18.0,164,True,21,3,0.36631880615765244
1808,129.0,101,True,8,3,0.3661195063961179
1809,0.0,124,True,23,3,0.3659203213277338
1810,44.0,151,True,12,4,0.3657212508864965
1811,52.0,139,True,14,3,0.3655222950064403
1812,64.0,100,True,17,3,0.3653234536216375
1813,-66.0,176,True,25,4,0.36512472666619816
1814,-63.0,164,True,27,3,0.3649261140742705
1815,-197.0,216,True,33,7,0.3647276157800406
1816,107.0,91,True,12,3,0.36452923171773227
1817,79.0,89,True,16,3,0.3643309618216072
1818,47.0,142,True,19,0,0.364132806025965
1819,87.0,103,True,16,1,0.3639347642651431
1820,147.0,96,True,7,2,0.36373683647351673
1821,9.0,129,True,24,1,0.36353902258549864
1822,48.0,135,True,16,2,0.3633413225355397
1823,96.0,110,True,11,3,0.36314373625812807
1824,121.0,89,True,10,3,0.3629462636877902
1825,47.0,150,True,13,4,0.3627489047590896
1826,85.0,89,True,18,1,0.3625516594066278
1827,-972.0,382,False,72,13,0.3623545275650439
1828,70.0,109,True,14,4,0.36215750916901446
1829,137.0,84,True,11,2,0.36196060415325393
1830,50.0,109,True,20,2,0.3617638124525141
1831,154.0,82,True,9,2,0.36156713400158436
1832,109.0,112,True,13,0,0.36137056873529155
1833,105.0,119,True,10,2,0.36117411658850035
1834,125.0,85,True,14,0,0.3609777774961125
1835,134.0,91,True,10,2,0.36078155139306733
1836,89.0,91,True,14,3,0.36058543821434175
1837,52.0,119,True,16,4,0.36038943789495004
1838,-60.0,182,True,25,3,0.36019355036994377
1839,188.0,69,True,6,1,0.359997775574412
1840,126.0,99,True,8,4,0.3598021134434811
1841,31.0,151,True,16,3,0.3596065639123147
1842,130.0,129,True,10,0,0.3594111269161139
1843,132.0,85,True,12,1,0.359215802390117
1844,119.0,104,True,9,3,0.3590205902695996
1845,142.0,81,True,12,0,0.3588254904898744
1846,115.0,81,True,16,0,0.3586305029862917
1847,104.0,103,True,14,1,0.35843562769423837
1848,156.0,81,True,8,2,0.35824086454913917
1849,126.0,100,True,11,1,0.35804621348645566
1850,122.0,80,True,15,0,0.3578516744416865
1851,149.0,74,True,11,1,0.35765724735036747
1852,62.0,151,True,14,1,0.3574629321480718
1853,36.0,125,True,20,1,0.3572687287704092
1854,21.0,135,True,22,0,0.35707463715302706
1855,47.0,139,True,16,1,0.35688065723160933
1856,-475.0,353,True,54,9,0.35668678894187716
1857,144.0,84,True,9,2,0.3564930322195887
1858,136.0,99,True,10,1,0.35629938700053915
1859,-103.0,213,True,26,3,0.3561058532205604
1860,77.0,115,True,16,1,0.3559124308155215
1861,41.0,146,True,19,0,0.35571911972132814
1862,-224.0,224,True,31,13,0.35552591987392346
1863,-107.0,170,True,27,8,0.3553328312092868
1864,43.0,109,True,16,5,0.35513985366343476
1865,147.0,85,True,10,1,0.35494698717242057
1866,155.0,82,True,9,1,0.35475423167233433
1867,74.0,119,True,10,6,0.3545615870993029
1868,197.0,73,True,6,0,0.35436905338949
1869,14.0,154,True,17,4,0.3541766304790959
1870,110.0,83,True,14,2,0.35398431830435767
1871,130.0,85,True,12,1,0.35379211680154926
1872,79.0,122,True,11,4,0.3536000259069809
1873,92.0,95,True,10,6,0.3534080455569998
1874,-145.0,188,True,29,9,0.3532161756879897
1875,64.0,109,True,18,1,0.3530244162363709
1876,119.0,97,True,10,3,0.3528327671386003
1877,141.0,81,True,12,0,0.3526412283311715
1878,63.0,100,True,15,5,0.35244979975061447
1879,138.0,109,True,6,3,0.3522584813334958
1880,32.0,141,True,18,2,0.3520672730164185
1881,166.0,72,True,9,1,0.35187617473602234
1882,154.0,78,True,11,0,0.3516851864289831
1883,124.0,101,True,8,4,0.3514943080320134
1884,69.0,110,True,15,3,0.35130353948186205
1885,69.0,131,True,12,3,0.3511128807153143
1886,94.0,93,True,14,3,0.35092233166919196
1887,146.0,101,True,8,1,0.35073189228035295
1888,109.0,119,True,8,4,0.3505415624856916
1889,137.0,90,True,9,2,0.35035134222213854
1890,207.0,82,True,3,0,0.35016123142666095
1891,13.0,170,True,13,7,0.34997123003626196
1892,56.0,96,True,17,4,0.34978133798798094
1893,122.0,91,True,10,3,0.34959155521889385
1894,63.0,119,True,12,6,0.3494018816661124
1895,81.0,96,True,15,3,0.3492123172667849
1896,135.0,88,True,11,1,0.3490228619580956
1897,115.0,94,True,9,4,0.348833515677265
1898,163.0,81,True,6,2,0.34864427836154954
1899,139.0,83,True,10,2,0.34845514994824195
1900,-36.0,168,True,23,3,0.34826613037467113
1901,221.0,65,True,2,1,0.3480772195782018
1902,52.0,132,True,17,1,0.347888417496235
1903,-66.0,183,True,24,5,0.3476997240662074
1904,124.0,128,True,9,0,0.347511139225592
1905,145.0,91,True,10,0,0.3473226629118978
1906,79.0,95,True,16,3,0.3471342950626696
1907,116.0,82,True,11,4,0.34694603561548826
1908,57.0,123,True,16,2,0.3467578845079703
1909,13.0,147,True,20,2,0.34656984167776855
1910,179.0,84,True,7,0,0.34638190706257144
1911,-73.0,166,True,25,6,0.34619408060010337
1912,180.0,76,True,7,1,0.34600636222812453
1913,134.0,95,True,8,3,0.3458187518844308
1914,-23.0,154,True,21,4,0.3456312495068542
1915,92.0,122,True,5,8,0.34544385503326225
1916,132.0,83,True,12,1,0.3452565684015582
1917,170.0,78,True,7,1,0.34506938954968136
1918,170.0,83,True,8,0,0.34488231841560624
1919,184.0,90,True,5,0,0.3446953549373435
1920,118.0,90,True,13,1,0.34450849905293934
1921,157.0,100,True,7,1,0.3443217507004755
1922,156.0,82,True,9,1,0.34413510981806944
1923,47.0,140,True,15,3,0.34394857634387416
1924,167.0,71,True,8,2,0.34376215021607853
1925,167.0,80,True,9,0,0.3435758313729066
1926,126.0,92,True,13,0,0.3433896197526182
1927,41.0,134,True,17,2,0.34320351529350857
1928,59.0,98,True,17,4,0.3430175179339086
1929,-7.0,127,True,24,3,0.3428316276121847
1930,79.0,116,True,15,1,0.34264584426673844
1931,200.0,84,True,5,0,0.3424601678360072
1932,165.0,81,True,6,3,0.3422745982584634
1933,180.0,82,True,3,3,0.3420891354726154
1934,145.0,76,True,11,1,0.3419037794170065
1935,158.0,74,True,7,3,0.3417185300302156
1936,150.0,74,True,11,1,0.3415333872508567
1937,-32.0,147,True,24,3,0.34134835101757943
1938,122.0,109,True,10,1,0.3411634212690685
1939,174.0,74,True,9,0,0.3409785979440441
1940,101.0,109,True,12,2,0.3407938809812615
1941,74.0,118,True,15,3,0.34060927031951127
1942,-6.0,211,True,14,2,0.3404247658976192
1943,80.0,101,True,12,5,0.3402403676544465
1944,147.0,84,True,11,0,0.34005607552888917
1945,160.0,84,True,9,1,0.3398718894598787
1946,156.0,81,True,8,2,0.3396878093863814
1947,155.0,82,True,9,1,0.3395038352473992
1948,68.0,120,True,17,2,0.33931996698196865
1949,161.0,84,True,9,0,0.33913620452916166
1950,197.0,100,True,1,1,0.33895254782808504
1951,58.0,123,True,16,2,0.33876899681788075
1952,137.0,97,True,8,2,0.33858555143772573
1953,97.0,93,True,16,1,0.338402211626832
1954,155.0,82,True,9,1,0.3382189773244464
1955,132.0,76,True,13,1,0.3380358484698509
1956,143.0,85,True,10,1,0.33785282500236224
1957,21.0,156,True,19,0,0.33766990686133236
1958,72.0,115,True,18,0,0.3374870939861478
1959,188.0,74,True,5,1,0.33730438631623016
1960,-4.0,145,True,22,2,0.33712178379103575
1961,178.0,75,True,4,3,0.3369392863500559
1962,70.0,110,True,15,3,0.33675689393281666
1963,115.0,100,True,13,0,0.33657460647887893
1964,147.0,96,True,9,0,0.33639242392783836
1965,159.0,92,True,7,1,0.3362103462193252
1966,157.0,91,True,8,1,0.3360283732930049
1967,-20.0,193,True,18,1,0.3358465050885772
1968,68.0,110,True,19,0,0.33566474154577663
1969,4.0,131,True,18,7,0.33548308260437254
1970,13.0,119,True,22,3,0.3353015282041687
1971,136.0,108,True,9,0,0.3351200782850039
1972,84.0,91,True,14,4,0.3349387327867511
1973,151.0,85,True,8,2,0.33475749164931834
1974,128.0,90,True,9,3,0.3345763548126478
1975,125.0,82,True,11,3,0.33439532221671636
1976,38.0,148,True,19,0,0.33421439380153567
1977,3.0,133,True,22,3,0.3340335695071517
1978,130.0,103,True,10,1,0.33385284927364484
1979,189.0,84,True,5,0,0.3336722330411302
1980,73.0,123,True,14,3,0.333491720749757
1981,194.0,82,True,5,0,0.33331131233970945
1982,-26.0,144,True,25,2,0.3331310077512057
1983,67.0,109,True,18,1,0.3329508069244984
1984,-262.0,279,True,42,1,0.33277070979987466
1985,67.0,101,True,16,3,0.332590716317656
1986,62.0,138,True,13,2,0.33241082641819836
1987,122.0,85,True,10,4,0.3322310400418916
1988,141.0,97,True,8,1,0.3320513571291603
1989,166.0,74,True,7,2,0.3318717776204631
1990,82.0,115,True,16,0,0.3316923014562931
1991,107.0,91,True,12,3,0.3315129285771774
1992,13.0,146,True,19,2,0.33133365892367755
1993,33.0,138,True,19,1,0.3311544924363893
1994,138.0,81,True,10,3,0.33097542905594207
1995,188.0,74,True,7,0,0.3307964687230004
1996,174.0,83,True,6,1,0.3306176113782622
1997,100.0,88,True,13,3,0.33043885696245967
1998,85.0,94,True,13,4,0.33026020541635936
1999,129.0,104,True,9,2,0.33008165668076167
2000,136.0,90,True,11,1,0.32990321069650125
2001,105.0,89,True,14,2,0.3297248674044465
2002,47.0,150,True,15,1,0.3295466267455003
2003,91.0,101,True,14,2,0.329368488660599
2004,59.0,148,True,15,1,0.3291904530907135
2005,87.0,121,True,14,1,0.32901251997684816
2006,166.0,78,True,7,2,0.32883468926004167
2007,144.0,91,True,10,1,0.32865696088136653
2008,-33.0,161,True,22,4,0.328479334781929
2009,43.0,116,True,17,4,0.3283018109028694
2010,65.0,101,True,16,4,0.328124389185362
2011,61.0,154,True,11,3,0.3279470695706147
2012,91.0,97,True,16,1,0.3277698519998694
2013,180.0,86,True,5,1,0.3275927364144016
2014,192.0,82,True,5,0,0.32741572275552094
2015,-42.0,150,True,25,4,0.3272388109645706
2016,78.0,104,True,15,3,0.3270620009829275
2017,202.0,76,True,3,1,0.32688529275200234
2018,83.0,112,True,15,1,0.32670868621323956
2019,160.0,92,True,7,1,0.32653218130811745
2020,-32.0,151,True,28,0,0.3263557779781477
2021,92.0,116,True,11,3,0.3261794761648757
2022,159.0,75,True,8,2,0.3260032758098806
2023,-38.0,193,True,22,2,0.32582717685477525
2024,172.0,62,True,11,0,0.32565117924120585
2025,93.0,109,True,16,0,0.3254752829108524
2026,168.0,75,True,8,1,0.32529948780542833
2027,123.0,109,True,12,0,0.32512379386668055
2028,92.0,97,True,16,1,0.32494820103638977
2029,151.0,84,True,11,0,0.32477270925637
2030,177.0,70,True,5,3,0.3245973184684687
2031,160.0,78,True,9,1,0.3244220286145668
2032,-216.0,170,True,47,3,0.3242468396365789
2033,113.0,94,True,11,3,0.3240717514764528
2034,176.0,78,True,7,1,0.3238967640761698
2035,192.0,71,True,4,2,0.3237218773777445
2036,-246.0,197,True,46,4,0.32354709132322496
2037,174.0,91,True,6,1,0.3233724058546925
2038,120.0,103,True,10,2,0.323197820914262
2039,122.0,80,True,13,2,0.3230233364440813
2040,126.0,93,True,12,1,0.32284895238633193
2041,147.0,79,True,12,0,0.32267466868322825
2042,58.0,117,True,16,3,0.32250048527701825
2043,105.0,122,True,11,1,0.32232640210998303
2044,212.0,69,True,4,0,0.32215241912443676
2045,69.0,161,True,10,2,0.32197853626272704
2046,160.0,85,True,8,1,0.3218047534672345
2047,160.0,71,True,10,1,0.321631070680373
2048,-122.0,199,True,28,5,0.32145748784458944
2049,109.0,106,True,7,6,0.32128400490236403
2050,166.0,82,True,7,1,0.32111062179620986
2051,176.0,69,True,8,1,0.32093733846867323
2052,123.0,86,True,11,2,0.3207641548623335
2053,88.0,85,True,18,1,0.32059107091980305
2054,131.0,100,True,5,5,0.3204180865837273
2055,-90.0,196,True,29,1,0.3202452017967846
2056,52.0,119,True,20,0,0.32007241650168644
2057,106.0,95,True,12,3,0.3198997306411771
2058,176.0,73,True,8,0,0.31972714415803405
2059,99.0,95,True,14,2,0.3195546569950674
2060,151.0,83,True,6,4,0.31938226909512035
2061,-457.0,345,True,50,10,0.31920998040106896
2062,117.0,107,True,8,4,0.3190377908558222
2063,179.0,71,True,6,2,0.3188657004023218
2064,-149.0,230,True,31,3,0.31869370898354243
2065,7.0,131,True,22,3,0.31852181654249145
2066,155.0,81,True,10,1,0.31835002302220916
2067,24.0,143,True,20,0,0.31817832836576854
2068,-136.0,181,True,36,3,0.3180067325162754
2069,-88.0,183,True,30,2,0.3178352354168683
2070,187.0,78,True,7,0,0.31766383701071826
2071,152.0,72,True,11,1,0.31749253724102955
2072,170.0,106,True,3,1,0.31732133605103857
2073,93.0,116,True,11,3,0.3171502333840147
2074,161.0,100,True,7,0,0.3169792291832598
2075,107.0,99,True,8,5,0.31680832339210846
2076,151.0,82,True,7,3,0.31663751595392803
2077,201.0,76,True,1,3,0.31646680681211803
2078,123.0,91,True,12,1,0.31629619591011104
2079,113.0,102,True,11,2,0.3161256831913717
2080,36.0,137,True,18,2,0.31595526859939765
2081,146.0,84,True,9,2,0.3157849520777188
2082,148.0,84,True,11,0,0.3156147335698975
2083,-24.0,137,True,22,5,0.3154446130195288
2084,176.0,71,True,6,2,0.3152745903702399
2085,-107.0,196,True,29,3,0.31510466556569083
2086,50.0,110,True,19,2,0.3149348385495738
2087,95.0,109,True,12,3,0.31476510926561346
2088,197.0,78,True,3,2,0.31459547765756674
2089,100.0,95,True,14,2,0.314425943669223
2090,112.0,135,True,10,1,0.31425650724440424
2091,177.0,72,True,7,1,0.3140871683269644
2092,152.0,78,True,11,0,0.31391792686078984
2093,174.0,91,True,4,2,0.31374878278979934
2094,164.0,81,True,8,1,0.3135797360579437
2095,18.0,146,True,19,2,0.31341078660920635
2096,174.0,95,True,4,2,0.31324193438760256
2097,96.0,125,True,12,1,0.31307317933718015
2098,-112.0,201,True,30,3,0.3129045214020188
2099,-163.0,211,True,30,7,0.3127359605262307
2100,140.0,91,True,10,1,0.3125674966539601
2101,-946.0,382,False,57,13,0.3123991297293832
2102,9.0,176,True,17,3,0.3122308596967086
2103,147.0,91,True,6,4,0.3120626865001769
2104,116.0,99,True,12,1,0.3118946100840606
2105,132.0,108,True,7,3,0.31172663039266474
2106,189.0,66,True,7,1,0.31155874737032585
2107,175.0,91,True,6,0,0.31139096096141283
2108,171.0,74,True,9,0,0.31122327111032655
2109,125.0,106,True,11,0,0.3110556777615
2110,187.0,86,True,5,0,0.3108881808593978
2111,145.0,104,True,9,1,0.3107207803485168
2112,127.0,116,True,7,2,0.31055347617338563
2113,140.0,95,True,10,1,0.310386268278565
2114,50.0,120,True,21,0,0.3102191566086476
2115,84.0,112,True,13,3,0.31005214110825763
2116,119.0,111,True,12,0,0.3098852217220516
2117,211.0,62,True,3,2,0.3097183983947174
2118,171.0,80,True,7,1,0.30955167107097525
2119,160.0,88,True,7,2,0.30938503969557685
2120,216.0,70,True,3,0,0.3092185042133059
2121,148.0,74,True,11,1,0.30905206456897755
2122,-17.0,95,True,30,2,0.30888572070743897
2123,-27.0,176,True,23,0,0.3087194725735692
2124,155.0,96,True,7,2,0.30855332011227865
2125,175.0,89,True,6,0,0.3083872632685097
2126,202.0,79,True,4,0,0.30822130198723624
2127,19.0,116,True,19,5,0.3080554362134639
2128,196.0,69,True,6,0,0.3078896658922301
2129,3.0,148,True,21,3,0.3077239909686036
2130,87.0,84,True,17,2,0.30755841138768497
2131,179.0,62,True,7,2,0.3073929270946064
2132,187.0,78,True,5,1,0.3072275380345315
2133,119.0,88,True,13,1,0.30706224415265554
2134,168.0,71,True,10,0,0.30689704539420537
2135,-83.0,182,True,25,5,0.30673194170443924
2136,98.0,93,True,12,4,0.3065669330286469
2137,179.0,59,True,6,3,0.30640201931214983
2138,32.0,147,True,20,0,0.3062372005003006
2139,191.0,85,True,4,0,0.30607247653848363
2140,63.0,118,True,11,7,0.30590784737211446
2141,154.0,83,True,10,0,0.30574331294664
2142,183.0,74,True,5,2,0.30557887320753896
2143,-62.0,187,True,22,4,0.305414528100321
2144,149.0,112,True,7,0,0.30525027757052736
2145,-371.0,255,True,52,8,0.3050861215637306
2146,96.0,81,True,12,5,0.30492206002553446
2147,-17.0,196,True,19,2,0.3047580929015742
2148,105.0,104,True,15,0,0.3045942201375162
2149,149.0,78,True,7,3,0.30443044167905825
2150,125.0,95,True,10,3,0.30426675747192916
2151,114.0,74,True,17,0,0.30410316746188915
2152,156.0,81,True,10,0,0.3039396715947297
2153,209.0,66,True,5,0,0.3037762698162734
2154,137.0,131,True,6,2,0.30361296207237404
2155,142.0,77,True,10,2,0.30344974830891636
2156,179.0,84,True,5,2,0.3032866284718167
2157,151.0,72,True,11,1,0.3031236025070221
2158,182.0,72,True,7,1,0.3029606703605109
2159,196.0,59,True,8,0,0.3027978319782926
2160,168.0,84,True,7,1,0.3026350873064074
2161,180.0,85,True,4,2,0.3024724362909271
2162,159.0,78,True,7,3,0.3023098788779542
2163,193.0,74,True,5,1,0.3021474150136222
2164,102.0,91,True,14,2,0.30198504464409565
2165,127.0,75,True,8,6,0.30182276771557015
2166,130.0,97,True,10,1,0.3016605841742722
2167,72.0,118,True,13,4,0.3014984939664593
2168,222.0,66,True,3,0,0.30133649703841975
2169,157.0,74,True,11,0,0.30117459333647295
2170,175.0,77,True,8,0,0.30101278280696897
2171,93.0,116,True,11,4,0.3008510653962891
2172,201.0,67,True,6,0,0.30068944105084494
2173,184.0,65,True,8,1,0.30052790971707954
2174,163.0,83,True,8,1,0.30036647134146627
2175,-292.0,259,True,48,3,0.3002051258705097
2176,170.0,84,True,7,1,0.30004387325074483
2177,160.0,82,True,7,2,0.2998827134287377
2178,104.0,84,True,17,0,0.29972164635108506
2179,121.0,80,True,13,2,0.29956067196441405
2180,143.0,82,True,7,4,0.29939979021538315
2181,218.0,77,True,2,0,0.299239001050681
2182,138.0,92,True,9,2,0.2990783044170272
2183,53.0,140,True,13,3,0.29891770026117187
2184,-12.0,189,True,20,0,0.29875718852989575
2185,81.0,109,True,10,6,0.2985967691700105
2186,116.0,76,True,15,1,0.298436442128358
2187,129.0,104,True,9,2,0.29827620735181093
2188,157.0,74,True,11,0,0.2981160647872726
2189,110.0,94,True,11,3,0.2979560143816766
2190,76.0,143,True,14,1,0.29779605608198745
2191,-150.0,236,True,29,3,0.29763618983519985
2192,158.0,78,True,9,1,0.29747641558833926
2193,204.0,83,True,2,1,0.29731673328846125
2194,-1.0,176,True,21,1,0.29715714288265244
2195,55.0,92,True,19,3,0.29699764431802944
2196,14.0,154,True,17,3,0.2968382375417394
2197,157.0,77,True,8,2,0.2966789225009599
2198,71.0,112,True,13,4,0.29651969914289883
2199,175.0,76,True,7,1,0.29636056741479483
2200,182.0,82,True,5,1,0.2962015272639165
2201,144.0,87,True,4,6,0.29604257863756295
2202,196.0,84,True,3,1,0.2958837214830635
2203,136.0,91,True,10,2,0.2957249557477779
2204,84.0,105,True,16,1,0.2955662813790962
2205,136.0,100,True,9,1,0.2954076983244387
2206,199.0,59,True,6,1,0.29524920653125597
2207,9.0,142,True,19,4,0.2950908059470287
2208,-118.0,202,True,31,2,0.29493249651926795
2209,184.0,71,True,6,1,0.29477427819551505
2210,156.0,85,True,8,2,0.29461615092334126
2211,183.0,74,True,5,2,0.29445811465034816
2212,129.0,93,True,12,1,0.2943001693241676
2213,-16.0,172,True,19,3,0.29414231489246134
2214,215.0,76,True,1,2,0.29398455130292145
2215,84.0,118,True,11,4,0.29382687850327
2216,170.0,79,True,6,2,0.2936692964412592
2217,163.0,82,True,7,2,0.29351180506467117
2218,178.0,83,True,4,3,0.2933544043213184
2219,36.0,123,True,22,0,0.29319709415904305
2220,89.0,129,True,12,2,0.29303987452571756
2221,131.0,96,True,13,0,0.29288274536924425
2222,132.0,90,True,11,1,0.29272570663755537
2223,-179.0,210,True,35,5,0.2925687582786134
2224,118.0,74,True,11,4,0.2924119002404103
2225,162.0,79,True,10,0,0.2922551324709685
2226,83.0,91,True,18,1,0.29209845491834
2227,206.0,68,True,5,0,0.29194186753060664
2228,153.0,72,True,11,1,0.2917853702558804
2229,-3.0,123,True,18,8,0.291628963042303
2230,-278.0,274,True,37,7,0.29147264583804594
2231,218.0,72,True,3,0,0.2913164185913106
2232,202.0,65,True,6,0,0.29116028125032817
2233,194.0,69,True,4,2,0.29100423376335965
2234,30.0,108,True,23,1,0.2908482760786959
2235,160.0,89,True,6,2,0.2906924081446572
2236,161.0,81,True,8,1,0.2905366299095939
2237,174.0,87,True,6,1,0.2903809413218861
2238,175.0,72,True,7,1,0.29022534232994335
2239,154.0,95,True,6,2,0.2900698328822051
2240,177.0,65,True,6,3,0.28991441292714043
2241,195.0,80,True,3,2,0.2897590824132478
2242,173.0,74,True,9,0,0.2896038412890558
2243,42.0,127,True,20,0,0.28944868950312236
2244,165.0,66,True,11,0,0.289293627004035
2245,190.0,69,True,6,1,0.2891386537404108
2246,205.0,69,True,4,1,0.2889837696608965
2247,-110.0,210,True,27,4,0.2888289747141685
2248,152.0,69,True,10,2,0.28867426884893255
2249,181.0,64,True,7,2,0.28851965201392393
2250,-29.0,163,True,22,4,0.28836512415790744
2251,45.0,131,True,16,3,0.2882106852296775
2252,161.0,93,True,6,2,0.28805633517805784
2253,153.0,98,True,7,2,0.2879020739519017
2254,99.0,84,True,9,7,0.2877479015000917
2255,-3.0,163,True,16,6,0.28759381777154003
2256,225.0,66,True,3,0,0.2874398227151881
2257,234.0,59,True,2,0,0.2872859162800067
2258,164.0,91,True,8,1,0.2871320984149962
2259,205.0,74,True,5,0,0.2869783690691862
2260,102.0,92,True,15,1,0.28682472819163546
2261,197.0,79,True,4,1,0.2866711757314323
2262,37.0,99,True,20,4,0.28651771163769435
2263,-36.0,162,True,19,7,0.2863643358595682
2264,93.0,99,True,14,2,0.2862110483462302
2265,203.0,62,True,5,1,0.28605784904688536
2266,114.0,99,True,14,1,0.28590473791076854
2267,173.0,94,True,5,2,0.28575171488714324
2268,226.0,62,True,3,0,0.28559877992530264
2269,-52.0,176,True,25,2,0.2854459329745688
2270,184.0,74,True,7,0,0.28529317398429305
2271,201.0,76,True,3,1,0.2851405029038558
2272,-103.0,199,True,28,3,0.28498791968266673
2273,158.0,77,True,8,2,0.2848354242701645
2274,158.0,72,True,11,0,0.2846830166158169
2275,65.0,151,True,14,0,0.28453069666912084
2276,-143.0,209,True,32,4,0.28437846437960224
2277,177.0,66,True,9,0,0.2842263196968161
2278,126.0,76,True,15,0,0.28407426257034646
2279,140.0,74,True,11,2,0.28392229294980637
2280,176.0,91,True,6,0,0.2837704107848378
2281,159.0,82,True,5,4,0.2836186160251118
2282,149.0,72,True,11,1,0.28346690862032836
2283,217.0,71,True,2,1,0.2833152885202165
2284,188.0,73,True,4,2,0.2831637556745337
2285,82.0,110,True,17,1,0.2830123100330672
2286,177.0,77,True,4,3,0.28286095154563246
2287,184.0,65,True,6,2,0.28270968016207393
2288,206.0,74,True,3,1,0.2825584958322651
2289,207.0,70,True,1,3,0.28240739850610835
2290,149.0,94,True,7,2,0.28225638813353454
2291,-88.0,185,True,24,6,0.28210546466450376
2292,155.0,78,True,9,1,0.2819546280490046
2293,149.0,87,True,8,2,0.28180387823705444
2294,192.0,71,True,6,0,0.28165321517869973
2295,137.0,74,True,9,4,0.2815026388240154
2296,118.0,87,True,12,2,0.2813521491231051
2297,41.0,146,True,15,3,0.28120174602610126
2298,166.0,76,True,7,2,0.281051429483165
2299,117.0,110,True,9,3,0.2809011994444862
2300,195.0,71,True,6,0,0.2807510558602834
2301,63.0,112,True,9,8,0.28060099868080357
2302,200.0,78,True,5,0,0.28045102785632253
2303,173.0,70,True,7,2,0.2803011433371446
2304,231.0,66,True,1,1,0.2801513450736029
2305,112.0,84,True,13,3,0.28000163301605885
2306,108.0,83,True,12,4,0.2798520071149026
2307,178.0,79,True,4,3,0.27970246732055276
2308,79.0,90,True,15,4,0.2795530135834567
2309,142.0,88,True,7,4,0.27940364585409
2310,179.0,77,True,6,1,0.2792543640829569
2311,146.0,74,True,11,1,0.27910516822059017
2312,169.0,69,True,8,2,0.2789560582175508
2313,157.0,95,True,6,2,0.2788070340244286
2314,202.0,62,True,7,0,0.2786580955918416
2315,170.0,62,True,11,0,0.2785092428704362
2316,166.0,85,True,6,2,0.2783604758108873
2317,167.0,101,True,6,1,0.27821179436389815
2318,168.0,77,True,8,1,0.27806319848020045
2319,149.0,80,True,11,0,0.27791468811055414
2320,164.0,83,True,8,1,0.2777662632057475
2321,100.0,109,True,10,4,0.27761792371659727
2322,170.0,69,True,8,1,0.2774696695939482
2323,136.0,66,True,11,3,0.27732150078867374
2324,193.0,92,True,5,0,0.2771734172516754
2325,125.0,93,True,12,1,0.2770254189338827
2326,17.0,141,True,18,4,0.2768775057862538
2327,164.0,65,True,10,1,0.276729677759775
2328,160.0,88,True,5,3,0.2765819348054606
2329,-28.0,174,True,21,3,0.27643427687435324
2330,171.0,67,True,6,3,0.2762867039175238
2331,119.0,115,True,10,1,0.27613921588607104
2332,178.0,80,True,7,0,0.2759918127311223
2333,160.0,74,True,9,2,0.2758444944038326
2334,177.0,87,True,6,1,0.27569726085538526
2335,170.0,76,True,5,3,0.2755501120369919
2336,213.0,65,True,4,0,0.2754030478998918
2337,136.0,81,True,8,4,0.2752560683953526
2338,205.0,70,True,5,0,0.27510917347466995
2339,166.0,78,True,3,5,0.2749623630891675
2340,187.0,66,True,5,2,0.2748156371901967
2341,153.0,91,True,6,3,0.27466899572913733
2342,24.0,173,True,16,2,0.27452243865739706
2343,158.0,83,True,10,0,0.27437596592641134
2344,170.0,79,True,8,1,0.27422957748764387
2345,108.0,88,True,13,2,0.27408327329258586
2346,115.0,82,True,13,2,0.27393705329275697
2347,58.0,110,True,19,1,0.2737909174397043
2348,143.0,79,True,12,0,0.273644865685003
2349,162.0,82,True,7,2,0.27349889798025623
2350,195.0,65,True,4,2,0.27335301427709474
2351,189.0,65,True,6,1,0.27320721452717733
2352,184.0,71,True,6,1,0.2730614986821905
2353,226.0,67,True,0,2,0.27291586669384854
2354,189.0,59,True,8,0,0.2727703185138937
2355,123.0,78,True,11,3,0.2726248540940957
2356,145.0,83,True,8,3,0.27247947338625245
2357,205.0,65,True,4,1,0.2723341763421891
2358,206.0,65,True,4,1,0.2721889629137589
2359,64.0,101,True,14,5,0.27204383305284263
2360,103.0,92,True,15,1,0.2718987867113487
2361,85.0,128,True,15,0,0.27175382384121344
2362,137.0,83,True,10,2,0.27160894439440075
2363,188.0,79,True,4,2,0.27146414832290205
2364,153.0,99,True,8,0,0.27131943557873633
2365,103.0,82,True,17,0,0.2711748061139505
2366,167.0,65,True,8,2,0.2710302598806189
2367,111.0,128,True,11,0,0.27088579683084335
2368,97.0,94,True,15,1,0.27074141691675335
2369,121.0,87,True,12,3,0.2705971200905059
2370,104.0,85,True,12,4,0.2704529063042856
2371,-148.0,255,True,26,4,0.2703087755103046
2372,183.0,62,True,9,0,0.27016472766080224
2373,203.0,65,True,6,0,0.2700207627080458
2374,148.0,82,True,9,2,0.2698768806043297
2375,214.0,77,True,2,0,0.269733081301976
2376,162.0,66,True,7,3,0.26958936475333406
2377,185.0,82,True,5,1,0.2694457309107808
2378,185.0,65,True,6,2,0.2693021797267203
2379,144.0,74,True,11,1,0.2691587111535843
2380,181.0,91,True,4,2,0.2690153251438319
2381,-196.0,164,True,39,8,0.2688720216499494
2382,125.0,99,True,8,3,0.2687288006244505
2383,159.0,87,True,8,1,0.2685856620198762
2384,159.0,73,True,8,2,0.2684426057887949
2385,216.0,65,True,4,0,0.2682996318838024
2386,35.0,130,True,19,2,0.2681567402575214
2387,136.0,99,True,10,0,0.2680139308626022
2388,171.0,87,True,8,0,0.2678712036517222
2389,167.0,82,True,5,3,0.26772855857758615
2390,183.0,82,True,5,1,0.26758599559292584
2391,195.0,62,True,5,2,0.2674435146505006
2392,161.0,65,True,10,1,0.2673011157030964
2393,212.0,67,True,4,0,0.26715879870352677
2394,174.0,77,True,8,0,0.26701656360463255
2395,198.0,77,True,2,2,0.2668744103592813
2396,184.0,78,True,7,0,0.2667323389203679
2397,176.0,69,True,6,2,0.2665903492408144
2398,171.0,92,True,5,2,0.26644844127356965
2399,203.0,67,True,4,1,0.2663066149716101
2400,202.0,65,True,6,0,0.2661648702879389
2401,85.0,112,True,13,3,0.2660232071755862
2402,155.0,74,True,11,0,0.2658816255876093
2403,199.0,69,True,4,1,0.26574012547709247
2404,182.0,69,True,8,0,0.2655987067971472
2405,43.0,123,True,14,6,0.2654573695009116
2406,190.0,58,True,7,1,0.26531611354155094
2407,113.0,116,True,11,2,0.2651749388722574
2408,159.0,65,True,10,1,0.2650338454462503
2409,156.0,91,True,8,1,0.26489283321677554
2410,175.0,69,True,8,1,0.26475190213710614
2411,186.0,74,True,3,3,0.2646110521605419
2412,106.0,91,True,14,2,0.2644702832404096
2413,132.0,86,True,11,2,0.26432959533006284
2414,194.0,66,True,7,0,0.2641889883828821
2415,9.0,119,True,22,3,0.2640484623522746
2416,158.0,78,True,9,1,0.26390801719167434
2417,130.0,111,True,10,0,0.26376765285454234
2418,135.0,95,True,12,0,0.2636273692943662
2419,162.0,84,True,9,0,0.2634871664646603
2420,-18.0,143,True,20,6,0.26334704431896594
2421,158.0,69,True,8,3,0.2632070028108509
2422,200.0,65,True,4,2,0.2630670418939099
2423,157.0,80,True,9,1,0.26292716152176426
2424,189.0,65,True,8,0,0.262787361648062
2425,174.0,84,True,7,0,0.26264764222647785
2426,-98.0,211,True,26,3,0.2625080032107131
2427,-87.0,187,True,26,4,0.2623684445544959
2428,191.0,78,True,3,2,0.2622289662115808
2429,155.0,66,True,11,1,0.2620895681357491
2430,140.0,94,True,7,3,0.2619502502808085
2431,162.0,62,True,9,2,0.26181101260059353
2432,207.0,62,True,3,2,0.2616718550489653
2433,127.0,71,True,14,1,0.2615327775798112
2434,102.0,92,True,11,4,0.2613937801470454
2435,187.0,78,True,5,1,0.26125486270460846
2436,129.0,85,True,10,3,0.2611160252064675
2437,145.0,83,True,10,1,0.2609772676066162
2438,151.0,72,True,11,1,0.2608385898590746
2439,126.0,88,True,11,2,0.2606999919178892
2440,-145.0,215,True,22,11,0.26056147373713306
2441,226.0,57,True,4,0,0.2604230352709055
2442,81.0,112,True,17,0,0.2602846764733324
2443,123.0,111,True,8,2,0.26014639729856615
2444,173.0,74,True,7,2,0.2600081977007851
2445,168.0,67,True,8,2,0.2598700776341944
2446,158.0,86,True,7,2,0.25973203705302533
2447,179.0,77,True,6,1,0.25959407591153566
2448,239.0,55,True,2,0,0.2594561941640093
2449,153.0,78,True,9,2,0.2593183917647566
2450,198.0,71,True,6,0,0.2591806686681141
2451,165.0,92,True,7,0,0.2590430248284448
2452,69.0,121,True,14,4,0.25890546020013777
2453,194.0,73,True,4,2,0.2587679747376085
2454,151.0,91,True,8,1,0.25863056839529847
2455,190.0,59,True,8,0,0.2584932411276756
2456,175.0,109,True,4,1,0.25835599288923394
2457,88.0,117,True,12,2,0.2582188236344937
2458,153.0,78,True,11,0,0.25808173331800144
2459,206.0,74,True,3,1,0.25794472189432954
2460,157.0,65,True,10,2,0.25780778931807674
2461,36.0,152,True,15,3,0.257670935543868
2462,183.0,80,True,5,1,0.25753416052635414
2463,200.0,67,True,4,1,0.2573974642202123
2464,169.0,71,True,10,0,0.2572608465801455
2465,199.0,69,True,4,2,0.257124307560883
2466,141.0,81,True,12,1,0.25698784711718015
2467,168.0,82,True,9,0,0.25685146520381813
2468,126.0,84,True,13,1,0.2567151617756042
2469,169.0,80,True,7,1,0.25657893678737176
2470,171.0,88,True,7,0,0.25644279019398014
2471,152.0,77,True,10,1,0.25630672195031456
2472,178.0,72,True,7,1,0.2561707320112863
2473,211.0,64,True,3,1,0.2560348203318326
2474,188.0,77,True,6,0,0.25589898686691653
2475,231.0,65,True,2,0,0.2557632315715272
2476,141.0,75,True,8,4,0.2556275544006795
2477,165.0,59,True,12,0,0.2554919553094143
2478,201.0,62,True,7,0,0.25535643425279836
2479,187.0,71,True,6,1,0.2552209911859241
2480,-14.0,217,True,14,3,0.2550856260639101
2481,202.0,67,True,6,0,0.25495033884190055
2482,140.0,70,True,13,1,0.25481512947506546
2483,180.0,57,True,10,0,0.2546799979186007
2484,160.0,88,True,5,3,0.254544944127728
2485,151.0,105,True,8,0,0.2544099680576947
2486,134.0,95,True,10,1,0.25427506966377394
2487,192.0,65,True,6,1,0.25414024890126463
2488,174.0,85,True,6,1,0.2540055057254914
2489,167.0,81,True,4,4,0.25387084009180466
2490,110.0,91,True,10,4,0.25373625195558036
2491,205.0,59,True,4,2,0.2536017412722203
2492,169.0,80,True,7,2,0.25346730799715167
2493,204.0,67,True,4,1,0.2533329520858277
2494,184.0,69,True,6,2,0.25319867349372693
2495,136.0,77,True,12,1,0.25306447217635375
2496,224.0,62,True,3,0,0.252930348089238
2497,201.0,65,True,6,0,0.25279630118793506
2498,-9.0,139,True,26,0,0.25266233142802613
2499,148.0,65,True,12,1,0.2525284387651178
2500,115.0,111,True,12,0,0.25239462315484223
2501,82.0,112,True,15,1,0.25226088455285717
2502,147.0,82,True,11,1,0.25212722291484574
2503,172.0,72,True,7,2,0.2519936381965167
2504,64.0,130,True,13,3,0.25186013035360433
2505,128.0,78,True,11,3,0.25172669934186825
2506,152.0,88,True,9,1,0.2515933451170937
2507,156.0,65,True,6,5,0.25146006763509104
2508,220.0,72,True,3,0,0.2513268668516966
2509,135.0,77,True,12,1,0.2511937427227716
2510,191.0,75,True,4,2,0.25106069520420293
2511,149.0,89,True,10,1,0.2509277242519029
2512,177.0,69,True,6,2,0.25079482982180895
2513,121.0,80,True,15,1,0.2506620118698842
2514,217.0,62,True,3,1,0.2505292703521168
2515,64.0,128,True,11,5,0.2503966052245205
2516,202.0,66,True,3,2,0.2502640164431342
2517,183.0,71,True,8,0,0.250131503964022
2518,182.0,82,True,7,0,0.2499990677432736
2519,107.0,101,True,14,1,0.24986670773700373
2520,205.0,57,True,4,2,0.24973442390135242
2521,192.0,84,True,5,0,0.2496022161924849
2522,127.0,99,True,8,3,0.24947008456659184
2523,139.0,79,True,8,4,0.24933802897988883
2524,203.0,62,True,5,1,0.24920604938861682
2525,151.0,66,True,13,0,0.2490741457490419
2526,118.0,121,True,10,1,0.24894231801745534
2527,182.0,62,True,9,0,0.24881056615017363
2528,191.0,85,True,4,1,0.24867889010353827
2529,101.0,112,True,11,3,0.248547289833916
2530,222.0,78,True,1,1,0.24841576529769854
2531,205.0,59,True,6,0,0.24828431645130278
2532,162.0,77,True,2,6,0.24815294325117082
2533,176.0,79,True,6,1,0.24802164565376955
2534,200.0,65,True,6,0,0.2478904236155912
2535,211.0,72,True,3,1,0.2477592770931528
2536,167.0,68,True,7,3,0.24762820604299648
2537,-159.0,176,True,35,6,0.24749721042168954
2538,179.0,85,True,8,0,0.247366290185824
2539,8.0,129,True,22,2,0.24723544529201716
2540,173.0,71,True,8,1,0.24710467569691089
2541,-67.0,172,True,29,2,0.24697398135717247
2542,189.0,77,True,6,0,0.2468433622294938
2543,144.0,78,True,11,1,0.24671281827059183
2544,115.0,105,True,10,2,0.24658234943720833
2545,180.0,76,True,5,2,0.24645195568611
2546,141.0,77,True,10,2,0.24632163697408854
2547,134.0,95,True,10,1,0.24619139325796038
2548,88.0,127,True,14,0,0.24606122449456683
2549,196.0,59,True,6,1,0.24593113064077401
2550,51.0,139,True,16,1,0.24580111165347288
2551,205.0,65,True,4,1,0.24567116748957932
2552,202.0,55,True,6,1,0.24554129810603384
2553,236.0,52,True,3,0,0.24541150345980184
2554,216.0,78,True,3,0,0.2452817835078734
2555,152.0,66,True,13,0,0.2451521382072634
2556,129.0,81,True,10,3,0.24502256751501147
2557,182.0,78,True,7,0,0.24489307138818198
2558,215.0,56,True,5,0,0.24476364978386395
2559,213.0,66,True,3,1,0.24463430265917102
2560,155.0,85,True,10,0,0.24450502997124177
2561,225.0,62,True,3,0,0.2443758316772392
2562,202.0,69,True,6,0,0.2442467077343511
2563,147.0,65,True,12,1,0.24411765809978972
2564,178.0,82,True,7,0,0.24398868273079213
2565,202.0,65,True,2,3,0.24385978158462002
2566,182.0,79,True,6,1,0.2437309546185595
2567,155.0,80,True,9,1,0.24360220178992137
2568,146.0,65,True,12,1,0.243473523056041
2569,174.0,66,True,9,0,0.24334491837427824
2570,143.0,77,True,10,2,0.2432163877020176
2571,153.0,87,True,8,2,0.24308793099666803
2572,47.0,129,True,18,2,0.24295954821566296
2573,140.0,119,True,8,1,0.24283123931646042
2574,175.0,76,True,7,1,0.24270300425654276
2575,158.0,67,True,8,3,0.24257484299341706
2576,200.0,67,True,6,0,0.24244675548461458
2577,143.0,97,True,6,4,0.24231874168769119
2578,212.0,56,True,3,2,0.24219080156022707
2579,145.0,71,True,8,4,0.24206293505982696
2580,89.0,101,True,16,1,0.24193514214411987
2581,204.0,67,True,4,1,0.24180742277075926
2582,194.0,71,True,6,0,0.24167977689742284
2583,92.0,128,True,11,3,0.24155220448181286
2584,8.0,172,True,15,5,0.24142470548165584
2585,184.0,78,True,5,1,0.24129727985470253
2586,140.0,95,True,10,1,0.24116992755872818
2587,179.0,62,True,7,2,0.24104264855153212
2588,171.0,62,True,11,0,0.2409154427909381
2589,115.0,119,True,12,0,0.24078831023479416
2590,212.0,67,True,4,0,0.24066125084097256
2591,178.0,77,True,4,3,0.24053426456736982
2592,225.0,55,True,4,0,0.24040735137190658
2593,201.0,62,True,5,1,0.24028051121252783
2594,220.0,71,True,2,1,0.24015374404720277
2595,32.0,181,True,10,5,0.2400270498339247
2596,202.0,62,True,5,1,0.2399004285307111
2597,155.0,88,True,9,0,0.2397738800956037
2598,237.0,59,True,2,0,0.23964740448666827
2599,182.0,87,True,6,0,0.23952100166199478
2600,56.0,131,True,10,7,0.23939467157969732
2601,221.0,74,True,1,1,0.23926841419791403
2602,148.0,66,True,11,2,0.23914222947480712
2603,113.0,99,True,12,2,0.23901611736856304
2604,87.0,140,True,9,4,0.23889007783739213
2605,209.0,77,True,4,0,0.23876411083952886
2606,213.0,80,True,3,0,0.2386382163332317
2607,81.0,97,True,16,2,0.23851239427678317
2608,178.0,65,True,8,1,0.2383866446284898
2609,196.0,78,True,5,0,0.23826096734668206
2610,113.0,80,True,13,3,0.2381353623897145
2611,179.0,65,True,8,1,0.23800982971596552
2612,129.0,85,True,12,1,0.23788436928383752
2613,198.0,95,True,2,1,0.2377589810517569
2614,143.0,77,True,12,0,0.23763366497817393
2615,164.0,68,True,11,0,0.23750842102156278
2616,98.0,116,True,11,3,0.23738324914042144
2617,170.0,80,True,7,1,0.23725814929327205
2618,210.0,72,True,3,1,0.23713312143866033
2619,233.0,56,True,3,0,0.23700816553515597
2620,134.0,92,True,9,2,0.23688328154135255
2621,221.0,65,True,2,1,0.2367584694158673
2622,149.0,67,True,12,1,0.23663372911734162
2623,146.0,98,True,9,1,0.23650906060444032
2624,161.0,80,True,7,2,0.2363844638358522
2625,238.0,59,True,2,0,0.23625993877028986
2626,162.0,67,True,10,1,0.23613548536648946
2627,173.0,67,True,8,1,0.23601110358321117
2628,173.0,71,True,8,1,0.23588679337923874
2629,90.0,139,True,10,2,0.23576255471337965
2630,184.0,66,True,7,1,0.2356383875444651
2631,142.0,80,True,11,1,0.23551429183134995
2632,178.0,79,True,6,1,0.23539026753291287
2633,173.0,77,True,8,1,0.23526631460805603
2634,188.0,74,True,7,0,0.2351424330157053
2635,55.0,119,True,20,0,0.23501862271481022
2636,217.0,67,True,4,0,0.23489488366434397
2637,201.0,66,True,5,1,0.23477121582330332
2638,185.0,78,True,5,1,0.23464761915070856
2639,182.0,73,True,6,1,0.23452409360560372
2640,15.0,123,True,20,4,0.23440063914705617
2641,178.0,62,True,7,2,0.23427725573415709
2642,184.0,68,True,7,1,0.23415394332602107
2643,154.0,91,True,6,3,0.2340307018817862
2644,140.0,83,True,8,4,0.2339075313606142
2645,231.0,65,True,2,0,0.2337844317216901
2646,158.0,62,True,11,1,0.23366140292422266
2647,101.0,95,True,10,5,0.233538444927444
2648,193.0,77,True,4,1,0.2334155576906096
2649,194.0,65,True,6,1,0.23329274117299853
2650,198.0,67,True,6,0,0.23316999533391325
2651,205.0,65,True,6,0,0.23304732013267965
2652,189.0,65,True,6,1,0.232924715528647
2653,206.0,72,True,5,0,0.23280218148118798
2654,195.0,88,True,5,0,0.23267971794969863
2655,189.0,72,True,7,0,0.23255732489359843
2656,195.0,71,True,6,0,0.2324350022723301
2657,178.0,65,True,8,1,0.2323127500453598
2658,178.0,77,True,8,0,0.23219056817217698
2659,164.0,62,True,9,2,0.23206845661229433
2660,126.0,89,True,12,1,0.23194641532524798
2661,199.0,59,True,6,1,0.23182444427059729
2662,145.0,80,True,11,1,0.23170254340792482
2663,159.0,74,True,9,2,0.23158071269683647
2664,170.0,79,True,4,3,0.2314589520969613
2665,207.0,65,True,4,1,0.2313372615679518
2666,168.0,80,True,9,0,0.23121564106948345
2667,232.0,57,True,0,2,0.23109409056125504
2668,185.0,68,True,7,1,0.2309726100029886
2669,234.0,59,True,2,0,0.23085119935442916
2670,183.0,80,True,7,0,0.23072985857534514
2671,148.0,79,True,10,1,0.23060858762552802
2672,203.0,74,True,3,1,0.23048738646479236
2673,154.0,80,True,7,3,0.23036625505297587
2674,129.0,85,True,10,3,0.23024519334993948
2675,131.0,83,True,12,1,0.2301242013155671
2676,204.0,72,True,5,0,0.23000327890976577
2677,181.0,71,True,4,3,0.2298824260924656
2678,189.0,77,True,6,0,0.22976164282361966
2679,149.0,85,True,10,1,0.22964092906320432
2680,135.0,88,True,13,0,0.22952028477121877
2681,120.0,83,True,14,1,0.22939970990768524
2682,94.0,109,True,14,1,0.22927920443264901
2683,123.0,127,True,8,2,0.22915876830617835
2684,215.0,65,True,4,0,0.22903840148836452
2685,159.0,62,True,11,1,0.2289181039393217
2686,155.0,85,True,10,0,0.2287978756191871
2687,192.0,91,True,4,1,0.2286777164881208
2688,178.0,78,True,7,0,0.2285576265063058
2689,167.0,77,True,8,1,0.22843760563394808
2690,197.0,76,True,5,0,0.22831765383127653
2691,-98.0,170,True,33,1,0.2281977710585428
2692,149.0,80,True,11,0,0.2280779572760215
2693,5.0,174,True,15,5,0.22795821244401018
2694,28.0,138,True,19,2,0.22783853652282915
2695,149.0,84,True,9,2,0.2277189294728215
2696,183.0,85,True,6,0,0.22759939125435322
2697,203.0,62,True,5,1,0.22747992182781307
2698,27.0,151,True,16,3,0.2273605211536127
2699,240.0,67,True,0,1,0.22724118919218644
2700,191.0,78,True,5,1,0.22712192590399144
2701,196.0,62,True,7,0,0.2270027312495075
2702,137.0,94,True,9,2,0.2268836051892373
2703,165.0,66,True,11,0,0.22676454768370627
2704,114.0,102,True,3,8,0.2266455586934624
2705,156.0,78,True,7,3,0.2265266381790765
2706,200.0,65,True,6,0,0.22640778610114204
2707,121.0,103,True,12,0,0.2262890024202751
2708,176.0,71,True,8,1,0.22617028709711462
2709,185.0,77,True,6,1,0.22605164009232198
2710,154.0,82,True,11,0,0.2259330613665813
2711,193.0,78,True,5,0,0.22581455088059932
2712,145.0,81,True,8,4,0.22569610859510536
2713,212.0,66,True,3,1,0.22557773447085142
2714,-56.0,180,True,21,5,0.22545942846861197
2715,190.0,91,True,4,0,0.2253411905491841
2716,154.0,80,True,7,3,0.22522302067338748
2717,132.0,91,True,10,2,0.22510491880206437
2718,194.0,74,True,5,1,0.2249868848960795
2719,136.0,78,True,11,2,0.22486891891632008
2720,197.0,74,True,3,2,0.2247510208236959
2721,56.0,120,True,15,4,0.22463319057913925
2722,157.0,80,True,9,1,0.22451542814360487
2723,173.0,70,True,7,2,0.22439773347807002
2724,162.0,80,True,9,1,0.22428010654353434
2725,205.0,66,True,5,0,0.22416254730101998
2726,110.0,101,True,10,3,0.2240450557115714
2727,191.0,65,True,8,0,0.2239276317362557
2728,221.0,65,True,4,0,0.2238102753361622
2729,198.0,59,True,6,1,0.22369298647240268
2730,192.0,56,True,7,1,0.22357576510611124
2731,209.0,56,True,5,1,0.22345861119844446
2732,-256.0,231,True,44,3,0.2233415247105812
2733,209.0,67,True,4,1,0.22322450560372262
2734,43.0,116,True,21,0,0.22310755383909234
2735,189.0,59,True,6,2,0.22299066937793607
2736,185.0,67,True,8,0,0.22287385218152214
2737,217.0,56,True,5,0,0.22275710221114092
2738,182.0,73,True,6,1,0.22264041942810509
2739,178.0,67,True,8,1,0.2225238037937497
2740,173.0,65,True,10,0,0.22240725526943186
2741,166.0,84,True,9,0,0.22229077381653126
2742,134.0,69,True,14,1,0.22217435939644942
2743,-45.0,176,True,21,5,0.22205801197061031
2744,197.0,59,True,6,1,0.22194173150046007
2745,185.0,71,True,4,3,0.22182551794746694
2746,165.0,78,True,7,2,0.2217093712731214
2747,177.0,74,True,5,2,0.22159329143893614
2748,130.0,128,True,7,1,0.22147727840644593
2749,159.0,82,True,7,2,0.22136133213720763
2750,207.0,61,True,4,1,0.22124545259280035
2751,201.0,65,True,6,0,0.2211296397348252
2752,183.0,67,True,8,0,0.22101389352490544
2753,148.0,85,True,10,1,0.22089821392468645
2754,140.0,81,True,10,2,0.22078260089583548
2755,197.0,66,True,5,1,0.22066705440004222
2756,136.0,83,True,10,2,0.22055157439901807
2757,150.0,81,True,10,1,0.2204361608544966
2758,203.0,55,True,6,1,0.22032081372823337
2759,206.0,65,True,4,1,0.2202055329820059
2760,155.0,101,True,8,0,0.2200903185776139
2761,173.0,84,True,7,0,0.21997517047687884
2762,21.0,172,True,13,3,0.21986008864164425
2763,168.0,77,True,8,1,0.21974507303377563
2764,185.0,59,True,8,1,0.2196301236151604
2765,189.0,81,True,6,0,0.21951524034770797
2766,-99.0,174,True,29,4,0.21940042319334963
2767,130.0,127,True,2,5,0.21928567211403852
2768,-49.0,161,True,22,6,0.21917098707174973
2769,188.0,62,True,7,1,0.2190563680284803
2770,203.0,65,True,6,0,0.21894181494624904
2771,189.0,67,True,2,4,0.21882732778709668
2772,172.0,74,True,9,0,0.2187129065130857
2773,109.0,103,True,14,0,0.21859855108630047
2774,199.0,67,True,4,2,0.21848426146884725
2775,153.0,71,True,12,0,0.21837003762285406
2776,228.0,55,True,2,1,0.21825587951047065
2777,189.0,62,True,7,1,0.2181417870938686
2778,151.0,100,True,9,0,0.21802776033524127
2779,191.0,63,True,8,0,0.2179137991968038
2780,195.0,62,True,7,0,0.217799903640793
2781,191.0,66,True,5,2,0.21768607362946749
2782,183.0,77,True,8,0,0.21757230912510755
2783,150.0,74,True,11,1,0.21745861009001516
2784,121.0,80,True,13,2,0.21734497648651407
2785,131.0,87,True,12,1,0.21723140827694967
2786,190.0,67,True,6,1,0.21711790542368903
2787,169.0,72,True,7,2,0.21700446788912076
2788,179.0,65,True,8,1,0.21689109563565537
2789,144.0,105,True,10,0,0.21677778862572475
2790,216.0,62,True,5,0,0.21666454682178257
2791,160.0,78,True,9,1,0.21655137018630397
2792,155.0,65,True,10,2,0.21643825868178582
2793,132.0,66,True,13,2,0.2163252122707465
2794,149.0,79,True,10,1,0.21621223091572597
2795,213.0,56,True,3,2,0.2160993145792858
2796,124.0,113,True,10,1,0.21598646322400897
2797,168.0,77,True,8,1,0.2158736768125001
2798,175.0,77,True,8,0,0.21576095530738537
2799,217.0,78,True,3,0,0.21564829867131238
2800,-100.0,189,True,30,2,0.21553570686695023
2801,189.0,80,True,3,3,0.21542317985698958
2802,202.0,55,True,6,1,0.2153107176041424
2803,170.0,73,True,8,1,0.2151983200711423
2804,179.0,95,True,4,1,0.21508598722074432
2805,188.0,88,True,1,4,0.2149737190157248
2806,26.0,129,True,20,2,0.21486151541888154
2807,148.0,84,True,9,2,0.21474937639303388
2808,194.0,62,True,7,0,0.21463730190102243
2809,185.0,88,True,3,2,0.21452529190570918
2810,237.0,65,True,0,1,0.2144133463699776
2811,156.0,99,True,8,0,0.21430146525673235
2812,175.0,67,True,4,5,0.21418964852889963
2813,166.0,62,True,9,2,0.21407789614942688
2814,149.0,106,True,7,2,0.2139662080812828
2815,153.0,107,True,8,1,0.21385458428745752
2816,141.0,77,True,8,4,0.21374302473096238
2817,150.0,80,True,9,2,0.21363152937483007
2818,225.0,66,True,3,0,0.2135200981821145
2819,215.0,65,True,2,2,0.21340873111589093
2820,116.0,97,True,12,2,0.21329742813925573
2821,126.0,119,True,6,3,0.21318618921532653
2822,172.0,62,True,7,3,0.21307501430724243
2823,207.0,57,True,4,2,0.2129639033781634
2824,167.0,96,True,5,2,0.21285285639127083
2825,195.0,65,True,6,1,0.21274187330976715
2826,169.0,88,True,5,2,0.21263095409687616
2827,182.0,77,True,6,1,0.21252009871584263
2828,173.0,83,True,8,0,0.2124093071299326
2829,187.0,68,True,7,1,0.21229857930243323
2830,67.0,95,True,20,1,0.21218791519665267
2831,170.0,77,True,6,2,0.21207731477592046
2832,84.0,131,True,12,2,0.21196677800358704
2833,-157.0,177,True,38,3,0.21185630484302395
2834,25.0,151,True,18,1,0.21174589525762386
2835,230.0,65,True,2,0,0.2116355492108005
2836,196.0,55,True,8,0,0.21152526666598867
2837,203.0,65,True,6,0,0.21141504758664423
2838,120.0,109,True,12,0,0.21130489193624397
2839,50.0,139,True,14,3,0.21119479967828575
2840,185.0,67,True,8,0,0.21108477077628846
2841,211.0,68,True,3,1,0.210974805193792
2842,155.0,91,True,8,1,0.21086490289435725
2843,208.0,66,True,5,0,0.21075506384156598
2844,224.0,56,True,3,1,0.21064528799902096
2845,28.0,151,True,20,0,0.21053557533034598
2846,97.0,116,True,11,3,0.21042592579918565
2847,189.0,62,True,7,1,0.2103163393692056
2848,156.0,78,True,9,1,0.2102068160040923
2849,190.0,56,True,5,3,0.21009735566755308
2850,189.0,67,True,6,1,0.20998795832331635
2851,173.0,78,True,7,1,0.20987862393513115
2852,-104.0,196,True,29,3,0.20976935246676753
2853,-1.0,187,True,16,3,0.20966014388201637
2854,29.0,132,True,17,4,0.2095509981446893
2855,81.0,96,True,17,1,0.20944191521861893
2856,197.0,62,True,7,0,0.20933289506765856
2857,237.0,56,True,1,1,0.20922393765568237
2858,16.0,172,True,15,4,0.20911504294658526
2859,214.0,66,True,3,1,0.20900621090428284
2860,183.0,78,True,5,1,0.20889744149271175
2861,167.0,85,True,6,2,0.20878873467582915
2862,175.0,77,True,8,0,0.208680090417613
2863,142.0,77,True,8,4,0.20857150868206195
2864,176.0,78,True,7,1,0.20846298943319555
2865,212.0,59,True,4,1,0.2083545326350538
2866,223.0,55,True,4,0,0.2082461382516976
2867,199.0,67,True,4,2,0.2081378062472084
2868,183.0,66,True,7,1,0.20802953658568837
2869,193.0,73,True,6,0,0.2079213292312604
2870,133.0,100,True,11,1,0.20781318414806788
2871,217.0,65,True,4,0,0.207705101300275
2872,176.0,74,True,7,1,0.20759708065206645
2873,235.0,56,True,3,0,0.20748912216764753
2874,185.0,69,True,8,0,0.2073812258112443
2875,164.0,65,True,6,4,0.2072733915471032
2876,236.0,74,True,1,0,0.20716561933949137
2877,181.0,67,True,6,2,0.20705790915269648
2878,190.0,62,True,7,1,0.2069502609510267
2879,143.0,109,True,4,4,0.20684267469881087
2880,212.0,69,True,4,0,0.20673515036039825
2881,193.0,62,True,5,2,0.20662768790015865
2882,176.0,80,True,5,2,0.20652028728248234
2883,193.0,74,True,5,1,0.20641294847178018
2884,103.0,95,True,12,3,0.2063056714324834
2885,141.0,113,True,8,1,0.20619845612904383
2886,186.0,62,True,7,1,0.20609130252593363
2887,223.0,59,True,4,0,0.2059842105876454
2888,127.0,80,True,13,1,0.20587718027869234
2889,110.0,119,True,10,1,0.20577021156360792
2890,137.0,116,True,9,0,0.20566330440694605
2891,177.0,65,True,8,1,0.20555645877328105
2892,187.0,65,True,8,0,0.20544967462720762
2893,210.0,67,True,4,1,0.20534295193334084
2894,193.0,103,True,2,1,0.2052362906563162
2895,47.0,111,True,18,4,0.2051296907607895
2896,169.0,62,True,7,3,0.2050231522114368
2897,133.0,100,True,11,0,0.2049166749729546
2898,219.0,65,True,2,1,0.20481025901005973
2899,224.0,78,True,3,0,0.20470390428748922
2900,205.0,75,True,4,0,0.2045976107700005
2901,191.0,62,True,7,1,0.20449137842237114
2902,206.0,74,True,3,1,0.20438520720939918
2903,219.0,71,True,2,1,0.20427909709590278
2904,176.0,78,True,7,1,0.20417304804672035
2905,161.0,99,True,4,2,0.20406706002671055
2906,205.0,59,True,6,0,0.20396113300075228
2907,135.0,91,True,12,0,0.20385526693374467
2908,-105.0,219,True,24,5,0.20374946179060704
2909,181.0,65,True,8,1,0.20364371753627886
2910,192.0,69,True,6,1,0.2035380341357198
2911,152.0,67,True,10,2,0.20343241155390965
2912,230.0,56,True,3,0,0.20332684975584847
2913,131.0,118,True,5,3,0.2032213487065564
2914,212.0,67,True,4,0,0.2031159083710736
2915,220.0,77,True,2,0,0.20301052871446054
2916,226.0,55,True,4,0,0.20290520970179765
2917,197.0,78,True,3,2,0.20279995129818557
2918,196.0,72,True,5,1,0.20269475346874494
2919,223.0,56,True,3,1,0.2025896161786165
2920,163.0,66,True,9,2,0.20248453939296102
2921,183.0,65,True,6,2,0.2023795230769594
2922,190.0,66,True,5,2,0.20227456719581247
2923,54.0,116,True,15,4,0.2021696717147412
2924,231.0,65,True,2,0,0.20206483659898647
2925,133.0,76,True,13,1,0.2019600618138092
2926,213.0,57,True,4,1,0.20185534732449037
2927,177.0,77,True,6,2,0.2017506930963309
2928,169.0,82,True,7,1,0.20164609909465156
2929,114.0,112,True,11,1,0.20154156528479322
2930,245.0,56,True,1,0,0.20143709163211665
2931,166.0,82,True,9,0,0.20133267810200262
2932,163.0,87,True,6,2,0.2012283246598517
2933,202.0,74,True,5,0,0.20112403127108444
2934,83.0,118,True,11,4,0.20101979790114127
2935,158.0,121,True,2,3,0.20091562451548253
2936,171.0,90,True,7,0,0.20081151107958845
2937,180.0,62,True,9,0,0.20070745755895905
2938,198.0,79,True,4,1,0.20060346391911435
2939,210.0,62,True,5,0,0.200499530125594
2940,173.0,78,True,7,1,0.20039565614395768
2941,216.0,77,True,2,0,0.2002918419397848
2942,208.0,59,True,6,0,0.2001880874786746
2943,197.0,69,True,6,0,0.20008439272624604
2944,238.0,55,True,2,0,0.19998075764813794
2945,207.0,65,True,4,1,0.199877182210009
2946,179.0,79,True,6,1,0.19977366637753743
2947,191.0,91,True,4,0,0.19967021011642141
2948,207.0,59,True,6,0,0.19956681339237878
2949,177.0,76,True,7,1,0.19946347617114701
2950,229.0,55,True,2,1,0.19936019841848351
2951,221.0,59,True,4,0,0.1992569801001652
2952,220.0,61,True,4,0,0.19915382118198882
2953,129.0,97,True,10,2,0.19905072162977067
2954,174.0,85,True,8,0,0.19894768140934682
2955,200.0,72,True,5,0,0.198844700486573
2956,104.0,126,True,9,2,0.19874177882732455
2957,169.0,84,True,7,1,0.19863891639749645
2958,216.0,56,True,5,0,0.19853611316300326
2959,200.0,65,True,6,0,0.1984333690897793
2960,159.0,75,True,8,2,0.1983306841437784
2961,183.0,71,True,8,0,0.19822805829097395
2962,164.0,92,True,7,0,0.19812549149735897
2963,-25.0,176,True,19,3,0.19802298372894603
2964,162.0,59,True,12,0,0.1979205349517673
2965,211.0,66,True,3,1,0.19781814513187446
2966,146.0,82,True,9,2,0.1977158142353387
2967,213.0,69,True,4,0,0.19761354222825087
2968,140.0,74,True,11,2,0.19751132907672106
2969,159.0,78,True,9,1,0.1974091747468792
2970,172.0,69,True,8,1,0.19730707920487447
2971,181.0,70,True,7,1,0.19720504241687564
2972,127.0,111,True,8,2,0.19710306434907088
2973,182.0,59,True,4,4,0.19700114496766788
2974,185.0,74,True,7,0,0.19689928423889377
2975,136.0,101,True,8,2,0.19679748212899506
2976,172.0,74,True,9,0,0.19669573860423778
2977,200.0,73,True,6,0,0.19659405363090726
2978,199.0,71,True,4,1,0.1964924271753083
2979,181.0,82,True,5,1,0.19639085920376512
2980,238.0,62,True,1,0,0.19628934968262124
2981,227.0,55,True,4,0,0.1961878985782396
2982,188.0,78,True,7,0,0.19608650585700244
2983,192.0,59,True,8,0,0.19598517148531147
2984,230.0,66,True,1,1,0.19588389542958765
2985,167.0,84,True,7,1,0.19578267765627116
2986,189.0,59,True,6,2,0.19568151813182177
2987,200.0,65,True,6,0,0.19558041682271823
2988,236.0,54,True,1,1,0.19547937369545884
2989,230.0,56,True,3,0,0.19537838871656107
2990,195.0,72,True,5,1,0.19527746185256162
2991,143.0,93,True,8,2,0.19517659307001653
2992,195.0,69,True,6,0,0.19507578233550096
2993,212.0,65,True,2,2,0.19497502961560956
2994,197.0,67,True,6,0,0.1948743348769559
2995,189.0,67,True,6,1,0.19477369808617293
2996,239.0,57,True,0,1,0.19467311920991276
2997,168.0,63,True,10,1,0.1945725982148468
2998,186.0,78,True,5,1,0.19447213506766545
2999,204.0,71,True,4,1,0.1943717297350784
3000,181.0,74,True,5,2,0.19427138218381446
3001,179.0,105,True,6,0,0.1941710923806216
3002,183.0,59,True,8,1,0.19407086029226697
3003,205.0,62,True,3,2,0.19397068588553673
3004,234.0,59,True,2,0,0.19387056912723627
3005,192.0,77,True,4,1,0.19377050998419004
3006,102.0,118,True,13,1,0.1936705084232415
3007,172.0,69,True,6,3,0.19357056441125337
3008,243.0,57,True,0,1,0.1934706779151073
3009,145.0,72,True,13,0,0.19337084890170403
3010,81.0,116,True,15,1,0.19327107733796334
3011,215.0,56,True,5,0,0.19317136319082406
3012,-326.0,237,True,56,2,0.1930717064272441
3013,216.0,49,True,6,0,0.19297210701420034
3014,183.0,86,True,5,1,0.19287256491868862
3015,197.0,66,True,5,1,0.19277308010772373
3016,228.0,59,True,2,1,0.19267365254833965
3017,180.0,65,True,6,2,0.19257428220758918
3018,206.0,65,True,4,1,0.1924749690525441
3019,212.0,80,True,3,0,0.19237571305029513
3020,222.0,53,True,2,2,0.19227651416795188
3021,137.0,126,True,5,3,0.19217737237264307
3022,169.0,85,True,6,2,0.19207828763151616
3023,90.0,110,True,13,2,0.19197925991173756
3024,83.0,112,True,15,1,0.19188028918049263
3025,155.0,116,True,3,3,0.19178137540498552
3026,190.0,77,True,2,3,0.19168251855243934
3027,211.0,77,True,4,0,0.19158371859009604
3028,-5.0,172,True,23,0,0.19148497548521642
3029,184.0,67,True,6,2,0.19138628920508005
3030,182.0,74,True,5,2,0.19128765971698544
3031,164.0,59,True,12,0,0.19118908698824988
3032,168.0,73,True,8,1,0.1910905709862094
3033,194.0,59,True,4,3,0.19099211167821895
3034,208.0,67,True,2,2,0.19089370903165215
3035,166.0,88,True,7,1,0.19079536301390151
3036,247.0,53,True,0,1,0.1906970735923782
3037,240.0,53,True,2,0,0.19059884073451222
3038,196.0,72,True,5,1,0.19050066440775223
3039,215.0,65,True,2,2,0.19040254457956568
3040,192.0,65,True,6,1,0.19030448121743881
3041,204.0,62,True,3,2,0.19020647428887644
3042,189.0,65,True,6,1,0.19010852376140214
3043,202.0,69,True,4,1,0.1900106296025582
3044,209.0,65,True,4,1,0.18991279177990553
3045,183.0,66,True,9,0,0.18981501026102382
3046,162.0,65,True,10,1,0.18971728501351126
3047,191.0,75,True,6,0,0.1896196160049848
3048,192.0,66,True,7,0,0.18952200320308
3049,138.0,98,True,7,3,0.189424446575451
3050,-89.0,196,True,29,2,0.18932694608977063
3051,206.0,67,True,4,1,0.1892295017137303
3052,259.0,51,True,0,0,0.18913211341503997
3053,144.0,75,True,10,2,0.1890347811614282
3054,212.0,59,True,2,2,0.1889375049206422
3055,207.0,56,True,5,1,0.1888402846604476
3056,96.0,137,True,8,3,0.18874312034862872
3057,195.0,72,True,5,1,0.1886460119529883
3058,186.0,67,True,8,0,0.1885489594413476
3059,203.0,65,True,6,0,0.18845196278154666
3060,213.0,65,True,4,0,0.18835502194144366
3061,195.0,55,True,8,0,0.1882581368889155
3062,140.0,84,True,9,3,0.1881613075918575
3063,119.0,82,True,13,2,0.18806453401818346
3064,199.0,65,True,6,0,0.1879678161358257
3065,187.0,79,True,2,3,0.1878711539127349
3066,205.0,77,True,4,0,0.18777454731688026
3067,190.0,65,True,6,1,0.18767799631624935
3068,181.0,82,True,5,1,0.1875815008788482
3069,-108.0,183,True,30,4,0.1874850609727013
3070,228.0,51,True,4,0,0.18738867656585143
3071,193.0,65,True,6,1,0.18729234762635985
3072,215.0,56,True,5,0,0.18719607412230616
3073,238.0,55,True,2,0,0.18709985602178827
3074,141.0,80,True,11,1,0.18700369329292268
3075,239.0,62,True,1,0,0.186907585903844
3076,225.0,55,True,4,0,0.1868115338227052
3077,215.0,62,True,3,1,0.18671553701767762
3078,178.0,78,True,5,2,0.1866195954569511
3079,182.0,80,True,7,0,0.18652370910873342
3080,216.0,77,True,2,0,0.18642787794125099
3081,17.0,172,True,15,2,0.18633210192274827
3082,231.0,56,True,3,0,0.18623638102148812
3083,205.0,65,True,4,1,0.18614071520575162
3084,216.0,67,True,4,0,0.18604510444383823
3085,237.0,52,True,3,0,0.18594954870406538
3086,172.0,62,True,5,4,0.185854047954769
3087,201.0,67,True,6,0,0.18575860216430307
3088,155.0,95,True,6,3,0.1856632113010399
3089,177.0,87,True,6,1,0.18556787533336996
3090,215.0,74,True,3,0,0.18547259422970183
3091,84.0,130,True,11,2,0.1853773679584624
3092,211.0,67,True,2,2,0.18528219648809666
3093,174.0,65,True,8,1,0.18518707978706775
3094,187.0,69,True,6,1,0.185092017823857
3095,174.0,92,True,5,1,0.18499701056696383
3096,185.0,66,True,5,2,0.18490205798490583
3097,225.0,59,True,2,1,0.1848071600462187
3098,-217.0,241,True,42,1,0.18471231671945623
3099,199.0,65,True,6,0,0.1846175279731903
3100,86.0,101,True,8,7,0.18452279377601094
3101,134.0,110,True,7,2,0.18442811409652615
3102,189.0,65,True,8,0,0.1843334889033621
3103,178.0,77,True,6,1,0.18423891816516294
3104,86.0,104,True,13,3,0.1841444018505909
3105,137.0,85,True,12,1,0.18404993992832624
3106,156.0,82,True,9,1,0.18395553236706721
3107,199.0,67,True,6,0,0.18386117913553016
3108,225.0,59,True,2,1,0.18376688020244936
3109,167.0,86,True,7,1,0.18367263553657712
3110,141.0,71,True,14,0,0.18357844510668367
3111,193.0,60,True,5,2,0.18348430888155728
3112,189.0,92,True,5,0,0.18339022683000417
3113,206.0,51,True,6,1,0.1832961989208485
3114,185.0,69,True,6,1,0.18320222512293233
3115,206.0,57,True,6,0,0.18310830540511572
3116,176.0,83,True,4,3,0.1830144397362766
3117,206.0,56,True,5,1,0.1829206280853109
3118,231.0,65,True,2,0,0.1828268704211323
3119,221.0,56,True,3,1,0.18273316671267248
3120,224.0,55,True,4,0,0.18263951692888095
3121,219.0,65,True,2,1,0.18254592103872513
3122,225.0,57,True,2,1,0.18245237901119032
3123,217.0,65,True,4,0,0.18235889081527953
3124,189.0,76,True,5,1,0.1822654564200138
3125,238.0,55,True,2,0,0.1821720757944318
3126,132.0,78,True,9,4,0.18207874890759018
3127,190.0,59,True,4,3,0.18198547572856338
3128,198.0,62,True,7,0,0.1818922562264435
3129,205.0,63,True,6,0,0.1817990903703406
3130,207.0,57,True,4,2,0.18170597812938233
3131,178.0,65,True,10,0,0.18161291947271432
3132,219.0,74,True,3,0,0.18151991436949982
3133,104.0,94,True,13,3,0.18142696278891987
3134,214.0,74,True,3,0,0.18133406470017313
3135,216.0,56,True,5,0,0.18124122007247626
3136,237.0,54,True,1,1,0.1811484288750633
3137,183.0,59,True,8,1,0.18105569107718628
3138,224.0,62,True,3,0,0.18096300664811474
3139,168.0,67,True,8,2,0.18087037555713592
3140,138.0,69,True,12,2,0.18077779777355485
3141,216.0,65,True,2,1,0.18068527326669417
3142,201.0,65,True,6,0,0.18059280200589414
3143,91.0,129,True,10,3,0.18050038396051263
3144,217.0,65,True,4,0,0.18040801909992524
3145,229.0,65,True,2,0,0.18031570739352518
3146,190.0,65,True,6,1,0.18022344881072322
3147,181.0,59,True,8,1,0.1801312433209478
3148,211.0,52,True,5,1,0.18003909089364478
3149,140.0,79,True,8,4,0.17994699149827786
3150,178.0,88,True,5,1,0.17985494510432817
3151,62.0,148,True,15,0,0.1797629516812944
3152,185.0,76,True,7,0,0.17967101119869283
3153,200.0,66,True,5,1,0.1795791236260572
3154,230.0,56,True,3,0,0.17948728893293897
3155,213.0,67,True,4,0,0.17939550708890692
3156,188.0,71,True,6,1,0.17930377806354747
3157,174.0,69,True,4,4,0.17921210182646444
3158,115.0,108,True,11,2,0.1791204783472792
3159,213.0,62,True,5,0,0.17902890759563067
3160,193.0,84,True,5,0,0.17893738954117516
3161,177.0,82,True,5,2,0.17884592415358644
3162,180.0,70,True,9,0,0.17875451140255572
3163,237.0,55,True,2,0,0.17866315125779167
3164,218.0,56,True,5,0,0.1785718436890205
3165,166.0,71,True,6,3,0.17848058866598562
3166,224.0,62,True,3,0,0.1783893861584481
3167,225.0,62,True,3,0,0.1782982361361862
3168,183.0,74,True,7,0,0.17820713856899567
3169,165.0,78,True,9,1,0.1781160934266897
3170,181.0,75,True,6,1,0.17802510067909869
3171,192.0,55,True,6,2,0.1779341602960706
3172,122.0,103,True,10,2,0.17784327224747049
3173,-10.0,139,True,26,0,0.1777524365031811
3174,145.0,78,True,11,1,0.17766165303310216
3175,180.0,75,True,4,3,0.17757092180715098
3176,220.0,59,True,4,0,0.17748024279526203
3177,184.0,80,True,5,1,0.17738961596738706
3178,213.0,55,True,4,1,0.1772990412934953
3179,200.0,66,True,5,1,0.1772085187435731
3180,232.0,65,True,2,0,0.1771180482876241
3181,161.0,83,True,8,1,0.17702762989566925
3182,200.0,62,True,5,1,0.1769372635377467
3183,176.0,83,True,6,1,0.17684694918391194
3184,-151.0,212,True,35,2,0.1767566868042376
3185,178.0,85,True,2,4,0.1766664763688135
3186,202.0,67,True,6,0,0.17657631784774677
3187,229.0,57,True,2,1,0.1764862112111617
3188,212.0,62,True,5,0,0.1763961564291998
3189,148.0,82,True,11,0,0.17630615347201975
3190,207.0,65,True,4,1,0.17621620230979737
3191,229.0,74,True,1,0,0.1761263029127256
3192,184.0,79,True,6,1,0.1760364552510147
3193,238.0,59,True,2,0,0.17594665929489192
3194,206.0,65,True,4,1,0.17585691501460174
3195,164.0,59,True,8,3,0.17576722238040562
3196,193.0,62,True,5,2,0.17567758136258232
3197,240.0,57,True,2,0,0.17558799193142763
3198,136.0,87,True,10,2,0.1754984540572544
3199,194.0,74,True,3,2,0.17540896771039255
3200,0.0,139,True,24,0,0.17531953286118915
3201,137.0,100,True,9,1,0.17523014948000826
3202,187.0,65,True,8,0,0.17514081753723107
3203,180.0,67,True,6,2,0.1750515370032558
3204,166.0,76,True,7,2,0.1749623078484976
3205,196.0,59,True,8,0,0.17487313004338878
3206,173.0,74,True,9,0,0.17478400355837853
3207,209.0,67,True,4,0,0.17469492836393327
3208,184.0,71,True,6,2,0.1746059044305362
3209,188.0,69,True,6,1,0.17451693172868757
3210,213.0,66,True,3,1,0.17442801022890458
3211,20.0,116,True,13,9,0.17433913990172153
3212,149.0,88,True,9,1,0.17425032071768953
3213,187.0,76,True,5,1,0.1741615526473767
3214,228.0,67,True,2,0,0.17407283566136805
3215,235.0,59,True,2,0,0.17398416973026554
3216,188.0,65,True,8,0,0.17389555482468816
3217,202.0,56,True,7,0,0.17380699091527163
3218,206.0,65,True,4,1,0.17371847797266868
3219,190.0,62,True,5,2,0.17363001596754885
3220,146.0,80,True,9,2,0.17354160487059864
3221,139.0,91,True,10,1,0.17345324465252138
3222,116.0,123,True,8,2,0.1733649352840373
3223,176.0,59,True,8,2,0.17327667673588337
3224,215.0,65,True,4,0,0.17318846897881354
3225,200.0,67,True,6,0,0.17310031198359846
3226,156.0,78,True,9,1,0.17301220572102574
3227,214.0,54,True,3,2,0.17292415016189971
3228,161.0,65,True,10,1,0.1728361452770415
3229,223.0,71,True,2,0,0.172748191037289
3230,84.0,93,True,18,1,0.17266028741349704
3231,157.0,77,True,8,2,0.17257243437653708
3232,207.0,65,True,4,1,0.17248463189729732
3233,170.0,74,True,7,2,0.17239687994668285
3234,153.0,76,True,9,2,0.1723091784956153
3235,202.0,59,True,4,2,0.17222152751503333
3236,205.0,56,True,5,1,0.17213392697589208
3237,72.0,123,True,16,1,0.17204637684916343
3238,203.0,54,True,7,0,0.1719588771058361
3239,153.0,66,True,11,1,0.1718714277169153
3240,51.0,130,True,17,2,0.17178402865342318
3241,198.0,59,True,6,1,0.17169667988639836
3242,185.0,69,True,6,1,0.1716093813868962
3243,150.0,85,True,10,1,0.17152213312598874
3244,180.0,67,True,8,1,0.17143493507476457
3245,176.0,85,True,6,1,0.17134778720432908
3246,214.0,55,True,4,1,0.17126068948580417
3247,241.0,62,True,1,0,0.17117364189032838
3248,179.0,63,True,8,1,0.17108664438905682
3249,166.0,65,True,6,4,0.17099969695316133
3250,240.0,57,True,0,1,0.17091279955383024
3251,200.0,56,True,7,0,0.17082595216226842
3252,205.0,56,True,5,1,0.17073915474969745
3253,234.0,56,True,1,1,0.17065240728735528
3254,156.0,80,True,7,3,0.17056570974649662
3255,209.0,72,True,3,1,0.1704790620983926
3256,214.0,65,True,4,0,0.17039246431433086
3257,203.0,56,True,7,0,0.17030591636561568
3258,95.0,109,True,14,1,0.1702194182235677
3259,181.0,67,True,8,0,0.17013296985952422
3260,211.0,69,True,4,0,0.170046571244839
3261,215.0,57,True,4,1,0.16996022235088212
3262,212.0,56,True,3,2,0.16987392314904035
3263,180.0,79,True,6,1,0.16978767361071678
3264,-44.0,172,True,23,4,0.16970147370733113
3265,147.0,67,True,8,4,0.16961532341031937
3266,179.0,78,True,5,2,0.169529222691134
3267,197.0,67,True,6,0,0.16944317152124394
3268,-26.0,189,True,16,5,0.16935716987213456
3269,121.0,115,True,8,3,0.1692712177153076
3270,197.0,69,True,4,2,0.16918531502228118
3271,174.0,75,True,6,3,0.1690994617645899
3272,190.0,66,True,7,1,0.1690136579137846
3273,210.0,69,True,4,0,0.16892790344143263
3274,191.0,67,True,6,1,0.16884219831911765
3275,235.0,59,True,2,0,0.1687565425184397
3276,201.0,69,True,6,0,0.16867093601101504
3277,198.0,62,True,7,0,0.1685853787684764
3278,211.0,62,True,5,0,0.16849987076247283
3279,203.0,62,True,5,1,0.1684144119646696
3280,192.0,77,True,4,1,0.1683290023467484
3281,193.0,67,True,4,2,0.1682436418804072
3282,174.0,89,True,6,1,0.16815833053736004
3283,149.0,108,True,7,1,0.16807306828933757
3284,227.0,59,True,2,1,0.16798785510808656
3285,207.0,65,True,2,2,0.16790269096536997
3286,161.0,83,True,8,1,0.16781757583296708
3287,208.0,65,True,4,1,0.16773250968267342
3288,191.0,51,True,8,1,0.16764749248630073
3289,185.0,78,True,7,0,0.167562524215677
3290,198.0,59,True,4,3,0.16747760484264637
3291,16.0,103,True,22,4,0.16739273433906923
3292,215.0,65,True,4,0,0.16730791267682218
3293,215.0,57,True,4,1,0.167223139827798
3294,210.0,57,True,2,3,0.16713841576390556
3295,187.0,69,True,6,1,0.16705374045707003
3296,187.0,67,True,6,1,0.1669691138792326
3297,215.0,65,True,4,0,0.16688453600235076
3298,185.0,67,True,6,2,0.16680000679839796
3299,190.0,70,True,7,0,0.16671552623936398
3300,195.0,67,True,4,2,0.1666310942972545
3301,170.0,65,True,8,2,0.16654671094409146
3302,140.0,76,True,9,3,0.16646237615191292
3303,170.0,71,True,6,3,0.16637808989277292
3304,231.0,56,True,3,0,0.16629385213874165
3305,207.0,57,True,4,2,0.1662096628619053
3306,18.0,138,True,23,0,0.1661255220343663
3307,150.0,92,True,7,2,0.16604142962824298
3308,199.0,59,True,6,1,0.16595738561566972
3309,175.0,66,True,7,2,0.16587338996879697
3310,217.0,62,True,3,1,0.1657894426597912
3311,159.0,81,True,10,0,0.16570554366083495
3312,159.0,91,True,8,1,0.1656216929441267
3313,183.0,69,True,8,0,0.16553789048188094
3314,229.0,56,True,1,2,0.1654541362463282
3315,191.0,82,True,5,0,0.16537043020971484
3316,168.0,62,True,11,0,0.16528677234430345
3317,176.0,65,True,8,1,0.1652031626223724
3318,200.0,65,True,6,0,0.16511960101621598
3319,203.0,62,True,5,1,0.16503608749814458
3320,228.0,59,True,2,1,0.16495262204048433
3321,203.0,56,True,7,0,0.16486920461557752
3322,30.0,124,True,17,5,0.16478583519578216
3323,208.0,66,True,5,0,0.16470251375347228
3324,181.0,81,True,6,1,0.16461924026103766
3325,167.0,109,True,6,0,0.16453601469088422
3326,199.0,65,True,6,0,0.16445283701543356
3327,204.0,65,True,6,0,0.16436970720712318
3328,239.0,55,True,2,0,0.16428662523840648
3329,215.0,51,True,6,0,0.1642035910817527
3330,218.0,66,True,3,0,0.16412060470964693
3331,188.0,65,True,8,0,0.1640376660945901
3332,229.0,65,True,2,0,0.16395477520909899
3333,217.0,49,True,4,1,0.16387193202570607
3334,220.0,65,True,2,1,0.16378913651695973
3335,187.0,65,True,6,2,0.16370638865542417
3336,152.0,79,True,10,1,0.16362368841367936
3337,199.0,65,True,4,2,0.163541035764321
3338,204.0,62,True,3,2,0.16345843067996055
3339,188.0,82,True,5,1,0.16337587313322535
3340,-11.0,181,True,18,4,0.1632933630967584
3341,225.0,62,True,3,0,0.16321090054321846
3342,164.0,83,True,8,1,0.16312848544528
3343,209.0,62,True,5,0,0.16304611777563324
3344,215.0,88,True,1,0,0.16296379750698417
3345,191.0,59,True,8,0,0.16288152461205438
3346,129.0,84,True,11,2,0.16279929906358123
3347,190.0,67,True,6,1,0.16271712083431777
3348,223.0,71,True,2,0,0.16263498989703268
3349,208.0,66,True,5,0,0.16255290622451035
3350,221.0,56,True,3,1,0.1624708697895509
3351,201.0,65,True,6,0,0.1623888805649699
3352,217.0,62,True,3,1,0.16230693852359876
3353,214.0,67,True,4,0,0.16222504363828444
3354,228.0,56,True,3,0,0.1621431958818896
3355,186.0,65,True,8,0,0.16206139522729238
3356,227.0,74,True,1,0,0.16197964164738665
3357,196.0,59,True,6,1,0.16189793511508185
3358,149.0,75,True,10,2,0.16181627560330294
3359,166.0,81,True,8,1,0.1617346630849906
3360,240.0,62,True,1,0,0.16165309753310092
3361,231.0,67,True,2,0,0.1615715789206057
3362,192.0,62,True,5,2,0.16149010722049215
3363,190.0,65,True,8,0,0.1614086824057632
3364,220.0,52,True,5,0,0.16132730444943716
3365,68.0,116,True,13,4,0.16124597332454793
3366,205.0,61,True,6,0,0.16116468900414496
3367,234.0,59,True,2,0,0.1610834514612931
3368,226.0,62,True,3,0,0.16100226066907286
3369,171.0,72,True,7,2,0.16092111660058012
3370,244.0,56,True,1,0,0.1608400192289263
3371,220.0,69,True,2,1,0.16075896852723826
3372,207.0,66,True,5,0,0.16067796446865829
3373,216.0,62,True,3,1,0.16059700702634427
3374,136.0,67,True,12,2,0.16051609617346943
3375,202.0,65,True,6,0,0.16043523188322237
3376,186.0,76,True,3,3,0.1603544141288073
3377,208.0,62,True,3,2,0.16027364288344367
3378,205.0,59,True,6,0,0.16019291812036646
3379,160.0,66,True,7,4,0.16011223981282602
3380,175.0,69,True,8,1,0.1600316079340881
3381,142.0,95,True,8,2,0.15995102245743378
3382,179.0,66,True,9,0,0.15987048335615958
3383,219.0,57,True,2,2,0.15978999060357743
3384,201.0,69,True,4,1,0.15970954417301447
3385,216.0,67,True,2,1,0.1596291440378133
3386,197.0,59,True,6,1,0.1595487901713318
3387,185.0,92,True,5,0,0.15946848254694332
3388,178.0,66,True,9,0,0.15938822113803636
3389,220.0,59,True,4,0,0.1593080059180148
3390,165.0,95,True,6,1,0.15922783686029787
3391,210.0,62,True,3,2,0.15914771393832003
3392,202.0,65,True,6,0,0.15906763712553104
3393,212.0,59,True,4,1,0.158987606395396
3394,168.0,99,True,4,2,0.15890762172139525
3395,188.0,69,True,6,1,0.1588276830770243
3396,201.0,67,True,6,0,0.158747790435794
3397,165.0,65,True,6,4,0.15866794377123053
3398,213.0,59,True,4,1,0.15858814305687513
3399,48.0,115,True,18,2,0.15850838826628433
3400,133.0,116,True,7,3,0.15842867937302993
3401,204.0,59,True,4,2,0.15834901635069892
3402,180.0,59,True,6,3,0.15826939917289343
3403,120.0,97,True,10,3,0.15818982781323088
3404,180.0,65,True,8,1,0.15811030224534375
3405,229.0,52,True,1,2,0.15803082244287975
3406,169.0,74,True,9,0,0.1579513883795019
3407,185.0,74,True,7,0,0.1578720000288881
3408,219.0,65,True,4,0,0.15779265736473158
3409,227.0,49,True,2,2,0.1577133603607407
3410,196.0,82,True,5,0,0.15763410899063887
3411,201.0,74,True,5,0,0.1575549032281647
3412,232.0,59,True,0,2,0.15747574304707193
3413,197.0,67,True,6,0,0.15739662842112928
3414,188.0,70,True,7,0,0.1573175593241207
3415,152.0,66,True,9,3,0.15723853572984506
3416,160.0,93,True,8,1,0.1571595576121166
3417,247.0,47,True,2,0,0.15708062494476432
3418,190.0,67,True,6,1,0.15700173770163245
3419,241.0,51,True,2,0,0.1569228958565802
3420,179.0,71,True,6,2,0.1568440993834819
3421,175.0,69,True,8,1,0.15676534825622687
3422,201.0,82,True,5,0,0.1566866424487194
3423,191.0,79,True,4,1,0.1566079819348789
3424,168.0,87,True,8,0,0.15652936668863973
3425,238.0,47,True,2,1,0.15645079668395126
3426,202.0,59,True,6,1,0.15637227189477784
3427,163.0,71,True,8,2,0.1562937922950989
3428,219.0,59,True,4,0,0.15621535785890864
3429,221.0,58,True,3,1,0.1561369685602164
3430,220.0,59,True,4,0,0.15605862437304646
3431,189.0,65,True,6,1,0.155980325271438
3432,198.0,55,True,8,0,0.1559020712294451
3433,212.0,67,True,4,0,0.15582386222113687
3434,130.0,95,True,12,0,0.15574569822059725
3435,192.0,75,True,4,2,0.15566757920192523
3436,213.0,65,True,4,0,0.15558950513923456
3437,208.0,65,True,4,1,0.15551147600665394
3438,177.0,69,True,4,4,0.15543349177832697
3439,194.0,71,True,6,0,0.1553555524284121
3440,127.0,88,True,11,2,0.15527765793108275
3441,236.0,52,True,3,0,0.15519980826052704
3442,168.0,66,True,9,1,0.15512200339094806
3443,249.0,59,True,0,0,0.1550442432965637
3444,195.0,62,True,7,0,0.1549665279516068
3445,254.0,55,True,0,0,0.1548888573303248
3446,217.0,57,True,2,2,0.15481123140698014
3447,110.0,94,True,13,2,0.15473365015585006
3448,250.0,59,True,0,0,0.1546561135512265
3449,181.0,65,True,8,1,0.1545786215674163
3450,229.0,65,True,2,0,0.1545011741787411
3451,209.0,61,True,4,1,0.15442377135953717
3452,235.0,59,True,2,0,0.15434641308415567
3453,238.0,57,True,2,0,0.1542690993269625
3454,206.0,56,True,5,1,0.15419183006233833
3455,201.0,65,True,6,0,0.15411460526467854
3456,209.0,55,True,6,0,0.15403742490839323
3457,207.0,72,True,5,0,0.15396028896790723
3458,234.0,56,True,1,1,0.1538831974176602
3459,140.0,119,True,8,0,0.15380615023210634
3460,207.0,54,True,3,3,0.15372914738571464
3461,246.0,47,True,2,0,0.15365218885296877
3462,223.0,65,True,2,1,0.1535752746083671
3463,236.0,59,True,2,0,0.15349840462642264
3464,171.0,85,True,6,2,0.15342157888166313
3465,193.0,59,True,8,0,0.15334479734863088
3466,189.0,81,True,4,1,0.15326806000188295
3467,163.0,76,True,7,2,0.1531913668159909
3468,127.0,78,True,11,3,0.15311471776554111
3469,234.0,62,True,1,1,0.15303811282513446
3470,196.0,62,True,7,0,0.15296155196938646
3471,220.0,66,True,3,0,0.15288503517292726
3472,194.0,61,True,6,1,0.15280856241040155
3473,195.0,65,True,4,2,0.15273213365646868
3474,219.0,66,True,3,0,0.15265574888580263
3475,185.0,65,True,8,0,0.15257940807309175
3476,206.0,56,True,5,1,0.15250311119303916
3477,230.0,57,True,2,1,0.1524268582203625
3478,182.0,79,True,6,1,0.15235064912979387
3479,186.0,76,True,5,1,0.15227448389607995
3480,245.0,56,True,1,0,0.15219836249398208
3481,228.0,49,True,2,2,0.15212228489827587
3482,202.0,56,True,7,0,0.15204625108375175
3483,214.0,62,True,5,0,0.1519702610252143
3484,220.0,56,True,3,1,0.1518943146974829
3485,168.0,69,True,10,0,0.15181841207539146
3486,199.0,62,True,5,1,0.15174255313378796
3487,260.0,51,True,0,0,0.15166673784753537
3488,185.0,62,True,7,1,0.1515909661915107
3489,210.0,62,True,5,0,0.15151523814060566
3490,201.0,74,True,5,0,0.15143955366972642
3491,192.0,65,True,6,1,0.1513639127537934
3492,163.0,82,True,7,2,0.15128831536774168
3493,225.0,59,True,2,1,0.15121276148652057
3494,164.0,84,True,5,3,0.1511372510850939
3495,232.0,59,True,2,0,0.15106178413844001
3496,208.0,62,True,5,0,0.15098636062155135
3497,152.0,81,True,10,1,0.15091098050943505
3498,107.0,99,True,12,2,0.15083564377711242
3499,176.0,68,True,9,0,0.15076035039961927
3500,150.0,94,True,3,6,0.1506851003520058
3501,180.0,95,True,4,1,0.15060989360933635
3502,184.0,75,True,6,1,0.15053473014668994
3503,213.0,62,True,5,0,0.1504596099391596
3504,217.0,47,True,6,0,0.15038453296185292
3505,208.0,54,True,5,1,0.1503094991898918
3506,201.0,65,True,6,0,0.15023450859841228
3507,219.0,65,True,4,0,0.15015956116256493
3508,224.0,59,True,2,1,0.15008465685751451
3509,197.0,62,True,7,0,0.15000979565843997
3510,212.0,57,True,2,3,0.14993497754053484
3511,180.0,66,True,5,3,0.14986020247900658
3512,218.0,55,True,4,1,0.14978547044907714
3513,222.0,56,True,3,1,0.1497107814259827
3514,224.0,56,True,3,1,0.1496361353849736
3515,182.0,96,True,5,0,0.14956153230131458
3516,203.0,62,True,5,1,0.1494869721502844
3517,184.0,65,True,6,2,0.14941245490717617
3518,218.0,67,True,2,1,0.14933798054729736
3519,189.0,74,True,3,3,0.14926354904596933
3520,230.0,56,True,3,0,0.14918916037852792
3521,198.0,62,True,7,0,0.149114814520323
3522,227.0,51,True,4,0,0.1490405114467187
3523,221.0,67,True,2,1,0.1489662511330934
3524,191.0,65,True,6,1,0.14889203355483938
3525,156.0,83,True,10,0,0.14881785868736344
3526,188.0,47,True,10,0,0.1487437265060862
3527,119.0,85,True,6,7,0.14866963698644267
3528,157.0,111,True,6,1,0.14859559010388193
3529,194.0,77,True,4,1,0.14852158583386713
3530,236.0,49,True,2,1,0.14844762415187557
3531,245.0,47,True,2,0,0.1483737050333986
3532,96.0,123,True,12,2,0.1482998284539419
3533,238.0,52,True,1,1,0.14822599438902498
3534,217.0,75,True,2,0,0.14815220281418157
3535,191.0,78,True,5,1,0.14807845370495948
3536,188.0,67,True,6,1,0.1480047470369205
3537,207.0,66,True,5,0,0.14793108278564057
3538,184.0,82,True,5,1,0.14785746092670976
3539,187.0,59,True,8,1,0.14778388143573198
3540,181.0,66,True,7,1,0.14771034428832538
3541,211.0,62,True,5,0,0.14763684946012195
3542,216.0,46,True,5,1,0.14756339692676793
3543,173.0,66,True,7,2,0.1474899866639234
3544,226.0,71,True,2,0,0.14741661864726247
3545,175.0,80,True,7,1,0.14734329285247327
3546,212.0,56,True,3,2,0.14727000925525807
3547,88.0,116,True,13,2,0.14719676783133281
3548,205.0,62,True,5,1,0.14712356855642772
3549,129.0,109,True,10,1,0.14705041140628672
3550,161.0,93,True,8,0,0.1469772963566679
3551,200.0,55,True,6,1,0.14690422338334327
3552,173.0,65,True,10,0,0.14683119246209864
3553,227.0,57,True,2,1,0.14675820356873395
3554,203.0,62,True,3,3,0.14668525667906285
3555,201.0,55,True,6,1,0.14661235176891313
3556,230.0,65,True,2,0,0.14653948881412637
3557,189.0,65,True,8,0,0.14646666779055803
3558,223.0,53,True,2,2,0.14639388867407757
3559,74.0,120,True,13,3,0.14632115144056823
3560,209.0,59,True,6,0,0.14624845606592712
3561,196.0,66,True,7,0,0.1461758025260654
3562,234.0,59,True,2,0,0.14610319079690787
3563,220.0,49,True,4,1,0.14603062085439336
3564,199.0,65,True,6,0,0.14595809267447435
3565,238.0,59,True,0,1,0.14588560623311733
3566,-28.0,154,True,25,1,0.14581316150630264
3567,191.0,77,True,4,2,0.14574075847002424
3568,216.0,65,True,4,0,0.14566839710029017
3569,243.0,56,True,1,0,0.145596077373122
3570,221.0,56,True,5,0,0.1455237992645553
3571,18.0,148,True,17,4,0.14545156275063945
3572,135.0,72,True,13,1,0.14537936780743743
3573,175.0,67,True,8,1,0.14530721441102618
3574,207.0,59,True,6,0,0.14523510253749622
3575,187.0,67,True,6,1,0.145163032162952
3576,189.0,65,True,8,0,0.14509100326351174
3577,174.0,62,True,5,4,0.14501901581530716
3578,137.0,110,True,9,0,0.14494706979448402
3579,188.0,103,True,2,2,0.14487516517720156
3580,172.0,65,True,8,2,0.14480330193963284
3581,211.0,50,True,5,1,0.1447314800579648
3582,218.0,59,True,2,2,0.1446596995083977
3583,216.0,55,True,4,1,0.14458796026714585
3584,238.0,59,True,2,0,0.14451626231043713
3585,89.0,116,True,13,3,0.14444460561451297
3586,216.0,57,True,2,2,0.1443729901556287
3587,174.0,80,True,7,1,0.14430141591005316
3588,211.0,59,True,4,1,0.14422988285406887
3589,239.0,62,True,1,0,0.1441583909639721
3590,195.0,62,True,5,2,0.14408694021607255
3591,177.0,86,True,7,0,0.1440155305866938
3592,164.0,69,True,8,2,0.14394416205217284
3593,226.0,59,True,2,1,0.14387283458886044
3594,206.0,55,True,4,2,0.14380154817312096
3595,203.0,59,True,4,2,0.1437303027813322
3596,66.0,124,True,15,2,0.14365909838988578
3597,143.0,101,True,8,1,0.14358793497518668
3598,185.0,72,True,5,2,0.14351681251365364
3599,197.0,71,True,2,3,0.14344573098171898
3600,251.0,59,True,0,0,0.1433746903558284
3601,174.0,65,True,6,3,0.14330369061244136
3602,215.0,59,True,4,1,0.14323273172803064
3603,193.0,71,True,4,2,0.14316181367908276
3604,204.0,85,True,2,1,0.14309093644209775
3605,209.0,71,True,4,0,0.14302009999358908
3606,192.0,65,True,6,1,0.14294930431008376
3607,182.0,67,True,6,2,0.1428785493681223
3608,245.0,51,True,2,0,0.1428078351442588
3609,178.0,59,True,6,3,0.14273716161506073
3610,190.0,56,True,5,3,0.14266652875710908
3611,228.0,65,True,2,1,0.14259593654699843
3612,212.0,74,True,3,0,0.1425253849613366
3613,240.0,62,True,1,0,0.14245487397674508
3614,221.0,57,True,2,2,0.14238440356985882
3615,183.0,59,True,8,1,0.142313973717326
3616,211.0,55,True,6,0,0.14224358439580848
3617,178.0,62,True,7,2,0.14217323558198133
3618,206.0,65,True,4,1,0.14210292725253323
3619,166.0,65,True,10,1,0.14203265938416626
3620,156.0,79,True,8,2,0.14196243195359576
3621,224.0,57,True,4,0,0.14189224493755057
3622,198.0,70,True,3,2,0.141822098312773
3623,207.0,67,True,6,0,0.14175199205601857
3624,237.0,50,True,3,0,0.14168192614405634
3625,241.0,55,True,2,0,0.14161190055366854
3626,207.0,62,True,3,2,0.14154191526165097
3627,167.0,80,True,9,0,0.14147197024481276
3628,230.0,65,True,2,0,0.1414020654799762
3629,224.0,59,True,4,0,0.14133220094397714
3630,193.0,71,True,4,2,0.14126237661366456
3631,190.0,65,True,6,1,0.14119259246590096
3632,205.0,76,True,3,1,0.14112284847756207
3633,138.0,88,True,9,2,0.1410531446255368
3634,232.0,51,True,2,1,0.14098348088672766
3635,195.0,83,True,4,1,0.14091385723805008
3636,209.0,65,True,4,1,0.1408442736564331
3637,220.0,65,True,2,1,0.14077473011881889
3638,174.0,82,True,5,2,0.1407052266021628
3639,199.0,74,True,5,0,0.1406357630834337
3640,215.0,67,True,4,0,0.14056633953961342
3641,227.0,59,True,2,1,0.1404969559476972
3642,222.0,65,True,2,1,0.14042761228469364
3643,214.0,65,True,4,0,0.14035830852762418
3644,222.0,59,True,4,0,0.14028904465352396
3645,222.0,59,True,4,0,0.14021982063944094
3646,181.0,69,True,6,2,0.1401506364624365
3647,184.0,62,True,9,0,0.14008149209958526
3648,205.0,62,True,5,1,0.1400123875279748
3649,224.0,51,True,2,2,0.13994332272470617
3650,145.0,82,True,9,2,0.13987429766689333
3651,-1.0,156,True,17,4,0.1398053123316636
3652,236.0,56,True,1,1,0.13973636669615747
3653,190.0,66,True,5,2,0.13966746073752842
3654,235.0,59,True,2,0,0.13959859443294323
3655,192.0,80,True,5,0,0.13952976775958173
3656,224.0,56,True,3,1,0.13946098069463694
3657,215.0,66,True,3,1,0.13939223321531502
3658,174.0,82,True,7,1,0.1393235252988351
3659,218.0,47,True,2,3,0.13925485692242964
3660,214.0,67,True,2,1,0.1391862280633441
3661,213.0,72,True,3,0,0.13911763869883692
3662,206.0,62,True,3,2,0.13904908880617986
3663,215.0,65,True,4,0,0.13898057836265754
3664,193.0,62,True,5,2,0.13891210734556778
3665,182.0,69,True,6,2,0.13884367573222148
3666,172.0,94,True,3,3,0.13877528349994245
3667,158.0,80,True,9,1,0.13870693062606776
3668,238.0,55,True,2,0,0.1386386170879473
3669,214.0,67,True,4,0,0.13857034286294417
3670,188.0,74,True,7,0,0.13850210792843445
3671,169.0,68,True,7,3,0.13843391226180718
3672,231.0,47,True,4,0,0.1383657558404645
3673,194.0,77,True,2,3,0.13829763864182143
3674,187.0,67,True,8,0,0.13822956064330613
3675,176.0,59,True,6,3,0.13816152182235972
3676,117.0,106,True,7,4,0.13809352215643617
3677,163.0,77,True,6,3,0.1380255616230026
3678,71.0,134,True,7,6,0.137957640199539
3679,204.0,59,True,6,0,0.1378897578635383
3680,180.0,65,True,8,1,0.1378219145925065
3681,184.0,72,True,7,0,0.13775411036396237
3682,178.0,56,True,9,1,0.13768634515543784
3683,184.0,81,True,6,0,0.13761861894447752
3684,113.0,97,True,10,3,0.13755093170863913
3685,151.0,81,True,10,1,0.1374832834254933
3686,180.0,65,True,8,1,0.13741567407262337
3687,176.0,65,True,8,1,0.13734810362762584
3688,97.0,109,True,14,1,0.1372805720681099
3689,231.0,56,True,3,0,0.13721307937169774
3690,228.0,55,True,2,1,0.13714562551602447
3691,227.0,51,True,4,0,0.13707821047873786
3692,227.0,74,True,1,0,0.13701083423749882
3693,205.0,81,True,2,1,0.13694349676998085
3694,187.0,65,True,8,0,0.1368761980538705
3695,198.0,55,True,8,0,0.13680893806686711
3696,216.0,65,True,4,0,0.13674171678668276
3697,207.0,62,True,3,2,0.13667453419104245
3698,193.0,65,True,6,1,0.136607390257684
3699,214.0,71,True,2,1,0.13654028496435797
3700,201.0,74,True,5,0,0.13647321828882786
3701,243.0,51,True,2,0,0.13640619020886974
3702,226.0,50,True,3,1,0.13633920070227268
3703,203.0,62,True,5,1,0.13627224974683852
3704,184.0,78,True,5,2,0.1362053373203817
3705,230.0,56,True,3,0,0.13613846340072963
3706,141.0,74,True,13,0,0.1360716279657223
3707,207.0,77,True,4,0,0.13600483099321262
3708,240.0,59,True,2,0,0.13593807246106618
3709,149.0,84,True,11,0,0.1358713523471612
3710,149.0,71,True,10,2,0.13580467062938884
3711,247.0,47,True,2,0,0.13573802728565276
3712,191.0,65,True,6,1,0.1356714222938695
3713,195.0,67,True,6,1,0.13560485563196834
3714,170.0,77,True,6,2,0.13553832727789097
3715,231.0,59,True,2,0,0.13547183720959222
3716,195.0,69,True,2,3,0.13540538540503913
3717,226.0,59,True,2,1,0.13533897184221183
3718,187.0,69,True,6,1,0.1352725964991029
3719,205.0,84,True,3,0,0.1352062593537176
3720,209.0,66,True,3,1,0.13513996038407394
3721,164.0,72,True,9,1,0.13507369956820245
3722,189.0,87,True,6,0,0.13500747688414638
3723,231.0,47,True,4,0,0.1349412923099617
3724,205.0,66,True,5,0,0.1348751458237168
3725,206.0,59,True,6,0,0.13480903740349293
3726,156.0,83,True,10,0,0.1347429670273837
3727,241.0,59,True,0,1,0.1346769346734955
3728,215.0,62,True,3,1,0.1346109403199474
3729,122.0,130,True,9,0,0.13454498394487077
3730,172.0,78,True,7,1,0.13447906552640984
3731,246.0,47,True,2,0,0.13441318504272126
3732,210.0,59,True,4,1,0.13434734247197433
3733,188.0,69,True,6,1,0.1342815377923509
3734,182.0,69,True,8,0,0.13421577098204535
3735,259.0,47,True,0,0,0.1341500420192646
3736,237.0,56,True,1,1,0.13408435088222817
3737,174.0,108,True,3,1,0.13401869754916804
3738,217.0,72,True,1,1,0.1339530819983288
3739,186.0,59,True,6,2,0.13388750420796744
3740,153.0,77,True,10,1,0.13382196415635358
3741,210.0,82,True,3,0,0.13375646182176937
3742,61.0,177,True,8,4,0.13369099718250926
3743,67.0,141,True,12,3,0.13362557021688043
3744,199.0,66,True,5,1,0.13356018090320237
3745,244.0,47,True,2,0,0.13349482921980713
3746,181.0,67,True,6,2,0.13342951514503926
3747,229.0,62,True,1,1,0.1333642386572556
3748,221.0,71,True,2,1,0.13329899973482573
3749,133.0,96,True,9,2,0.1332337983561314
3750,249.0,47,True,2,0,0.1331686344995669
3751,206.0,65,True,6,0,0.1331035081435391
3752,187.0,67,True,8,0,0.13303841926646703
3753,219.0,66,True,3,0,0.13297336784678243
3754,238.0,46,True,3,0,0.13290835386292912
3755,230.0,67,True,2,0,0.13284337729336362
3756,217.0,65,True,4,0,0.13277843811655474
3757,194.0,67,True,4,2,0.1327135363109836
3758,245.0,47,True,2,0,0.13264867185514384
3759,201.0,65,True,6,0,0.13258384472754137
3760,176.0,71,True,8,1,0.13251905490669452
3761,217.0,57,True,2,2,0.13245430237113404
3762,202.0,62,True,5,1,0.13238958709940285
3763,214.0,62,True,5,0,0.13232490907005648
3764,203.0,59,True,4,2,0.13226026826166254
3765,183.0,65,True,6,2,0.1321956646528011
3766,176.0,65,True,8,1,0.13213109822206467
3767,-66.0,153,True,26,5,0.13206656894805782
3768,223.0,59,True,2,1,0.13200207680939768
3769,172.0,69,True,8,1,0.13193762178471347
3770,214.0,65,True,4,0,0.13187320385264686
3771,200.0,82,True,3,1,0.13180882299185187
3772,210.0,55,True,6,0,0.13174447918099455
3773,237.0,49,True,2,1,0.13168017239875343
3774,159.0,67,True,10,2,0.13161590262381934
3775,200.0,66,True,5,1,0.13155166983489516
3776,247.0,49,True,0,1,0.13148747401069627
3777,231.0,56,True,3,0,0.1314233151299501
3778,212.0,67,True,4,0,0.1313591931713964
3779,218.0,56,True,3,1,0.1312951081137873
3780,228.0,55,True,2,1,0.1312310599358869
3781,119.0,101,True,14,0,0.1311670486164717
3782,203.0,67,True,4,1,0.13110307413433028
3783,201.0,79,True,4,0,0.13103913646826354
3784,211.0,62,True,5,0,0.13097523559708463
3785,189.0,62,True,7,1,0.13091137149961868
3786,228.0,66,True,1,1,0.1308475441547032
3787,121.0,87,True,10,4,0.13078375354118776
3788,226.0,62,True,3,0,0.13071999963793418
3789,189.0,62,True,7,1,0.13065628242381647
3790,207.0,59,True,2,3,0.13059260187772065
3791,209.0,65,True,2,3,0.13052895797854508
3792,204.0,67,True,4,1,0.13046535070520004
3793,220.0,59,True,4,0,0.13040178003660816
3794,222.0,52,True,5,0,0.13033824595170415
3795,242.0,46,True,1,1,0.1302747484294347
3796,230.0,53,True,2,1,0.13021128744875884
3797,236.0,59,True,2,0,0.13014786298864747
3798,176.0,77,True,8,0,0.1300844750280838
3799,230.0,55,True,4,0,0.13002112354606304
3800,206.0,72,True,3,1,0.12995780852159242
3801,96.0,103,True,16,0,0.12989452993369147
3802,203.0,65,True,4,1,0.1298312877613915
3803,187.0,67,True,6,1,0.1297680819837361
3804,205.0,62,True,5,1,0.1297049125797809
3805,207.0,62,True,5,1,0.12964177952859343
3806,212.0,66,True,3,1,0.12957868280925353
3807,211.0,66,True,3,1,0.12951562240085276
3808,216.0,59,True,2,2,0.129452598282495
3809,218.0,76,True,1,1,0.12938961043329603
3810,187.0,65,True,4,3,0.12932665883238353
3811,197.0,62,True,7,0,0.12926374345889743
3812,88.0,118,True,11,3,0.12920086429198957
3813,193.0,62,True,5,2,0.12913802131082366
3814,175.0,82,True,7,0,0.1290752144945756
3815,135.0,116,True,7,2,0.1290124438224331
3816,176.0,77,True,8,0,0.12894970927359595
3817,176.0,69,True,8,1,0.12888701082727597
3818,222.0,59,True,4,0,0.12882434846269672
3819,185.0,77,True,4,2,0.128761722159094
3820,-90.0,192,True,27,3,0.12869913189571533
3821,233.0,49,True,2,1,0.12863657765182027
3822,239.0,55,True,2,0,0.12857405940668032
3823,183.0,62,True,9,0,0.1285115771395789
3824,182.0,79,True,4,2,0.12844913082981135
3825,201.0,65,True,6,0,0.12838672045668487
3826,170.0,80,True,7,1,0.12832434599951864
3827,173.0,77,True,6,2,0.1282620074376438
3828,236.0,52,True,3,0,0.12819970475040318
3829,221.0,59,True,2,2,0.12813743791715174
3830,168.0,67,True,10,1,0.1280752069172561
3831,214.0,59,True,4,1,0.12801301173009494
3832,208.0,59,True,6,0,0.1279508523350587
3833,209.0,71,True,4,0,0.12788872871154966
3834,15.0,168,True,17,2,0.1278266408389821
3835,162.0,71,True,4,5,0.12776458869678192
3836,224.0,56,True,3,1,0.12770257226438705
3837,200.0,72,True,5,1,0.12764059152124727
3838,240.0,59,True,0,1,0.12757864644682396
3839,213.0,62,True,5,0,0.12751673702059055
3840,219.0,67,True,2,1,0.12745486322203217
3841,253.0,50,True,1,0,0.12739302503064576
3842,186.0,71,True,6,1,0.12733122242594017
3843,225.0,56,True,3,1,0.12726945538743584
3844,172.0,67,True,8,2,0.12720772389466523
3845,226.0,62,True,3,0,0.12714602792717236
3846,230.0,59,True,2,1,0.12708436746451315
3847,223.0,59,True,4,0,0.1270227424862553
3848,141.0,78,True,9,3,0.12696115297197816
3849,209.0,59,True,4,1,0.12689959890127292
3850,210.0,62,True,5,0,0.12683808025374255
3851,195.0,49,True,6,2,0.1267765970090016
3852,162.0,81,True,8,1,0.12671514914667653
3853,131.0,74,True,11,3,0.12665373664640536
3854,190.0,62,True,7,1,0.12659235948783798
3855,200.0,67,True,6,0,0.12653101765063596
3856,212.0,62,True,5,0,0.12646971111447242
3857,136.0,94,True,5,5,0.12640843985903244
3858,209.0,55,True,6,0,0.12634720386401252
3859,204.0,65,True,4,1,0.12628600310912103
3860,200.0,65,True,6,0,0.12622483757407799
3861,203.0,62,True,5,1,0.12616370723861497
3862,200.0,67,True,6,0,0.1261026120824754
3863,236.0,55,True,2,0,0.12604155208541415
3864,210.0,62,True,5,0,0.12598052722719794
3865,234.0,49,True,2,1,0.12591953748760504
3866,150.0,81,True,8,3,0.1258585828464253
3867,224.0,59,True,4,0,0.12579766328346034
3868,197.0,59,True,4,3,0.12573677877852324
3869,232.0,65,True,2,0,0.12567592931143884
3870,185.0,67,True,8,0,0.12561511486204358
3871,244.0,56,True,1,0,0.12555433541018535
3872,223.0,55,True,4,0,0.12549359093572388
3873,160.0,80,True,9,1,0.12543288141853018
3874,218.0,55,True,2,2,0.12537220683848715
3875,184.0,75,True,6,1,0.12531156717548914
3876,197.0,62,True,5,2,0.125250962409442
3877,220.0,59,True,4,0,0.1251903925202633
3878,231.0,56,True,3,0,0.12512985748788194
3879,184.0,67,True,8,0,0.12506935729223861
3880,204.0,56,True,7,0,0.12500889191328546
3881,155.0,62,True,9,3,0.12494846133098608
3882,202.0,67,True,4,1,0.12488806552531577
3883,224.0,66,True,3,0,0.12482770447626115
3884,218.0,71,True,2,1,0.12476737816382048
3885,218.0,56,True,5,0,0.12470708656800361
3886,180.0,85,True,4,3,0.12464682966883167
3887,193.0,59,True,4,3,0.12458660744633747
3888,175.0,67,True,6,3,0.1245264198805653
3889,168.0,65,True,8,2,0.1244662669515708
3890,211.0,65,True,4,1,0.12440614863942125
3891,118.0,115,True,10,1,0.12434606492419525
3892,220.0,77,True,2,0,0.12428601578598299
3893,201.0,71,True,4,1,0.1242260012048861
3894,225.0,62,True,3,0,0.12416602116101755
3895,192.0,72,True,5,1,0.1241060756345019
3896,131.0,94,True,11,1,0.12404616460547505
3897,160.0,67,True,10,1,0.12398628805408435
3898,246.0,56,True,1,0,0.12392644596048866
3899,184.0,74,True,7,0,0.1238666383048581
3900,238.0,59,True,2,0,0.12380686506737436
3901,199.0,82,True,3,1,0.12374712622823038
3902,143.0,87,True,10,2,0.12368742176763065
3903,201.0,69,True,4,1,0.123627751665791
3904,226.0,62,True,3,0,0.12356811590293855
3905,230.0,65,True,2,0,0.12350851445931196
3906,220.0,47,True,6,0,0.12344894731516112
3907,182.0,62,True,9,0,0.12338941445074736
3908,216.0,56,True,5,0,0.12332991584634341
3909,246.0,47,True,2,0,0.12327045148223321
3910,207.0,65,True,4,1,0.12321102133871221
3911,211.0,62,True,5,0,0.12315162539608708
3912,213.0,55,True,4,1,0.12309226363467585
3913,173.0,80,True,7,1,0.12303293603480799
3914,208.0,62,True,5,0,0.12297364257682407
3915,235.0,56,True,3,0,0.12291438324107622
3916,205.0,67,True,4,1,0.12285515800792762
3917,184.0,56,True,7,2,0.12279596685775296
3918,220.0,62,True,3,1,0.12273680977093819
3919,181.0,62,True,7,2,0.12267768672788042
3920,216.0,65,True,4,0,0.12261859770898821
3921,214.0,59,True,4,1,0.12255954269468122
3922,234.0,46,True,1,2,0.12250052166539052
3923,216.0,56,True,5,0,0.12244153460155845
3924,149.0,65,True,14,0,0.12238258148363843
3925,199.0,81,True,4,1,0.1223236622920953
3926,241.0,55,True,2,0,0.12226477700740515
3927,164.0,80,True,7,2,0.12220592561005514
3928,175.0,73,True,6,2,0.12214710808054384
3929,230.0,55,True,2,1,0.1220883243993809
3930,103.0,130,True,9,2,0.12202957454708728
3931,238.0,59,True,2,0,0.12197085850419516
3932,208.0,65,True,4,1,0.12191217625124783
3933,181.0,74,True,5,2,0.12185352776879987
3934,213.0,62,True,5,0,0.12179491303741696
3935,245.0,51,True,2,0,0.12173633203767605
3936,235.0,44,True,3,1,0.12167778475016527
3937,182.0,83,True,4,2,0.12161927115548381
3938,104.0,110,True,9,4,0.12156079123424218
3939,225.0,62,True,3,0,0.12150234496706189
3940,250.0,47,True,0,1,0.1214439323345757
3941,207.0,70,True,3,1,0.12138555331742758
3942,221.0,61,True,4,0,0.12132720789627241
3943,149.0,82,True,9,2,0.12126889605177649
3944,221.0,59,True,4,0,0.12121061776461699
3945,235.0,56,True,1,1,0.12115237301548235
3946,199.0,82,True,5,0,0.12109416178507214
3947,218.0,67,True,2,1,0.12103598405409689
3948,174.0,67,True,8,1,0.12097783980327843
3949,190.0,84,True,3,2,0.12091972901334948
3950,187.0,62,True,7,1,0.12086165166505397
3951,234.0,52,True,1,2,0.12080360773914696
3952,235.0,56,True,1,1,0.12074559721639443
3953,235.0,56,True,1,1,0.12068762007757357
3954,226.0,62,True,3,0,0.1206296763034725
3955,155.0,69,True,6,4,0.12057176587489053
3956,196.0,66,True,7,0,0.12051388877263798
3957,232.0,47,True,4,0,0.12045604497753613
3958,191.0,69,True,6,1,0.12039823447041742
3959,230.0,65,True,2,0,0.12034045723212519
3960,160.0,79,True,10,0,0.12028271324351393
3961,-33.0,152,True,17,9,0.12022500248544911
3962,226.0,59,True,4,0,0.12016732493880712
3963,174.0,72,True,7,2,0.12010968058447546
3964,213.0,65,True,4,0,0.12005206940335267
3965,183.0,65,True,6,2,0.1199944913763481
3966,215.0,65,True,4,0,0.1199369464843823
3967,206.0,62,True,3,2,0.1198794347083866
3968,200.0,65,True,6,0,0.11982195602930347
3969,170.0,67,True,10,0,0.11976451042808628
3970,224.0,62,True,3,0,0.1197070978856993
3971,248.0,47,True,2,0,0.11964971838311789
3972,229.0,47,True,2,2,0.1195923719013282
3973,148.0,65,True,12,1,0.11953505842132744
3974,251.0,51,True,0,1,0.11947777792412378
3975,228.0,51,True,4,0,0.11942053039073615
3976,201.0,65,True,6,0,0.11936331580219463
3977,150.0,66,True,9,3,0.11930613413953998
3978,161.0,98,True,5,2,0.11924898538382404
3979,243.0,51,True,2,0,0.11919186951610959
3980,204.0,67,True,6,0,0.11913478651747007
3981,205.0,44,True,7,1,0.11907773636899009
3982,216.0,59,True,2,2,0.11902071905176494
3983,245.0,47,True,2,0,0.11896373454690089
3984,-4.0,164,True,21,1,0.1189067828355151
3985,178.0,62,True,7,2,0.11884986389873552
3986,197.0,62,True,7,0,0.11879297771770102
3987,213.0,62,True,5,0,0.11873612427356127
3988,213.0,62,True,3,2,0.11867930354747683
3989,192.0,74,True,5,1,0.11862251552061914
3990,194.0,62,True,5,2,0.11856576017417038
3991,224.0,62,True,3,0,0.11850903748932363
3992,225.0,54,True,3,1,0.11845234744728275
3993,206.0,56,True,5,1,0.11839569002926245
3994,208.0,56,True,5,1,0.11833906521648828
3995,203.0,65,True,6,0,0.11828247299019647
3996,261.0,47,True,0,0,0.11822591333163422
3997,194.0,77,True,4,1,0.11816938622205934
3998,234.0,59,True,2,0,0.11811289164274057
3999,198.0,65,True,6,0,0.1180564295749574
4000,171.0,72,True,7,2,0.11800000000000002
4001,200.0,65,True,6,1,0.11794360289916946
4002,192.0,67,True,4,3,0.11788723825377753
4003,159.0,62,True,11,1,0.11783090604514669
4004,204.0,56,True,7,0,0.11777460625461027
4005,235.0,59,True,2,0,0.11771833886351221
4006,175.0,84,True,5,2,0.1176621038532073
4007,108.0,105,True,14,1,0.11760590120506109
4008,217.0,59,True,2,2,0.11754973090044966
4009,205.0,55,True,4,2,0.11749359292076005
4010,148.0,101,True,8,2,0.11743748724738978
4011,233.0,57,True,0,2,0.11738141386174726
4012,173.0,77,True,8,0,0.11732537274525154
4013,195.0,62,True,5,2,0.1172693638793323
4014,212.0,62,True,3,1,0.11721338724543003
4015,235.0,56,True,1,1,0.11715744282499573
4016,192.0,74,True,3,3,0.11710153059949124
4017,205.0,57,True,4,2,0.11704565055038903
4018,221.0,56,True,5,0,0.11698980265917211
4019,214.0,65,True,4,0,0.11693398690733432
4020,171.0,69,True,10,0,0.11687820327638004
4021,178.0,77,True,8,0,0.11682245174782431
4022,207.0,69,True,4,1,0.11676673230319287
4023,204.0,69,True,4,1,0.116711044924022
4024,150.0,103,True,8,2,0.11665538959185869
4025,238.0,59,True,2,0,0.11659976628826041
4026,214.0,67,True,4,0,0.11654417499479544
4027,181.0,71,True,6,2,0.11648861569304257
4028,103.0,116,True,13,0,0.11643308836459113
4029,233.0,47,True,4,0,0.11637759299104117
4030,193.0,82,True,5,1,0.11632212955400319
4031,201.0,78,True,3,1,0.11626669803509837
4032,207.0,58,True,5,1,0.11621129841595851
4033,198.0,57,True,6,1,0.11615593067822581
4034,248.0,47,True,2,0,0.11610059480355324
4035,205.0,77,True,4,0,0.11604529077360413
4036,195.0,69,True,4,2,0.1159900185700525
4037,162.0,81,True,8,1,0.11593477817458293
4038,245.0,49,True,2,0,0.11587956956889038
4039,57.0,130,True,15,2,0.11582439273468051
4040,199.0,57,True,6,1,0.11576924765366947
4041,236.0,49,True,2,1,0.11571413430758386
4042,199.0,65,True,6,0,0.1156590526781609
4043,207.0,65,True,4,1,0.11560400274714817
4044,227.0,66,True,1,1,0.11554898449630394
4045,200.0,65,True,6,0,0.11549399790739688
4046,239.0,55,True,2,0,0.1154390429622061
4047,221.0,59,True,4,0,0.11538411964252132
4048,206.0,65,True,4,1,0.11532922793014261
4049,224.0,47,True,4,1,0.1152743678068806
4050,118.0,121,True,10,1,0.11521953925455644
4051,193.0,62,True,5,2,0.11516474225500156
4052,183.0,69,True,6,2,0.11510997679005802
4053,188.0,85,True,4,1,0.11505524284157821
4054,121.0,101,True,10,3,0.11500054039142506
4055,170.0,65,True,8,2,0.1149458694214719
4056,140.0,87,True,10,2,0.11489122991360243
4057,219.0,59,True,2,2,0.11483662184971091
4058,259.0,44,True,1,0,0.11478204521170185
4059,186.0,72,True,7,0,0.11472749998149032
4060,219.0,65,True,4,0,0.11467298614100174
4061,172.0,77,True,6,2,0.1146185036721719
4062,204.0,70,True,3,2,0.11456405255694709
4063,213.0,62,True,5,0,0.11450963277728382
4064,216.0,59,True,4,1,0.11445524431514913
4065,201.0,57,True,6,1,0.11440088715252042
4066,247.0,49,True,2,0,0.11434656127138537
4067,194.0,78,True,5,0,0.11429226665374216
4068,210.0,62,True,5,0,0.11423800328159917
4069,209.0,66,True,5,0,0.11418377113697527
4070,203.0,47,True,8,0,0.11412957020189964
4071,219.0,54,True,5,0,0.11407540045841175
4072,155.0,56,True,11,2,0.11402126188856149
4073,240.0,62,True,1,0,0.11396715447440899
4074,198.0,66,True,5,1,0.11391307819802476
4075,248.0,56,True,1,0,0.11385903304148969
4076,139.0,76,True,13,0,0.11380501898689478
4077,162.0,76,True,9,1,0.11375103601634154
4078,130.0,88,True,11,1,0.11369708411194175
4079,233.0,59,True,2,0,0.11364316325581736
4080,221.0,59,True,4,0,0.11358927343010077
4081,236.0,59,True,2,0,0.11353541461693448
4082,155.0,75,True,8,2,0.11348158679847142
4083,215.0,67,True,4,0,0.11342778995687477
4084,245.0,49,True,2,0,0.1133740240743179
4085,189.0,74,True,7,0,0.11332028913298453
4086,131.0,112,True,11,0,0.1132665851150685
4087,176.0,76,True,7,1,0.11321291200277406
4088,188.0,62,True,5,3,0.11315926977831563
4089,189.0,71,True,6,1,0.11310565842391776
4090,155.0,87,True,6,3,0.11305207792181547
4091,195.0,62,True,5,2,0.11299852825425373
4092,203.0,74,True,5,0,0.11294500940348794
4093,177.0,65,True,8,1,0.11289152135178362
4094,61.0,143,True,16,0,0.11283806408141647
4095,194.0,62,True,5,2,0.11278463757467251
4096,157.0,83,True,6,3,0.11273124181384775
4097,244.0,56,True,1,0,0.11267787678124858
4098,230.0,56,True,3,0,0.11262454245919153
4099,159.0,80,True,9,1,0.1125712388300032
4100,210.0,65,True,4,1,0.11251796587602055
4101,219.0,59,True,2,2,0.11246472357959045
4102,214.0,56,True,3,2,0.11241151192307015
4103,180.0,66,True,7,1,0.11235833088882703
4104,238.0,55,True,2,0,0.11230518045923849
4105,223.0,62,True,3,0,0.11225206061669217
4106,232.0,49,True,2,1,0.11219897134358577
4107,108.0,112,True,11,1,0.11214591262232722
4108,217.0,65,True,4,0,0.11209288443533455
4109,181.0,69,True,6,2,0.1120398867650358
4110,184.0,82,True,7,0,0.1119869195938693
4111,223.0,59,True,4,0,0.1119339829042833
4112,185.0,62,True,5,3,0.11188107667873629
4113,205.0,77,True,4,0,0.11182820089969682
4114,215.0,67,True,4,0,0.11177535554964346
4115,189.0,62,True,7,1,0.11172254061106499
4116,217.0,62,True,3,1,0.11166975606646012
4117,230.0,55,True,2,1,0.11161700189833773
4118,245.0,49,True,2,0,0.11156427808921682
4119,173.0,66,True,7,2,0.11151158462162625
4120,216.0,65,True,4,0,0.11145892147810513
4121,216.0,55,True,4,1,0.11140628864120257
4122,219.0,66,True,3,0,0.11135368609347761
4123,232.0,56,True,3,0,0.11130111381749952
4124,246.0,47,True,2,0,0.1112485717958474
4125,238.0,56,True,1,1,0.1111960600111105
4126,180.0,82,True,7,0,0.11114357844588814
4127,187.0,65,True,8,0,0.11109112708278945
4128,229.0,62,True,3,0,0.11103870590443381
4129,98.0,131,True,8,3,0.11098631489345037
4130,192.0,65,True,6,1,0.11093395403247847
4131,227.0,59,True,2,1,0.11088162330416737
4132,218.0,65,True,2,1,0.11082932269117625
4133,231.0,56,True,3,0,0.1107770521761744
4134,259.0,51,True,0,0,0.11072481174184091
4135,201.0,65,True,6,0,0.11067260137086501
4136,204.0,59,True,4,2,0.11062042104594584
4137,244.0,49,True,2,0,0.11056827074979242
4138,184.0,95,True,6,0,0.11051615046512382
4139,54.0,116,True,19,1,0.11046406017466898
4140,182.0,71,True,6,1,0.1104119998611668
4141,225.0,51,True,2,2,0.1103599695073662
4142,236.0,55,True,2,0,0.11030796909602586
4143,194.0,59,True,8,0,0.11025599860991456
4144,167.0,72,True,9,1,0.11020405803181083
4145,211.0,59,True,4,1,0.11015214734450321
4146,172.0,62,True,9,1,0.11010026653079019
4147,202.0,66,True,5,1,0.11004841557348001
4148,175.0,77,True,8,0,0.10999659445539098
4149,261.0,47,True,0,0,0.1099448031593511
4150,190.0,80,True,5,1,0.10989304166819841
4151,214.0,51,True,6,0,0.10984130996478082
4152,245.0,51,True,2,0,0.109789608031956
4153,204.0,51,True,6,1,0.10973793585259159
4154,207.0,62,True,3,2,0.10968629340956501
4155,222.0,77,True,2,0,0.10963468068576361
4156,180.0,86,True,5,1,0.10958309766408456
4157,164.0,80,True,9,0,0.10953154432743481
4158,229.0,49,True,4,0,0.10948002065873125
4159,235.0,56,True,3,0,0.10942852664090055
4160,230.0,62,True,1,1,0.10937706225687918
4161,245.0,47,True,2,0,0.1093256274896135
4162,229.0,55,True,2,1,0.10927422232205956
4163,220.0,56,True,3,1,0.10922284673718337
4164,210.0,62,True,5,0,0.10917150071796068
4165,226.0,56,True,1,2,0.10912018424737698
4166,227.0,51,True,4,0,0.10906889730842767
4167,213.0,65,True,4,0,0.10901763988411775
4168,157.0,74,True,11,0,0.1089664119574622
4169,214.0,57,True,4,1,0.10891521351148574
4170,211.0,62,True,5,0,0.1088640445292227
4171,191.0,77,True,6,0,0.10881290499371736
4172,174.0,77,True,8,1,0.10876179488802365
4173,217.0,66,True,3,0,0.10871071419520525
4174,195.0,62,True,7,0,0.10865966289833572
4175,226.0,62,True,3,0,0.10860864098049816
4176,117.0,111,True,12,0,0.10855764842478559
4177,243.0,57,True,0,1,0.1085066852143006
4178,223.0,55,True,4,0,0.10845575133215558
4179,211.0,59,True,4,1,0.10840484676147275
4180,164.0,76,True,7,2,0.1083539714853838
4181,225.0,51,True,4,0,0.10830312548703035
4182,117.0,82,True,13,2,0.10825230874956356
4183,183.0,65,True,6,2,0.10820152125614439
4184,147.0,71,True,12,1,0.10815076298994349
4185,204.0,74,True,5,0,0.1081000339341411
4186,231.0,56,True,3,0,0.10804933407192725
4187,153.0,88,True,9,1,0.10799866338650156
4188,230.0,56,True,3,0,0.10794802186107337
4189,244.0,47,True,2,0,0.1078974094788617
4190,220.0,57,True,2,2,0.10784682622309512
4191,191.0,65,True,6,1,0.10779627207701202
4192,234.0,49,True,2,1,0.10774574702386024
4193,182.0,66,True,9,0,0.1076952510468974
4194,222.0,62,True,1,2,0.10764478412939077
4195,133.0,107,True,10,0,0.10759434625461711
4196,213.0,56,True,5,0,0.10754393740586295
4197,178.0,63,True,8,1,0.10749355756642438
4198,242.0,49,True,2,0,0.10744320671960705
4199,144.0,85,True,10,1,0.10739288484872635
4200,230.0,49,True,4,0,0.10734259193710709
4201,199.0,72,True,5,0,0.10729232796808381
4202,200.0,65,True,6,0,0.1072420929250007
4203,248.0,47,True,2,0,0.1071918867912113
4204,142.0,100,True,7,2,0.10714170955007898
4205,243.0,55,True,0,1,0.1070915611849765
4206,233.0,56,True,1,1,0.1070414416792863
4207,205.0,65,True,4,1,0.10699135101640038
4208,184.0,67,True,4,3,0.10694128917972019
4209,219.0,56,True,3,1,0.10689125615265688
4210,191.0,62,True,5,2,0.106841251918631
4211,219.0,65,True,2,1,0.10679127646107278
4212,213.0,62,True,5,0,0.1067413297634219
4213,235.0,56,True,1,1,0.10669141180912758
4214,232.0,54,True,3,0,0.1066415225816486
4215,228.0,67,True,2,0,0.1065916620644532
4216,162.0,66,True,9,2,0.10654183024101917
4217,198.0,66,True,5,1,0.10649202709483385
4218,195.0,74,True,5,1,0.106442252609394
4219,226.0,51,True,4,0,0.10639250676820594
4220,227.0,62,True,3,0,0.1063427895547854
4221,228.0,49,True,4,0,0.10629310095265773
4222,233.0,62,True,1,1,0.10624344094535766
4223,230.0,71,True,2,0,0.1061938095164294
4224,231.0,51,True,4,0,0.10614420664942671
4225,243.0,51,True,2,0,0.10609463232791266
4226,212.0,56,True,3,2,0.10604508653545994
4227,219.0,59,True,4,0,0.10599556925565064
4228,172.0,78,True,9,0,0.10594608047207622
4229,243.0,59,True,2,0,0.10589662016833774
4230,234.0,56,True,3,0,0.10584718832804552
4231,187.0,59,True,6,2,0.10579778493481944
4232,200.0,59,True,4,2,0.10574840997228876
4233,223.0,55,True,2,2,0.10569906342409217
4234,241.0,55,True,2,0,0.10564974527387774
4235,188.0,79,True,4,2,0.10560045550530306
4236,244.0,47,True,2,0,0.10555119410203495
4237,194.0,65,True,6,1,0.10550196104774981
4238,260.0,47,True,0,0,0.10545275632613328
4239,225.0,55,True,4,0,0.10540357992088048
4240,224.0,71,True,2,0,0.10535443181569594
4241,196.0,62,True,7,0,0.10530531199429344
4242,214.0,65,True,4,0,0.10525622044039629
4243,221.0,55,True,4,0,0.105207157137737
4244,254.0,46,True,1,0,0.10515812207005759
4245,175.0,65,True,8,1,0.1051091152211094
4246,237.0,55,True,2,0,0.10506013657465302
4247,260.0,47,True,0,0,0.10501118611445855
4248,227.0,59,True,2,1,0.10496226382430526
4249,232.0,59,True,2,0,0.10491336968798187
4250,247.0,56,True,1,0,0.10486450368928645
4251,211.0,62,True,5,0,0.10481566581202624
4252,150.0,112,True,9,0,0.10476685604001798
4253,211.0,65,True,4,0,0.10471807435708759
4254,260.0,51,True,0,0,0.10466932074707037
4255,153.0,77,True,6,4,0.10462059519381095
4256,232.0,56,True,3,0,0.10457189768116311
4257,194.0,65,True,6,1,0.10452322819299013
4258,211.0,56,True,3,2,0.10447458671316436
4259,186.0,65,True,8,0,0.1044259732255676
4260,214.0,59,True,4,1,0.1043773877140909
4261,232.0,62,True,1,1,0.10432883016263446
4262,226.0,59,True,2,1,0.10428030055510792
4263,166.0,73,True,4,4,0.10423179887542999
4264,231.0,55,True,2,1,0.1041833251075288
4265,225.0,59,True,2,1,0.10413487923534168
4266,253.0,45,True,0,1,0.10408646124281512
4267,250.0,57,True,0,0,0.10403807111390499
4268,174.0,65,True,8,1,0.10398970883257626
4269,85.0,131,True,14,1,0.1039413743828032
4270,215.0,65,True,4,0,0.10389306774856931
4271,165.0,100,True,5,2,0.10384478891386725
4272,213.0,59,True,4,1,0.10379653786269898
4273,239.0,55,True,2,0,0.10374831457907559
4274,204.0,74,True,5,0,0.10370011904701738
4275,221.0,62,True,3,1,0.1036519512505539
4276,207.0,56,True,5,1,0.10360381117372379
4277,193.0,59,True,8,0,0.10355569880057497
4278,184.0,62,True,5,3,0.10350761411516457
4279,240.0,62,True,1,0,0.10345955710155873
4280,213.0,59,True,4,1,0.10341152774383293
4281,232.0,57,True,2,1,0.10336352602607171
4282,226.0,55,True,4,0,0.10331555193236883
4283,234.0,56,True,1,1,0.10326760544682718
4284,245.0,56,True,1,0,0.10321968655355877
4285,247.0,47,True,2,0,0.10317179523668485
4286,149.0,57,True,12,2,0.10312393148033565
4287,224.0,59,True,2,1,0.10307609526865064
4288,171.0,71,True,6,3,0.10302828658577849
4289,195.0,77,True,4,1,0.10298050541587679
4290,205.0,59,True,6,0,0.10293275174311244
4291,197.0,77,True,6,0,0.10288502555166129
4292,223.0,56,True,3,1,0.10283732682570841
4293,255.0,44,True,1,0,0.10278965554944801
4294,125.0,116,True,9,1,0.10274201170708322
4295,240.0,59,True,2,0,0.10269439528282644
4296,184.0,78,True,7,0,0.10264680626089902
4297,246.0,47,True,2,0,0.10259924462553147
4298,199.0,67,True,4,2,0.1025517103609634
4299,212.0,65,True,2,2,0.10250420345144337
4300,206.0,59,True,6,0,0.10245672388122916
4301,195.0,65,True,6,1,0.10240927163458745
4302,209.0,65,True,4,1,0.1023618466957941
4303,29.0,134,True,21,0,0.102314449049134
4304,211.0,59,True,4,1,0.10226707867890096
4305,227.0,65,True,2,1,0.10221973556939805
4306,192.0,67,True,6,1,0.10217241970493715
4307,190.0,65,True,6,1,0.10212513106983927
4308,225.0,51,True,2,2,0.10207786964843453
4309,217.0,66,True,3,1,0.10203063542506187
4310,222.0,47,True,4,1,0.1019834283840694
4311,207.0,77,True,2,1,0.10193624850981423
4312,228.0,62,True,3,0,0.10188909578666232
4313,222.0,55,True,4,0,0.10184197019898884
4314,226.0,59,True,4,0,0.1017948717311778
4315,225.0,71,True,2,0,0.10174780036762221
4316,246.0,45,True,2,0,0.10170075609272419
4317,171.0,75,True,6,2,0.10165373889089466
4318,219.0,62,True,1,2,0.10160674874655365
4319,236.0,47,True,2,1,0.10155978564413005
4320,225.0,62,True,3,0,0.10151284956806177
4321,177.0,67,True,8,1,0.10146594050279573
4322,240.0,59,True,2,0,0.10141905843278763
4323,246.0,56,True,1,0,0.10137220334250233
4324,245.0,44,True,3,0,0.10132537521641344
4325,191.0,71,True,4,2,0.1012785740390036
4326,231.0,47,True,4,0,0.10123179979476443
4327,-82.0,216,True,27,1,0.10118505246819634
4328,214.0,55,True,4,1,0.10113833204380879
4329,187.0,62,True,7,1,0.10109163850612003
4330,225.0,71,True,2,0,0.10104497183965733
4331,251.0,47,True,0,1,0.10099833202895685
4332,218.0,62,True,3,1,0.10095171905856352
4333,230.0,51,True,2,1,0.1009051329130314
4334,208.0,70,True,3,1,0.10085857357692317
4335,206.0,55,True,4,2,0.10081204103481059
4336,155.0,62,True,13,0,0.10076553527127426
4337,228.0,57,True,2,1,0.10071905627090356
4338,223.0,67,True,2,1,0.10067260401829689
4339,218.0,56,True,5,0,0.10062617849806134
4340,236.0,49,True,2,1,0.10057977969481299
4341,201.0,63,True,4,2,0.10053340759317678
4342,142.0,71,True,10,3,0.10048706217778636
4343,151.0,100,True,7,1,0.10044074343328438
4344,233.0,56,True,3,0,0.10039445134432222
4345,242.0,46,True,3,0,0.10034818589556013
4346,239.0,53,True,2,0,0.10030194707166727
4347,139.0,88,True,11,1,0.10025573485732145
4348,223.0,56,True,3,1,0.10020954923720941
4349,216.0,62,True,3,1,0.10016339019602676
4350,246.0,49,True,2,0,0.10011725771847772
4351,153.0,67,True,6,5,0.10007115178927553
4352,238.0,55,True,2,0,0.10002507239314208
4353,225.0,73,True,2,0,0.09997901951480812
4354,205.0,62,True,5,1,0.09993299313901319
4355,217.0,67,True,4,0,0.09988699325050553
4356,190.0,66,True,5,2,0.09984101983404231
4357,207.0,65,True,6,0,0.09979507287438931
4358,214.0,55,True,4,1,0.09974915235632115
4359,187.0,65,True,8,0,0.09970325826462127
4360,254.0,48,True,1,0,0.09965739058408175
4361,219.0,51,True,4,1,0.09961154929950351
4362,212.0,67,True,4,0,0.09956573439569615
4363,235.0,59,True,2,0,0.09951994585747809
4364,204.0,57,True,4,2,0.09947418366967643
4365,218.0,65,True,4,0,0.09942844781712698
4366,242.0,49,True,2,0,0.0993827382846744
4367,239.0,59,True,2,0,0.09933705505717187
4368,198.0,66,True,7,0,0.09929139811948148
4369,191.0,65,True,4,3,0.09924576745647395
4370,229.0,55,True,2,1,0.09920016305302867
4371,198.0,78,True,5,0,0.09915458489403382
4372,90.0,97,True,14,3,0.09910903296438617
4373,224.0,59,True,2,1,0.09906350724899127
4374,67.0,127,True,12,4,0.09901800773276334
4375,191.0,66,True,3,4,0.09897253440062524
4376,231.0,62,True,3,0,0.09892708723750858
4377,202.0,66,True,5,1,0.09888166622835351
4378,224.0,59,True,4,0,0.09883627135810898
4379,182.0,66,True,7,1,0.09879090261173261
4380,200.0,74,True,5,0,0.0987455599741905
4381,158.0,86,True,9,0,0.09870024343045766
4382,236.0,44,True,1,2,0.09865495296551749
4383,216.0,62,True,5,0,0.09860968856436218
4384,238.0,55,True,2,0,0.0985644502119926
4385,237.0,59,True,2,0,0.09851923789341806
4386,222.0,59,True,4,0,0.0984740515936567
4387,224.0,55,True,4,0,0.0984288912977352
4388,175.0,67,True,8,1,0.0983837569906888
4389,189.0,80,True,5,1,0.09833864865756146
4390,211.0,51,True,6,0,0.09829356628340565
4391,187.0,69,True,6,1,0.09824850985328248
4392,220.0,65,True,2,1,0.09820347935226174
4393,192.0,65,True,4,3,0.09815847476542164
4394,258.0,47,True,0,0,0.09811349607784914
4395,112.0,106,True,11,2,0.09806854327463965
4396,189.0,84,True,5,0,0.09802361634089725
4397,232.0,49,True,2,1,0.09797871526173461
4398,199.0,67,True,6,0,0.09793384002227283
4399,216.0,65,True,4,0,0.09788899060764177
4400,222.0,65,True,2,1,0.09784416700297961
4401,-100.0,202,True,23,7,0.09779936919343331
4402,248.0,57,True,0,0,0.09775459716415828
4403,223.0,62,True,3,0,0.0977098509003184
4404,220.0,59,True,4,0,0.09766513038708628
4405,203.0,65,True,6,0,0.09762043560964281
4406,158.0,65,True,12,0,0.09757576655317761
4407,216.0,65,True,4,0,0.0975311232028888
4408,31.0,151,True,16,2,0.09748650554398287
4409,177.0,71,True,6,2,0.09744191356167504
4410,201.0,57,True,6,1,0.09739734724118881
4411,200.0,78,True,5,0,0.09735280656775637
4412,215.0,62,True,3,1,0.09730829152661837
4413,243.0,62,True,1,0,0.09726380210302382
4414,195.0,71,True,6,0,0.09721933828223042
4415,204.0,62,True,5,1,0.09717490004950417
4416,263.0,47,True,0,0,0.09713048739011967
4417,246.0,47,True,2,0,0.09708610028936002
4418,85.0,121,True,12,2,0.0970417387325166
4419,230.0,62,True,1,1,0.09699740270488949
4420,226.0,62,True,3,0,0.09695309219178706
4421,167.0,72,True,7,2,0.09690880717852621
4422,212.0,55,True,4,1,0.0968645476504323
4423,202.0,65,True,6,0,0.09682031359283907
4424,165.0,69,True,8,2,0.09677610499108877
4425,229.0,56,True,3,0,0.09673192183053207
4426,200.0,65,True,6,0,0.09668776409652799
4427,216.0,65,True,4,0,0.09664363177444413
4428,224.0,59,True,2,1,0.09659952484965632
4429,188.0,85,True,4,1,0.09655544330754899
4430,198.0,62,True,7,0,0.0965113871335149
4431,215.0,59,True,4,1,0.09646735631295515
4432,214.0,55,True,4,1,0.0964233508312794
4433,232.0,49,True,4,0,0.0963793706739055
4434,202.0,47,True,8,0,0.09633541582625989
4435,217.0,62,True,3,1,0.0962914862737773
4436,234.0,59,True,2,0,0.09624758200190081
4437,208.0,59,True,6,0,0.096203702996082
4438,196.0,52,True,7,1,0.09615984924178064
4439,228.0,65,True,2,0,0.09611602072446504
4440,246.0,47,True,2,0,0.09607221742961182
4441,208.0,74,True,3,1,0.09602843934270588
4442,185.0,74,True,7,0,0.0959846864492406
4443,182.0,62,True,9,0,0.09594095873471759
4444,251.0,47,True,0,1,0.09589725618464684
4445,213.0,63,True,2,2,0.0958535787845468
4446,247.0,44,True,1,1,0.09580992651994404
4447,242.0,49,True,2,0,0.09576629937637364
4448,174.0,78,True,7,1,0.09572269733937885
4449,171.0,67,True,10,0,0.0956791203945114
4450,228.0,62,True,3,0,0.09563556852733125
4451,197.0,72,True,5,0,0.09559204172340664
4452,230.0,51,True,4,0,0.0955485399683142
4453,202.0,62,True,5,1,0.09550506324763873
4454,260.0,47,True,0,0,0.09546161154697347
4455,212.0,69,True,4,0,0.09541818485191993
4456,221.0,55,True,4,0,0.09537478314808776
4457,195.0,57,True,4,3,0.0953314064210951
4458,233.0,47,True,4,0,0.09528805465656819
4459,205.0,68,True,5,0,0.09524472784014162
4460,203.0,67,True,6,0,0.09520142595745829
4461,130.0,88,True,13,0,0.09515814899416927
4462,166.0,77,True,8,1,0.09511489693593393
4463,187.0,74,True,5,1,0.09507166976841995
4464,237.0,47,True,2,1,0.09502846747730313
4465,232.0,49,True,4,0,0.09498529004826765
4466,194.0,56,True,7,1,0.09494213746700582
4467,172.0,78,True,5,3,0.09489900971921822
4468,154.0,79,True,8,2,0.09485590679061372
4469,193.0,66,True,7,0,0.09481282866690931
4470,204.0,62,True,5,1,0.09476977533383027
4471,247.0,47,True,2,0,0.09472674677711007
4472,201.0,62,True,5,1,0.0946837429824904
4473,253.0,55,True,0,0,0.09464076393572117
4474,192.0,71,True,4,2,0.09459780962256042
4475,232.0,44,True,3,1,0.09455488002877452
4476,224.0,59,True,4,0,0.09451197514013784
4477,239.0,66,True,1,0,0.09446909494243312
4478,232.0,56,True,3,0,0.09442623942145123
4479,235.0,59,True,2,0,0.09438340856299111
4480,227.0,44,True,5,0,0.09434060235286004
4481,207.0,66,True,5,0,0.09429782077687332
4482,219.0,57,True,2,2,0.09425506382085451
4483,228.0,59,True,2,1,0.0942123314706353
4484,222.0,65,True,2,1,0.0941696237120555
4485,158.0,65,True,12,0,0.09412694053096315
4486,192.0,74,True,5,1,0.09408428191321433
4487,222.0,59,True,4,0,0.09404164784467331
4488,241.0,59,True,2,0,0.09399903831121256
4489,227.0,62,True,3,0,0.09395645329871254
4490,162.0,67,True,10,1,0.09391389279306198
4491,225.0,55,True,4,0,0.0938713567801576
4492,237.0,59,True,2,0,0.09382884524590432
4493,211.0,59,True,4,1,0.0937863581762152
4494,199.0,65,True,6,0,0.09374389555701128
4495,220.0,56,True,3,1,0.09370145737422185
4496,208.0,62,True,5,1,0.09365904361378416
4497,220.0,59,True,4,0,0.09361665426164366
4498,234.0,56,True,1,1,0.09357428930375387
4499,212.0,71,True,4,0,0.09353194872607631
4500,184.0,59,True,8,1,0.09348963251458069
4501,91.0,161,True,8,2,0.09344734065524474
4502,243.0,56,True,1,0,0.09340507313405422
4503,220.0,59,True,4,0,0.09336282993700307
4504,212.0,81,True,2,1,0.09332061105009315
4505,246.0,47,True,2,0,0.09327841645933446
4506,199.0,62,True,5,1,0.0932362461507451
4507,198.0,55,True,8,0,0.09319410011035108
4508,225.0,59,True,2,1,0.09315197832418655
4509,210.0,59,True,4,1,0.09310988077829364
4510,149.0,72,True,11,1,0.0930678074587226
4511,202.0,62,True,5,1,0.09302575835153162
4512,222.0,57,True,4,0,0.09298373344278694
4513,230.0,56,True,3,0,0.09294173271856286
4514,220.0,59,True,4,0,0.09289975616494159
4515,-9.0,177,True,16,5,0.09285780376801345
4516,249.0,50,True,1,0,0.09281587551387677
4517,198.0,65,True,6,0,0.09277397138863777
4518,247.0,51,True,2,0,0.09273209137841082
4519,208.0,62,True,3,2,0.09269023546931811
4520,192.0,62,True,5,2,0.09264840364748993
4521,236.0,56,True,1,1,0.09260659589906459
4522,208.0,66,True,5,0,0.09256481221018822
4523,227.0,62,True,3,0,0.09252305256701511
4524,236.0,56,True,1,1,0.09248131695570733
4525,155.0,77,True,6,4,0.09243960536243505
4526,210.0,57,True,0,4,0.0923979177733764
4527,227.0,62,True,3,0,0.09235625417471735
4528,226.0,67,True,2,0,0.09231461455265194
4529,221.0,56,True,3,1,0.09227299889338204
4530,241.0,44,True,3,0,0.09223140718311759
4531,212.0,59,True,4,1,0.0921898394080764
4532,164.0,81,True,10,0,0.09214829555448416
4533,208.0,59,True,6,0,0.09210677560857461
4534,238.0,47,True,2,1,0.09206527955658926
4535,232.0,57,True,0,2,0.09202380738477767
4536,232.0,53,True,2,1,0.0919823590793973
4537,201.0,65,True,6,0,0.09194093462671339
4538,244.0,47,True,2,0,0.09189953401299925
4539,207.0,59,True,6,0,0.091858157224536
4540,196.0,69,True,6,0,0.09181680424761261
4541,194.0,77,True,6,0,0.09177547506852611
4542,99.0,142,True,11,1,0.0917341696735812
4543,224.0,62,True,3,0,0.0916928880490906
4544,204.0,65,True,4,1,0.09165163018137494
4545,193.0,67,True,6,1,0.09161039605676256
4546,218.0,65,True,2,2,0.09156918566158985
4547,205.0,65,True,4,1,0.09152799898220089
4548,204.0,69,True,4,1,0.09148683600494774
4549,100.0,110,True,7,6,0.09144569671619034
4550,205.0,67,True,4,1,0.09140458110229632
4551,103.0,97,True,12,3,0.09136348914964137
4552,237.0,55,True,2,0,0.09132242084460879
4553,165.0,72,True,9,1,0.09128137617358988
4554,207.0,65,True,4,1,0.09124035512298374
4555,180.0,65,True,6,2,0.09119935767919726
4556,220.0,59,True,4,0,0.0911583838286452
4557,177.0,67,True,6,2,0.09111743355775005
4558,156.0,78,True,9,1,0.09107650685294223
4559,220.0,57,True,4,0,0.09103560370065993
4560,213.0,65,True,4,0,0.09099472408734904
4561,262.0,45,True,0,0,0.09095386799946344
4562,254.0,57,True,0,0,0.09091303542346463
4563,196.0,62,True,7,0,0.09087222634582198
4564,246.0,56,True,1,0,0.09083144075301272
4565,209.0,59,True,6,0,0.09079067863152168
4566,197.0,62,True,7,0,0.09074993996784166
4567,206.0,69,True,4,1,0.09070922474847307
4568,200.0,58,True,7,0,0.09066853295992418
4569,217.0,65,True,4,0,0.09062786458871107
4570,164.0,78,True,9,1,0.09058721962135742
4571,231.0,51,True,2,1,0.09054659804439484
4572,209.0,67,True,4,1,0.09050599984436257
4573,216.0,55,True,4,1,0.09046542500780766
4574,183.0,67,True,6,2,0.0904248735212849
4575,222.0,51,True,2,2,0.09038434537135674
4576,233.0,54,True,3,0,0.09034384054459346
4577,200.0,69,True,2,3,0.09030335902757305
4578,145.0,83,True,10,2,0.09026290080688117
4579,234.0,56,True,3,0,0.09022246586911126
4580,215.0,65,True,4,0,0.09018205420086442
4581,198.0,59,True,6,1,0.0901416657887495
4582,232.0,56,True,3,0,0.09010130061938308
4583,252.0,48,True,1,0,0.09006095867938937
4584,232.0,65,True,2,0,0.09002063995540034
4585,210.0,66,True,5,0,0.08998034443405559
4586,215.0,55,True,4,1,0.08994007210200249
4587,203.0,62,True,1,4,0.08989982294589606
4588,227.0,56,True,3,0,0.08985959695239894
4589,223.0,55,True,4,0,0.08981939410818154
4590,218.0,65,True,4,0,0.08977921439992188
4591,229.0,55,True,2,1,0.08973905781430565
4592,261.0,47,True,0,0,0.08969892433802627
4593,215.0,65,True,4,0,0.0896588139577847
4594,236.0,59,True,2,0,0.0896187266602897
4595,206.0,65,True,4,1,0.08957866243225748
4596,209.0,77,True,4,0,0.08953862126041211
4597,226.0,55,True,4,0,0.08949860313148518
4598,249.0,47,True,0,1,0.0894586080322159
4599,226.0,59,True,2,1,0.0894186359493512
4600,196.0,67,True,4,2,0.08937868686964555
4601,248.0,47,True,2,0,0.08933876077986105
4602,151.0,65,True,8,4,0.08929885766676753
4603,167.0,69,True,8,2,0.08925897751714228
4604,217.0,65,True,2,2,0.08921912031777032
4605,225.0,59,True,2,1,0.08917928605544415
4606,179.0,75,True,4,3,0.089139474716964
4607,216.0,51,True,4,1,0.08909968628913764
4608,180.0,62,True,7,2,0.08905992075878041
4609,181.0,78,True,7,0,0.08902017811271531
4610,233.0,62,True,1,1,0.0889804583377728
4611,223.0,56,True,3,1,0.08894076142079102
4612,216.0,56,True,5,0,0.08890108734861571
4613,214.0,62,True,5,0,0.08886143610810004
4614,224.0,65,True,2,1,0.08882180768610488
4615,224.0,55,True,4,0,0.08878220206949865
4616,192.0,65,True,6,1,0.0887426192451572
4617,199.0,56,True,5,2,0.0887030591999641
4618,201.0,77,True,4,1,0.08866352192081034
4619,207.0,49,True,6,1,0.08862400739459453
4620,223.0,57,True,4,0,0.08858451560822284
4621,221.0,67,True,2,1,0.08854504654860883
4622,211.0,62,True,3,2,0.08850560020267378
4623,261.0,47,True,0,0,0.08846617655734636
4624,222.0,59,True,4,0,0.0884267755995628
4625,236.0,66,True,1,0,0.08838739731626694
4626,248.0,59,True,0,0,0.08834804169440993
4627,237.0,59,True,2,0,0.08830870872095067
4628,206.0,62,True,5,1,0.08826939838285536
4629,243.0,51,True,2,0,0.08823011066709781
4630,205.0,56,True,5,1,0.08819084556065934
4631,203.0,56,True,5,1,0.08815160305052867
4632,238.0,56,True,1,1,0.08811238312370212
4633,213.0,57,True,4,1,0.08807318576718337
4634,248.0,47,True,2,0,0.08803401096798368
4635,197.0,56,True,5,2,0.08799485871312178
4636,224.0,55,True,2,2,0.0879557289896238
4637,246.0,49,True,2,0,0.08791662178452339
4638,174.0,66,True,3,5,0.08787753708486164
4639,198.0,65,True,6,0,0.08783847487768708
4640,215.0,69,True,4,0,0.0877994351500558
4641,177.0,83,True,4,3,0.08776041788903119
4642,263.0,47,True,0,0,0.0877214230816842
4643,234.0,55,True,0,2,0.0876824507150931
4644,149.0,67,True,8,4,0.08764350077634374
4645,-265.0,193,True,52,2,0.08760457325252931
4646,234.0,67,True,2,0,0.08756566813075042
4647,225.0,62,True,3,0,0.08752678539811522
4648,192.0,62,True,5,2,0.08748792504173908
4649,190.0,67,True,6,1,0.08744908704874495
4650,203.0,62,True,5,1,0.08741027140626317
4651,218.0,72,True,3,0,0.08737147810143141
4652,213.0,65,True,4,0,0.08733270712139476
4653,231.0,56,True,3,0,0.0872939584533058
4654,185.0,62,True,7,1,0.0872552320843244
4655,217.0,74,True,3,0,0.08721652800161786
4656,226.0,67,True,0,2,0.08717784619236085
4657,144.0,76,True,9,3,0.08713918664373545
4658,216.0,56,True,5,0,0.0871005493429311
4659,202.0,62,True,5,1,0.08706193427714456
4660,226.0,77,True,2,0,0.0870233414335801
4661,195.0,70,True,5,1,0.08698477079944919
4662,233.0,62,True,1,1,0.08694622236197072
4663,238.0,49,True,0,2,0.08690769610837103
4664,225.0,57,True,2,1,0.08686919202588364
4665,117.0,83,True,14,1,0.08683071010174957
4666,211.0,49,True,4,2,0.08679225032321705
4667,201.0,59,True,4,2,0.08675381267754176
4668,189.0,84,True,5,1,0.0867153971519867
4669,204.0,66,True,5,0,0.08667700373382208
4670,221.0,59,True,4,0,0.08663863241032563
4671,227.0,51,True,4,0,0.0866002831687822
4672,253.0,59,True,0,0,0.0865619559964841
4673,256.0,55,True,0,0,0.08652365088073093
4674,195.0,55,True,8,0,0.08648536780882952
4675,16.0,156,True,19,1,0.08644710676809414
4676,225.0,51,True,2,2,0.08640886774584618
4677,207.0,65,True,4,1,0.0863706507294145
4678,174.0,81,True,8,0,0.08633245570613517
4679,244.0,56,True,1,0,0.08629428266335153
4680,236.0,57,True,2,0,0.08625613158841425
4681,194.0,66,True,7,0,0.08621800246868125
4682,247.0,51,True,2,0,0.08617989529151772
4683,228.0,62,True,3,0,0.0861418100442962
4684,229.0,53,True,4,0,0.08610374671439637
4685,201.0,75,True,4,1,0.08606570528920528
4686,263.0,47,True,0,0,0.08602768575611713
4687,174.0,65,True,10,0,0.0859896881025335
4688,225.0,55,True,4,0,0.08595171231586317
4689,214.0,65,True,4,0,0.08591375838352208
4690,253.0,48,True,1,0,0.08587582629293355
4691,219.0,66,True,1,2,0.08583791603152807
4692,225.0,56,True,1,2,0.08580002758674335
4693,206.0,66,True,5,0,0.08576216094602437
4694,187.0,65,True,8,0,0.08572431609682325
4695,190.0,69,True,6,1,0.08568649302659946
4696,262.0,47,True,0,0,0.08564869172281962
4697,197.0,62,True,5,2,0.0856109121729575
4698,182.0,97,True,4,0,0.08557315436449424
4699,240.0,59,True,0,1,0.08553541828491798
4700,213.0,67,True,4,0,0.08549770392172425
4701,233.0,62,True,1,1,0.08546001126241566
4702,208.0,56,True,5,1,0.08542234029450203
4703,187.0,55,True,8,1,0.08538469100550042
4704,248.0,56,True,1,0,0.08534706338293499
4705,179.0,72,True,7,1,0.08530945741433714
4706,215.0,62,True,3,1,0.08527187308724549
4707,261.0,47,True,0,0,0.08523431038920568
4708,219.0,62,True,3,1,0.08519676930777069
4709,203.0,65,True,6,0,0.08515924983050051
4710,179.0,65,True,8,1,0.08512175194496241
4711,226.0,62,True,3,0,0.08508427563873078
4712,211.0,62,True,5,0,0.08504682089938709
4713,225.0,66,True,3,0,0.08500938771452007
4714,228.0,56,True,3,0,0.08497197607172549
4715,179.0,75,True,4,3,0.08493458595860634
4716,197.0,65,True,4,2,0.0848972173627727
4717,247.0,47,True,2,0,0.08485987027184178
4718,245.0,47,True,2,0,0.08482254467343793
4719,231.0,59,True,2,0,0.08478524055519261
4720,232.0,51,True,2,1,0.08474795790474442
4721,231.0,58,True,3,0,0.08471069670973908
4722,194.0,59,True,6,1,0.08467345695782932
4723,240.0,55,True,2,0,0.08463623863667516
4724,186.0,59,True,8,1,0.08459904173394352
4725,172.0,66,True,9,1,0.08456186623730856
4726,237.0,56,True,1,1,0.0845247121344515
4727,229.0,57,True,2,1,0.08448757941306058
4728,195.0,72,True,5,1,0.08445046806083122
4729,238.0,59,True,2,0,0.08441337806546591
4730,231.0,67,True,2,0,0.08437630941467411
4731,232.0,51,True,2,1,0.08433926209617253
4732,234.0,59,True,2,0,0.08430223609768475
4733,218.0,62,True,3,1,0.08426523140694157
4734,210.0,68,True,3,1,0.08422824801168081
4735,231.0,65,True,2,0,0.0841912858996473
4736,209.0,69,True,4,0,0.08415434505859298
4737,202.0,60,True,3,3,0.08411742547627678
4738,146.0,125,True,6,1,0.08408052714046473
4739,245.0,55,True,0,1,0.08404365003892988
4740,206.0,65,True,4,1,0.08400679415945231
4741,233.0,51,True,2,1,0.08396995948981915
4742,226.0,47,True,4,1,0.08393314601782452
4743,187.0,67,True,6,1,0.0838963537312696
4744,172.0,71,True,8,1,0.08385958261796261
4745,256.0,51,True,0,0,0.08382283266571872
4746,188.0,84,True,5,1,0.08378610386236016
4747,222.0,66,True,3,0,0.08374939619571614
4748,217.0,59,True,2,2,0.08371270965362289
4749,213.0,65,True,4,0,0.0836760442239237
4750,199.0,57,True,6,1,0.08363939989446872
4751,185.0,65,True,8,0,0.08360277665311525
4752,212.0,56,True,3,2,0.08356617448772738
4753,197.0,78,True,3,1,0.0835295933861764
4754,203.0,56,True,7,0,0.08349303333634046
4755,208.0,62,True,3,2,0.08345649432610466
4756,240.0,55,True,2,0,0.08341997634336118
4757,215.0,56,True,5,0,0.08338347937600907
4758,239.0,48,True,3,0,0.08334700341195436
4759,206.0,74,True,3,1,0.08331054843911012
4760,230.0,59,True,0,2,0.08327411444539626
4761,212.0,67,True,4,0,0.08323770141873975
4762,216.0,56,True,5,0,0.08320130934707437
4763,222.0,66,True,3,0,0.083164938218341
4764,167.0,83,True,6,2,0.0831285880204874
4765,186.0,83,True,6,0,0.0830922587414682
4766,208.0,56,True,5,1,0.08305595036924503
4767,194.0,62,True,5,2,0.08301966289178647
4768,237.0,59,True,2,0,0.08298339629706794
4769,141.0,65,True,12,2,0.08294715057307188
4770,236.0,59,True,2,0,0.08291092570778753
4771,179.0,62,True,7,2,0.08287472168921114
4772,180.0,62,True,7,2,0.08283853850534587
4773,219.0,49,True,4,1,0.08280237614420168
4774,216.0,62,True,3,1,0.08276623459379555
4775,166.0,97,True,4,2,0.08273011384215125
4776,233.0,52,True,3,0,0.08269401387729952
4777,190.0,62,True,7,1,0.08265793468727801
4778,223.0,56,True,1,2,0.08262187626013115
4779,234.0,65,True,2,0,0.08258583858391035
4780,164.0,74,True,9,1,0.0825498216466738
4781,240.0,55,True,2,0,0.08251382543648664
4782,248.0,47,True,2,0,0.08247784994142089
4783,260.0,47,True,0,0,0.08244189514955536
4784,202.0,74,True,5,0,0.08240596104897578
4785,220.0,67,True,2,1,0.0823700476277747
4786,236.0,53,True,0,2,0.0823341548740515
4787,200.0,69,True,6,0,0.08229828277591256
4788,120.0,124,True,9,1,0.0822624313214709
4789,203.0,70,True,5,0,0.0822266004988465
4790,244.0,56,True,1,0,0.08219079029616613
4791,179.0,65,True,8,1,0.08215500070156342
4792,246.0,47,True,2,0,0.08211923170317886
4793,241.0,56,True,1,0,0.08208348328915967
4794,241.0,55,True,2,0,0.08204775544765999
4795,208.0,65,True,4,1,0.08201204816684068
4796,217.0,49,True,6,0,0.08197636143486953
4797,224.0,62,True,3,0,0.08194069523992104
4798,-4.0,163,True,20,2,0.08190504957017654
4799,231.0,57,True,0,2,0.08186942441382422
4800,235.0,59,True,2,0,0.08183381975905896
4801,215.0,65,True,4,0,0.08179823559408253
4802,244.0,56,True,1,0,0.08176267190710347
4803,245.0,47,True,2,0,0.08172712868633704
4804,214.0,59,True,2,2,0.08169160592000539
4805,226.0,59,True,2,1,0.08165610359633733
4806,243.0,56,True,1,0,0.08162062170356854
4807,232.0,47,True,4,0,0.08158516022994144
4808,203.0,62,True,5,1,0.08154971916370518
4809,216.0,62,True,3,1,0.08151429849311571
4810,225.0,55,True,4,0,0.08147889820643575
4811,215.0,59,True,4,1,0.08144351829193473
4812,235.0,59,True,2,0,0.0814081587378889
4813,231.0,47,True,4,0,0.08137281953258114
4814,195.0,65,True,4,2,0.08133750066430119
4815,220.0,47,True,4,1,0.08130220212134552
4816,220.0,62,True,3,1,0.08126692389201721
4817,224.0,82,True,1,0,0.08123166596462626
4818,196.0,65,True,4,2,0.08119642832748922
4819,204.0,67,True,4,1,0.08116121096892948
4820,231.0,55,True,2,1,0.08112601387727711
4821,213.0,66,True,3,1,0.08109083704086888
4822,210.0,57,True,2,3,0.08105568044804831
4823,240.0,57,True,0,1,0.0810205440871656
4824,244.0,53,True,2,0,0.08098542794657763
4825,203.0,62,True,5,1,0.08095033201464809
4826,214.0,55,True,4,1,0.0809152562797472
4827,171.0,65,True,6,3,0.08088020073025205
4828,213.0,57,True,4,1,0.08084516535454625
4829,246.0,47,True,2,0,0.08081015014102019
4830,233.0,59,True,2,0,0.080775155078071
4831,223.0,56,True,3,1,0.08074018015410231
4832,219.0,85,True,2,0,0.08070522535752461
4833,212.0,74,True,3,0,0.08067029067675491
4834,211.0,62,True,3,2,0.080635376100217
4835,185.0,75,True,6,1,0.08060048161634127
4836,202.0,59,True,4,2,0.08056560721356477
4837,216.0,82,True,3,0,0.08053075288033125
4838,218.0,62,True,3,1,0.08049591860509103
4839,213.0,56,True,3,2,0.08046110437630115
4840,180.0,62,True,5,3,0.08042631018242527
4841,206.0,66,True,3,2,0.08039153601193368
4842,237.0,59,True,2,0,0.08035678185330332
4843,223.0,47,True,4,1,0.08032204769501772
4844,209.0,59,True,6,0,0.08028733352556709
4845,225.0,62,True,3,0,0.08025263933344827
4846,128.0,112,True,11,0,0.08021796510716464
4847,216.0,65,True,4,0,0.08018331083522627
4848,242.0,51,True,2,0,0.08014867650614985
4849,239.0,55,True,2,0,0.0801140621084586
4850,232.0,47,True,4,0,0.08007946763068245
4851,222.0,67,True,2,1,0.08004489306135783
4852,204.0,62,True,5,1,0.08001033838902781
4853,233.0,72,True,1,0,0.0799758036022421
4854,238.0,49,True,0,2,0.0799412886895569
4855,234.0,71,True,0,1,0.0799067936395351
4856,213.0,65,True,2,2,0.07987231844074608
4857,183.0,97,True,4,1,0.07983786308176585
4858,145.0,99,True,8,1,0.07980342755117702
4859,235.0,47,True,2,1,0.07976901183756868
4860,256.0,53,True,0,0,0.07973461592953661
4861,221.0,56,True,3,1,0.079700239815683
4862,208.0,47,True,6,1,0.07966588348461674
4863,247.0,47,True,2,0,0.07963154692495324
4864,229.0,65,True,2,0,0.07959723012531436
4865,215.0,56,True,5,0,0.07956293307432868
4866,184.0,59,True,8,1,0.07952865576063116
4867,220.0,47,True,6,0,0.07949439817286341
4868,227.0,62,True,3,0,0.07946016029967355
4869,246.0,49,True,2,0,0.0794259421297162
4870,160.0,69,True,8,3,0.07939174365165254
4871,240.0,46,True,3,0,0.07935756485415023
4872,205.0,67,True,4,1,0.07932340572588353
4873,223.0,56,True,3,1,0.07928926625553322
4874,193.0,66,True,7,0,0.07925514643178644
4875,225.0,57,True,4,0,0.07922104624333705
4876,207.0,69,True,2,2,0.07918696567888524
4877,187.0,65,True,6,2,0.07915290472713783
4878,172.0,77,True,8,1,0.07911886337680808
4879,221.0,65,True,4,0,0.07908484161661573
4880,208.0,59,True,6,0,0.0790508394352871
4881,245.0,55,True,2,0,0.07901685682155483
4882,233.0,66,True,1,0,0.07898289376415822
4883,233.0,52,True,3,0,0.07894895025184298
4884,232.0,45,True,4,0,0.07891502627336126
4885,203.0,62,True,5,1,0.07888112181747173
4886,194.0,65,True,4,3,0.07884723687293956
4887,196.0,65,True,6,1,0.07881337142853626
4888,137.0,134,True,7,1,0.07877952547303994
4889,244.0,51,True,2,0,0.0787456989952351
4890,206.0,56,True,5,1,0.0787118919839127
4891,171.0,59,True,10,1,0.07867810442787017
4892,238.0,46,True,3,0,0.07864433631591133
4893,225.0,55,True,4,0,0.07861058763684657
4894,200.0,87,True,4,0,0.07857685837949256
4895,253.0,47,True,0,1,0.0785431485326725
4896,201.0,65,True,6,0,0.07850945808521603
4897,206.0,65,True,4,1,0.07847578702595917
4898,240.0,57,True,0,1,0.0784421353437444
4899,222.0,47,True,4,1,0.07840850302742058
4900,169.0,67,True,6,3,0.07837489006584303
4901,242.0,49,True,2,0,0.0783412964478735
4902,222.0,47,True,4,1,0.07830772216238006
4903,240.0,53,True,2,0,0.07827416719823732
4904,183.0,87,True,4,2,0.07824063154432614
4905,219.0,66,True,3,0,0.07820711518953388
4906,221.0,50,True,5,0,0.07817361812275432
4907,196.0,65,True,4,2,0.0781401403328875
4908,260.0,47,True,0,0,0.07810668180884002
4909,243.0,56,True,1,0,0.07807324253952468
4910,225.0,66,True,3,0,0.07803982251386081
4911,133.0,143,True,6,0,0.07800642172077409
4912,209.0,59,True,4,1,0.07797304014919647
4913,223.0,59,True,4,0,0.0779396777880664
4914,227.0,49,True,4,0,0.07790633462632861
4915,215.0,51,True,6,0,0.07787301065293423
4916,208.0,55,True,6,0,0.07783970585684077
4917,191.0,56,True,7,1,0.07780642022701201
4918,247.0,53,True,0,1,0.0777731537524182
4919,237.0,55,True,2,0,0.07773990642203579
4920,215.0,56,True,5,0,0.07770667822484773
4921,214.0,62,True,5,0,0.07767346914984323
4922,149.0,96,True,9,1,0.0776402791860178
4923,223.0,57,True,4,0,0.07760710832237336
4924,229.0,65,True,2,0,0.07757395654791814
4925,237.0,48,True,3,0,0.07754082385166663
4926,220.0,62,True,3,1,0.07750771022263976
4927,141.0,94,True,9,1,0.07747461564986466
4928,162.0,73,True,8,2,0.07744154012237482
4929,211.0,62,True,5,0,0.07740848362921011
4930,206.0,59,True,6,0,0.07737544615941658
4931,243.0,51,True,2,0,0.0773424277020467
4932,221.0,56,True,3,1,0.07730942824615913
4933,197.0,57,True,6,1,0.07727644778081892
4934,220.0,59,True,4,0,0.0772434862950974
4935,191.0,69,True,6,1,0.07721054377807213
4936,257.0,44,True,1,0,0.07717762021882701
4937,183.0,74,True,5,2,0.07714471560645218
4938,203.0,76,True,3,1,0.07711182993004412
4939,170.0,72,True,9,0,0.07707896317870555
4940,218.0,59,True,4,0,0.07704611534154542
4941,166.0,65,True,8,2,0.07701328640767902
4942,236.0,56,True,1,1,0.07698047636622783
4943,213.0,56,True,3,2,0.07694768520631969
4944,196.0,62,True,5,2,0.0769149129170886
4945,240.0,55,True,2,0,0.07688215948767485
4946,215.0,56,True,5,0,0.07684942490722502
4947,241.0,67,True,0,0,0.07681670916489183
4948,224.0,66,True,3,0,0.07678401224983435
4949,230.0,51,True,4,0,0.07675133415121788
4950,205.0,66,True,5,0,0.07671867485821383
4951,244.0,49,True,2,0,0.07668603436000004
4952,245.0,47,True,2,0,0.0766534126457604
4953,226.0,56,True,1,2,0.0766208097046851
4954,245.0,56,True,1,0,0.07658822552597061
4955,230.0,67,True,2,0,0.07655566009881948
4956,195.0,86,True,3,1,0.0765231134124406
4957,224.0,56,True,1,2,0.07649058545604899
4958,102.0,118,True,13,0,0.0764580762188659
4959,228.0,65,True,2,0,0.07642558569011883
4960,222.0,56,True,3,1,0.07639311385904139
4961,225.0,74,True,1,0,0.07636066071487346
4962,170.0,89,True,6,1,0.0763282262468611
4963,241.0,55,True,2,0,0.0762958104442565
4964,212.0,69,True,4,0,0.07626341329631812
4965,214.0,65,True,2,2,0.07623103479231054
4966,193.0,65,True,6,1,0.07619867492150453
4967,203.0,62,True,5,1,0.07616633367317709
4968,204.0,65,True,6,0,0.07613401103661127
4969,213.0,62,True,3,1,0.07610170700109645
4970,199.0,62,True,7,0,0.07606942155592801
4971,244.0,49,True,2,0,0.07603715469040759
4972,242.0,57,True,0,1,0.076004906393843
4973,215.0,69,True,4,0,0.0759726766555481
4974,220.0,57,True,2,2,0.07594046546484302
4975,235.0,66,True,1,0,0.07590827281105395
4976,255.0,57,True,0,0,0.07587609868351326
4977,236.0,56,True,1,1,0.07584394307155949
4978,201.0,55,True,6,1,0.07581180596453721
4979,249.0,45,True,2,0,0.07577968735179726
4980,230.0,56,True,3,0,0.07574758722269648
4981,220.0,62,True,1,2,0.07571550556659792
4982,235.0,56,True,1,1,0.07568344237287075
4983,221.0,55,True,2,2,0.07565139763089018
4984,262.0,47,True,0,0,0.07561937133003764
4985,215.0,55,True,4,1,0.07558736345970057
4986,227.0,55,True,4,0,0.0755553740092726
4987,193.0,72,True,3,3,0.07552340296815344
4988,212.0,62,True,5,0,0.07549145032574883
4989,242.0,51,True,2,0,0.07545951607147075
4990,242.0,51,True,2,0,0.07542760019473711
4991,91.0,135,True,8,4,0.07539570268497202
4992,258.0,55,True,0,0,0.07536382353160567
4993,183.0,111,True,4,0,0.07533196272407428
4994,245.0,62,True,1,0,0.07530012025182019
4995,181.0,81,True,6,1,0.07526829610429178
4996,179.0,74,True,7,1,0.07523649027094355
4997,213.0,67,True,4,0,0.07520470274123606
4998,252.0,47,True,0,1,0.07517293350463586
4999,222.0,49,True,4,1,0.07514118255061566
5000,200.0,59,True,4,2,0.07510944986865423
5001,237.0,49,True,0,2,0.07507773544823627
5002,213.0,67,True,4,0,0.0750460392788527
5003,210.0,59,True,4,1,0.07501436135000032
5004,196.0,59,True,8,0,0.07498270165118211
5005,238.0,47,True,2,1,0.07495106017190706
5006,205.0,69,True,4,1,0.0749194369016901
5007,241.0,55,True,2,0,0.07488783183005235
5008,221.0,59,True,4,0,0.07485624494652081
5009,218.0,69,True,2,1,0.07482467624062862
5010,224.0,62,True,3,0,0.07479312570191492
5011,104.0,115,True,14,0,0.07476159331992478
5012,198.0,74,True,3,2,0.07473007908420944
5013,194.0,57,True,4,3,0.07469858298432601
5014,225.0,51,True,4,0,0.07466710500983768
5015,185.0,65,True,8,0,0.07463564515031368
5016,233.0,51,True,0,3,0.07460420339532914
5017,208.0,67,True,4,1,0.0745727797344653
5018,160.0,78,True,7,2,0.07454137415730928
5019,223.0,59,True,4,0,0.07450998665345432
5020,244.0,46,True,1,1,0.07447861721249957
5021,228.0,49,True,4,0,0.07444726582405016
5022,174.0,66,True,7,2,0.07441593247771724
5023,59.0,131,True,18,0,0.07438461716311792
5024,199.0,77,True,4,1,0.07435331986987527
5025,180.0,69,True,6,2,0.07432204058761838
5026,191.0,85,True,2,3,0.07429077930598224
5027,207.0,65,True,4,1,0.07425953601460789
5028,182.0,66,True,7,1,0.07422831070314222
5029,227.0,65,True,2,0,0.07419710336123818
5030,227.0,57,True,2,1,0.07416591397855464
5031,223.0,57,True,2,1,0.0741347425447564
5032,259.0,47,True,0,0,0.07410358904951425
5033,196.0,77,True,4,1,0.07407245348250485
5034,242.0,51,True,2,0,0.07404133583341088
5035,220.0,59,True,4,0,0.07401023609192096
5036,209.0,55,True,6,0,0.07397915424772955
5037,226.0,59,True,2,1,0.07394809029053713
5038,153.0,62,True,7,5,0.07391704421005009
5039,179.0,65,True,8,1,0.0738860159959807
5040,225.0,57,True,2,1,0.07385500563804723
5041,225.0,62,True,3,0,0.07382401312597377
5042,194.0,69,True,4,2,0.0737930384494904
5043,195.0,79,True,4,1,0.07376208159833308
5044,250.0,59,True,0,0,0.07373114256224368
5045,-53.0,159,True,26,3,0.07370022133096998
5046,200.0,59,True,4,2,0.07366931789426565
5047,178.0,65,True,8,1,0.07363843224189022
5048,242.0,56,True,1,0,0.07360756436360924
5049,186.0,62,True,7,1,0.07357671424919397
5050,229.0,57,True,2,1,0.07354588188842175
5051,249.0,59,True,0,0,0.0735150672710756
5052,215.0,67,True,4,0,0.07348427038694456
5053,156.0,78,True,7,3,0.07345349122582355
5054,213.0,67,True,4,0,0.07342272977751325
5055,128.0,82,True,13,1,0.07339198603182036
5056,178.0,65,True,8,1,0.07336125997855729
5057,208.0,66,True,5,0,0.07333055160754244
5058,186.0,59,True,6,2,0.07329986090860001
5059,198.0,79,True,4,0,0.07326918787156003
5060,233.0,47,True,4,0,0.07323853248625849
5061,237.0,55,True,2,0,0.07320789474253707
5062,224.0,62,True,3,0,0.07317727463024343
5063,183.0,65,True,2,5,0.07314667213923104
5064,218.0,49,True,4,1,0.07311608725935916
5065,245.0,56,True,1,0,0.07308551998049294
5066,224.0,62,True,3,0,0.07305497029250332
5067,249.0,59,True,0,0,0.0730244381852671
5068,240.0,62,True,1,0,0.07299392364866696
5069,211.0,69,True,4,0,0.07296342667259122
5070,232.0,49,True,4,0,0.07293294724693425
5071,260.0,47,True,0,0,0.07290248536159603
5072,221.0,57,True,2,2,0.07287204100648252
5073,228.0,46,True,3,1,0.07284161417150539
5074,207.0,56,True,5,1,0.07281120484658213
5075,186.0,78,True,5,1,0.07278081302163604
5076,187.0,56,True,9,0,0.07275043868659628
5077,213.0,55,True,4,1,0.07272008183139765
5078,189.0,69,True,4,2,0.07268974244598095
5079,130.0,109,True,10,1,0.07265942052029255
5080,240.0,57,True,0,1,0.07262911604428478
5081,255.0,46,True,1,0,0.07259882900791569
5082,243.0,48,True,1,1,0.07256855940114906
5083,201.0,65,True,4,2,0.07253830721395456
5084,208.0,67,True,2,2,0.0725080724363075
5085,128.0,77,True,8,5,0.07247785505818904
5086,227.0,57,True,2,1,0.07244765506958611
5087,245.0,47,True,2,0,0.07241747246049136
5088,239.0,59,True,2,0,0.07238730722090325
5089,233.0,59,True,2,0,0.07235715934082591
5090,246.0,47,True,2,0,0.07232702881026933
5091,215.0,59,True,4,1,0.07229691561924917
5092,204.0,59,True,4,2,0.07226681975778687
5093,220.0,65,True,2,1,0.07223674121590962
5094,223.0,55,True,4,0,0.0722066799836503
5095,218.0,65,True,2,1,0.07217663605104757
5096,200.0,65,True,6,0,0.07214660940814585
5097,213.0,67,True,4,0,0.07211660004499522
5098,221.0,49,True,4,1,0.07208660795165153
5099,158.0,95,True,8,0,0.07205663311817631
5100,246.0,47,True,2,0,0.07202667553463687
5101,260.0,47,True,0,0,0.07199673519110622
5102,232.0,49,True,2,1,0.07196681207766303
5103,170.0,91,True,8,0,0.07193690618439176
5104,261.0,47,True,0,0,0.07190701750138248
5105,210.0,62,True,5,0,0.07187714601873106
5106,216.0,62,True,3,1,0.07184729172653904
5107,212.0,74,True,3,0,0.07181745461491361
5108,224.0,59,True,4,0,0.07178763467396772
5109,238.0,66,True,1,0,0.07175783189381992
5110,230.0,59,True,2,1,0.07172804626459453
5111,244.0,49,True,2,0,0.07169827777642157
5112,176.0,65,True,8,1,0.07166852641943665
5113,231.0,65,True,2,0,0.0716387921837811
5114,212.0,59,True,4,1,0.07160907505960197
5115,229.0,71,True,2,0,0.07157937503705188
5116,257.0,44,True,1,0,0.07154969210628923
5117,238.0,55,True,2,0,0.07152002625747798
5118,211.0,62,True,5,0,0.07149037748078782
5119,191.0,65,True,6,1,0.0714607457663941
5120,221.0,56,True,3,1,0.07143113110447773
5121,247.0,56,True,1,0,0.07140153348522542
5122,215.0,56,True,5,0,0.07137195289882937
5123,218.0,56,True,3,1,0.07134238933548756
5124,245.0,47,True,2,0,0.07131284278540355
5125,244.0,56,True,1,0,0.07128331323878649
5126,175.0,82,True,7,0,0.07125380068585128
5127,213.0,78,True,3,0,0.07122430511681832
5128,139.0,103,True,10,0,0.07119482652191375
5129,221.0,63,True,2,1,0.07116536489136929
5130,196.0,77,True,4,1,0.07113592021542224
5131,225.0,65,True,2,1,0.0711064924843156
5132,232.0,56,True,3,0,0.0710770816882979
5133,226.0,44,True,5,0,0.07104768781762336
5134,183.0,66,True,7,1,0.07101831086255177
5135,123.0,77,True,14,1,0.0709889508133485
5136,226.0,67,True,2,0,0.0709596076602846
5137,205.0,67,True,4,1,0.07093028139363661
5138,231.0,56,True,3,0,0.07090097200368675
5139,180.0,74,True,5,2,0.07087167948072283
5140,236.0,59,True,2,0,0.0708424038150382
5141,171.0,67,True,6,3,0.07081314499693185
5142,39.0,148,True,17,1,0.07078390301670828
5143,247.0,47,True,2,0,0.07075467786467764
5144,216.0,62,True,3,1,0.07072546953115566
5145,240.0,59,True,2,0,0.07069627800646355
5146,225.0,62,True,3,0,0.07066710328092822
5147,226.0,55,True,4,0,0.07063794534488202
5148,237.0,55,True,2,0,0.07060880418866297
5149,236.0,62,True,1,0,0.0705796798026146
5150,212.0,59,True,4,1,0.07055057217708598
5151,188.0,85,True,6,0,0.07052148130243176
5152,203.0,69,True,4,1,0.07049240716901216
5153,218.0,57,True,2,2,0.07046334976719289
5154,245.0,49,True,2,0,0.07043430908734527
5155,211.0,62,True,5,0,0.0704052851198461
5156,247.0,47,True,2,0,0.07037627785507776
5157,221.0,47,True,4,1,0.07034728728342818
5158,231.0,67,True,2,0,0.07031831339529074
5159,201.0,67,True,6,0,0.07028935618106447
5160,227.0,62,True,3,0,0.07026041563115377
5161,239.0,53,True,2,0,0.07023149173596871
5162,195.0,72,True,5,1,0.07020258448592483
5163,207.0,59,True,6,0,0.07017369387144312
5164,222.0,52,True,5,0,0.07014481988295018
5165,221.0,55,True,4,0,0.07011596251087805
5166,226.0,74,True,1,0,0.07008712174566431
5167,182.0,59,True,8,1,0.07005829757775206
5168,198.0,67,True,6,0,0.07002948999758983
5169,214.0,65,True,4,0,0.07000069899563173
5170,216.0,65,True,4,0,0.06997192456233729
5171,184.0,66,True,5,2,0.06994316668817158
5172,217.0,65,True,4,0,0.06991442536360518
5173,245.0,51,True,2,0,0.06988570057911404
5174,223.0,62,True,3,0,0.06985699232517975
5175,211.0,66,True,3,1,0.06982830059228921
5176,216.0,65,True,4,0,0.06979962537093494
5177,232.0,47,True,4,0,0.06977096665161488
5178,215.0,57,True,2,2,0.06974232442483237
5179,173.0,69,True,8,1,0.06971369868109634
5180,262.0,47,True,0,0,0.06968508941092104
5181,239.0,59,True,0,1,0.06965649660482633
5182,205.0,62,True,5,1,0.06962792025333742
5183,234.0,59,True,2,0,0.06959936034698498
5184,224.0,57,True,2,1,0.0695708168763052
5185,247.0,47,True,2,0,0.06954228983183963
5186,111.0,108,True,13,0,0.06951377920413532
5187,252.0,55,True,0,0,0.06948528498374475
5188,236.0,57,True,2,0,0.06945680716122579
5189,216.0,67,True,4,0,0.06942834572714182
5190,223.0,48,True,5,0,0.06939990067206163
5191,224.0,62,True,3,0,0.06937147198655937
5192,224.0,62,True,3,0,0.06934305966121469
5193,214.0,62,True,3,1,0.06931466368661264
5194,202.0,59,True,4,2,0.06928628405334367
5195,260.0,47,True,0,0,0.06925792075200368
5196,215.0,85,True,2,0,0.06922957377319394
5197,229.0,56,True,3,0,0.06920124310752118
5198,191.0,65,True,6,1,0.06917292874559748
5199,196.0,71,True,2,3,0.06914463067804033
5200,226.0,55,True,4,0,0.0691163488954727
5201,228.0,57,True,2,1,0.06908808338852283
5202,237.0,54,True,1,1,0.06905983414782448
5203,245.0,47,True,2,0,0.06903160116401666
5204,226.0,62,True,3,0,0.0690033844277439
5205,216.0,65,True,4,0,0.06897518392965606
5206,204.0,59,True,2,3,0.06894699966040835
5207,198.0,65,True,6,1,0.06891883161066141
5208,261.0,51,True,0,0,0.06889067977108122
5209,246.0,56,True,1,0,0.06886254413233912
5210,235.0,55,True,2,0,0.06883442468511192
5211,234.0,56,True,1,1,0.06880632142008163
5212,152.0,84,True,9,1,0.06877823432793576
5213,230.0,65,True,2,0,0.06875016339936708
5214,188.0,62,True,7,1,0.06872210862507382
5215,198.0,62,True,3,3,0.0686940699957595
5216,211.0,62,True,5,0,0.06866604750213295
5217,221.0,65,True,2,1,0.06863804113490846
5218,243.0,57,True,0,1,0.06861005088480553
5219,234.0,59,True,2,0,0.06858207674254911
5220,246.0,47,True,2,0,0.06855411869886946
5221,197.0,65,True,4,2,0.06852617674450212
5222,202.0,59,True,6,1,0.06849825087018806
5223,239.0,53,True,2,0,0.06847034106667343
5224,232.0,62,True,3,0,0.06844244732470987
5225,224.0,48,True,5,0,0.06841456963505428
5226,178.0,77,True,4,3,0.06838670798846881
5227,211.0,65,True,4,1,0.068358862375721
5228,244.0,49,True,2,0,0.06833103278758373
5229,232.0,59,True,2,0,0.06830321921483509
5230,241.0,52,True,1,1,0.06827542164825859
5231,223.0,55,True,4,0,0.06824764007864292
5232,245.0,49,True,2,0,0.0682198744967822
5233,237.0,47,True,2,1,0.06819212489347577
5234,238.0,62,True,1,1,0.06816439125952825
5235,232.0,65,True,2,0,0.06813667358574964
5236,226.0,60,True,3,0,0.06810897186295511
5237,212.0,78,True,3,0,0.06808128608196522
5238,213.0,62,True,3,1,0.06805361623360577
5239,218.0,56,True,3,1,0.06802596230870782
5240,209.0,85,True,2,1,0.06799832429810775
5241,232.0,44,True,3,1,0.06797070219264716
5242,215.0,62,True,5,0,0.06794309598317295
5243,136.0,84,True,13,0,0.06791550566053735
5244,232.0,59,True,2,0,0.0678879312155977
5245,192.0,62,True,5,2,0.06786037263921678
5246,153.0,93,True,8,1,0.06783282992226247
5247,157.0,62,True,11,1,0.067805303055608
5248,229.0,62,True,3,0,0.06777779203013189
5249,204.0,65,True,6,0,0.06775029683671775
5250,236.0,56,True,1,1,0.06772281746625461
5251,118.0,80,True,13,2,0.06769535390963663
5252,245.0,51,True,2,0,0.06766790615776325
5253,218.0,65,True,4,0,0.06764047420153917
5254,216.0,59,True,2,2,0.06761305803187427
5255,215.0,55,True,4,1,0.06758565763968373
5256,226.0,55,True,4,0,0.06755827301588788
5257,219.0,65,True,4,0,0.06753090415141233
5258,193.0,69,True,4,2,0.0675035510371879
5259,247.0,47,True,2,0,0.06747621366415063
5260,204.0,65,True,2,3,0.06744889202324177
5261,237.0,55,True,2,0,0.06742158610540774
5262,216.0,72,True,3,0,0.06739429590160029
5263,233.0,62,True,1,1,0.06736702140277627
5264,232.0,47,True,4,0,0.06733976259989774
5265,217.0,51,True,4,1,0.067312519483932
5266,217.0,51,True,4,1,0.06728529204585158
5267,223.0,59,True,2,2,0.06725808027663412
5268,209.0,62,True,3,2,0.0672308841672625
5269,196.0,66,True,7,0,0.06720370370872476
5270,120.0,126,True,7,2,0.06717653889201419
5271,199.0,62,True,7,0,0.06714938970812921
5272,221.0,51,True,4,1,0.0671222561480734
5273,188.0,70,True,7,0,0.0670951382028556
5274,213.0,65,True,4,0,0.06706803586348974
5275,246.0,47,True,2,0,0.06704094912099494
5276,211.0,55,True,6,0,0.06701387796639556
5277,254.0,51,True,0,0,0.066986822390721
5278,245.0,49,True,2,0,0.06695978238500595
5279,228.0,56,True,3,0,0.06693275794029015
5280,197.0,62,True,3,3,0.06690574904761856
5281,235.0,50,True,3,0,0.06687875569804133
5282,210.0,57,True,2,3,0.06685177788261364
5283,261.0,47,True,0,0,0.06682481559239593
5284,228.0,55,True,2,1,0.06679786881845372
5285,241.0,71,True,0,0,0.0667709375518577
5286,209.0,57,True,6,0,0.06674402178368373
5287,171.0,71,True,6,3,0.0667171215050127
5288,104.0,111,True,14,0,0.06669023670693076
5289,257.0,55,True,0,0,0.0666633673805291
5290,212.0,74,True,3,0,0.06663651351690407
5291,244.0,47,True,2,0,0.06660967510715717
5292,223.0,56,True,1,2,0.06658285214239493
5293,252.0,55,True,0,0,0.06655604461372915
5294,231.0,47,True,4,0,0.06652925251227657
5295,215.0,62,True,3,1,0.06650247582915916
5296,184.0,72,True,7,0,0.066475714555504
5297,236.0,47,True,2,1,0.0664489686824432
5298,220.0,65,True,2,1,0.06642223820111404
5299,-288.0,217,True,50,4,0.06639552310265885
5300,246.0,49,True,2,0,0.0663688233782251
5301,204.0,65,True,6,0,0.06634213901896537
5302,243.0,47,True,2,0,0.06631547001603723
5303,244.0,56,True,1,0,0.06628881636060346
5304,216.0,65,True,4,0,0.06626217804383189
5305,243.0,51,True,2,0,0.06623555505689536
5306,196.0,66,True,7,0,0.06620894739097191
5307,229.0,55,True,2,1,0.06618235503724453
5308,234.0,56,True,1,1,0.06615577798690139
5309,193.0,65,True,6,1,0.0661292162311357
5310,221.0,66,True,3,0,0.06610266976114568
5311,204.0,62,True,5,1,0.0660761385681347
5312,215.0,65,True,4,0,0.06604962264331113
5313,240.0,55,True,0,1,0.06602312197788843
5314,221.0,56,True,3,1,0.06599663656308515
5315,247.0,56,True,1,0,0.06597016639012479
5316,254.0,55,True,0,0,0.06594371145023602
5317,220.0,59,True,4,0,0.06591727173465245
5318,238.0,50,True,3,0,0.06589084723461283
5319,252.0,55,True,0,0,0.0658644379413609
5320,190.0,65,True,6,1,0.06583804384614543
5321,208.0,66,True,5,0,0.06581166494022028
5322,234.0,47,True,4,0,0.06578530121484427
5323,180.0,62,True,5,3,0.06575895266128129
5324,259.0,47,True,0,0,0.0657326192708003
5325,229.0,51,True,4,0,0.0657063010346752
5326,237.0,49,True,2,1,0.06567999794418497
5327,174.0,67,True,10,0,0.06565370999061355
5328,204.0,65,True,4,1,0.06562743716524998
5329,257.0,49,True,0,0,0.06560117945938829
5330,169.0,65,True,8,2,0.06557493686432743
5331,205.0,69,True,4,1,0.0655487093713715
5332,201.0,74,True,5,0,0.06552249697182946
5333,246.0,47,True,2,0,0.06549629965701538
5334,216.0,62,True,3,1,0.06547011741824832
5335,196.0,67,True,4,2,0.06544395024685226
5336,221.0,49,True,4,1,0.06541779813415625
5337,178.0,65,True,8,1,0.06539166107149427
5338,207.0,66,True,5,0,0.06536553905020534
5339,211.0,66,True,5,0,0.06533943206163345
5340,193.0,59,True,8,0,0.06531334009712753
5341,218.0,59,True,4,0,0.06528726314804154
5342,239.0,44,True,3,0,0.0652612012057344
5343,236.0,47,True,2,1,0.06523515426156999
5344,244.0,48,True,1,1,0.0652091223069172
5345,260.0,47,True,0,0,0.06518310533314982
5346,198.0,62,True,5,1,0.06515710333164663
5347,243.0,49,True,2,0,0.06513111629379144
5348,167.0,59,True,6,4,0.06510514421097291
5349,209.0,56,True,5,1,0.06507918707458472
5350,248.0,59,True,0,0,0.06505324487602548
5351,190.0,59,True,4,3,0.06502731760669879
5352,215.0,65,True,2,2,0.06500140525801315
5353,246.0,47,True,2,0,0.06497550782138199
5354,233.0,59,True,2,0,0.06494962528822376
5355,191.0,69,True,4,2,0.06492375764996176
5356,261.0,47,True,0,0,0.06489790489802429
5357,241.0,55,True,2,0,0.06487206702384457
5358,152.0,78,True,7,3,0.06484624401886069
5359,249.0,47,True,0,1,0.06482043587451577
5360,227.0,62,True,3,0,0.06479464258225777
5361,253.0,55,True,0,0,0.06476886413353959
5362,241.0,55,True,2,0,0.06474310051981912
5363,250.0,59,True,0,0,0.06471735173255903
5364,194.0,65,True,6,1,0.06469161776322704
5365,187.0,69,True,8,0,0.06466589860329569
5366,215.0,55,True,4,1,0.06464019424424244
5367,245.0,56,True,1,0,0.06461450467754973
5368,242.0,49,True,2,0,0.06458882989470477
5369,217.0,51,True,4,1,0.0645631698871998
5370,196.0,69,True,6,0,0.06453752464653187
5371,203.0,59,True,4,2,0.06451189416420296
5372,216.0,62,True,3,1,0.06448627843171993
5373,231.0,67,True,2,0,0.06446067744059453
5374,228.0,62,True,3,0,0.0644350911823434
5375,258.0,47,True,0,0,0.06440951964848803
5376,199.0,62,True,5,1,0.06438396283055484
5377,215.0,69,True,4,0,0.06435842072007512
5378,220.0,59,True,4,0,0.06433289330858498
5379,232.0,55,True,2,1,0.06430738058762543
5380,229.0,59,True,2,1,0.06428188254874241
5381,199.0,59,True,6,1,0.0642563991834866
5382,202.0,70,True,3,2,0.06423093048341369
5383,254.0,44,True,1,0,0.06420547644008406
5384,196.0,65,True,6,1,0.0641800370450631
5385,247.0,56,True,1,0,0.06415461228992099
5386,248.0,47,True,2,0,0.06412920216623273
5387,261.0,47,True,0,0,0.06410380666557826
5388,247.0,45,True,2,0,0.06407842577954223
5389,244.0,46,True,1,1,0.06405305949971427
5390,199.0,62,True,7,0,0.06402770781768877
5391,236.0,47,True,2,1,0.06400237072506497
5392,243.0,62,True,1,0,0.06397704821344698
5393,237.0,50,True,3,0,0.06395174027444367
5394,246.0,47,True,2,0,0.06392644689966881
5395,231.0,59,True,2,0,0.06390116808074098
5396,206.0,59,True,6,0,0.06387590380928354
5397,245.0,49,True,2,0,0.06385065407692474
5398,243.0,47,True,0,2,0.06382541887529758
5399,232.0,47,True,4,0,0.0638001981960399
5400,195.0,59,True,6,1,0.06377499203079441
5401,211.0,62,True,5,0,0.06374980037120852
5402,240.0,53,True,2,0,0.06372462320893453
5403,226.0,69,True,2,0,0.06369946053562951
5404,223.0,59,True,4,0,0.06367431234295533
5405,213.0,71,True,4,0,0.0636491786225787
5406,206.0,59,True,6,0,0.06362405936617106
5407,232.0,56,True,3,0,0.06359895456540872
5408,203.0,67,True,4,1,0.06357386421197267
5409,238.0,59,True,0,1,0.06354878829754879
5410,240.0,59,True,0,1,0.06352372681382773
5411,202.0,55,True,6,1,0.06349867975250487
5412,200.0,55,True,6,1,0.0634736471052804
5413,257.0,44,True,1,0,0.0634486288638593
5414,197.0,56,True,5,2,0.06342362501995129
5415,257.0,47,True,0,0,0.06339863556527092
5416,260.0,47,True,0,0,0.06337366049153742
5417,187.0,75,True,4,2,0.06334869979047485
5418,215.0,62,True,5,0,0.06332375345381204
5419,257.0,47,True,0,0,0.06329882147328252
5420,142.0,76,True,7,4,0.06327390384062465
5421,238.0,59,True,2,0,0.06324900054758147
5422,236.0,65,True,2,0,0.06322411158590083
5423,216.0,65,True,4,0,0.06319923694733531
5424,220.0,59,True,4,0,0.06317437662364224
5425,212.0,52,True,5,1,0.06314953060658368
5426,222.0,55,True,4,0,0.06312469888792642
5427,246.0,47,True,2,0,0.06309988145944204
5428,239.0,59,True,2,0,0.06307507831290682
5429,65.0,128,True,15,2,0.06305028944010174
5430,249.0,47,True,0,1,0.0630255148328126
5431,206.0,62,True,3,2,0.06300075448282981
5432,213.0,59,True,2,2,0.0629760083819486
5433,214.0,55,True,4,1,0.06295127652196891
5434,225.0,62,True,3,0,0.06292655889469533
5435,221.0,47,True,4,1,0.06290185549193726
5436,216.0,55,True,4,1,0.06287716630550871
5437,243.0,56,True,1,0,0.0628524913272285
5438,229.0,51,True,4,0,0.06282783054892013
5439,219.0,67,True,4,0,0.06280318396241175
5440,229.0,49,True,4,0,0.06277855155953628
5441,261.0,47,True,0,0,0.0627539333321313
5442,207.0,65,True,6,0,0.0627293292720391
5443,220.0,49,True,4,1,0.0627047393711067
5444,74.0,154,True,11,2,0.06268016362118574
5445,223.0,59,True,4,0,0.0626556020141326
5446,212.0,51,True,6,0,0.06263105454180833
5447,250.0,47,True,0,1,0.06260652119607865
5448,234.0,59,True,2,0,0.06258200196881403
5449,205.0,65,True,4,1,0.06255749685188952
5450,243.0,51,True,2,0,0.06253300583718492
5451,235.0,65,True,2,0,0.06250852891658465
5452,247.0,56,True,1,0,0.06248406608197783
5453,215.0,65,True,4,0,0.06245961732525829
5454,176.0,109,True,4,0,0.06243518263832441
5455,234.0,56,True,3,0,0.06241076201307935
5456,237.0,56,True,1,1,0.06238635544143087
5457,195.0,67,True,4,2,0.06236196291529138
5458,205.0,59,True,6,0,0.06233758442657798
5459,230.0,62,True,1,1,0.0623132199672124
5460,210.0,59,True,4,1,0.062288869529120994
5461,187.0,62,True,7,1,0.062264533104234854
5462,207.0,62,True,3,2,0.06224021068448958
5463,228.0,65,True,2,0,0.06221590226182555
5464,239.0,62,True,1,0,0.06219160782818767
5465,243.0,51,True,2,0,0.06216732737552552
5466,255.0,46,True,1,0,0.062143060895793356
5467,226.0,59,True,2,1,0.062118808380950005
5468,190.0,67,True,6,1,0.06209456982295897
5469,243.0,49,True,2,0,0.06207034521378832
5470,206.0,65,True,4,1,0.062046134545410775
5471,237.0,56,True,1,1,0.06202193780980372
5472,234.0,56,True,1,1,0.06199775499894908
5473,80.0,131,True,14,0,0.06197358610483346
5474,220.0,67,True,2,1,0.061949431119448006
5475,214.0,55,True,2,3,0.06192529003478853
5476,218.0,67,True,2,1,0.061901162842855476
5477,242.0,62,True,1,0,0.061877049535653775
5478,176.0,67,True,8,1,0.06185295010519308
5479,235.0,47,True,2,1,0.061828864543487586
5480,225.0,62,True,3,0,0.06180479284255609
5481,239.0,55,True,2,0,0.06178073499442201
5482,214.0,62,True,3,1,0.06175669099111328
5483,243.0,51,True,2,0,0.061732660824662514
5484,222.0,57,True,4,0,0.061708644487106834
5485,252.0,55,True,0,0,0.06168464197048801
5486,235.0,49,True,2,1,0.061660653266852355
5487,230.0,49,True,4,0,0.06163667836825075
5488,210.0,55,True,6,0,0.061612717266738684
5489,230.0,59,True,0,2,0.06158876995437618
5490,181.0,65,True,6,2,0.06156483642322785
5491,235.0,59,True,2,0,0.061540916665362905
5492,251.0,55,True,0,0,0.061517010672855046
5493,255.0,46,True,1,0,0.061493118437782615
5494,94.0,137,True,10,2,0.061469239952228416
5495,206.0,59,True,2,3,0.06144537520827993
5496,223.0,56,True,3,1,0.06142152419802911
5497,200.0,56,True,7,0,0.06139768691357246
5498,244.0,47,True,2,0,0.06137386334701107
5499,219.0,62,True,3,1,0.06135005349045056
5500,230.0,47,True,4,0,0.06132625733600107
5501,221.0,62,True,1,2,0.061302474875777335
5502,221.0,51,True,4,1,0.06127870610189855
5503,233.0,59,True,2,1,0.061254951006488506
5504,259.0,47,True,0,0,0.061231209581675536
5505,261.0,49,True,0,0,0.061207481819592444
5506,214.0,65,True,4,0,0.0611837677123766
5507,258.0,47,True,0,0,0.061160067252169895
5508,181.0,69,True,6,2,0.06113638043111874
5509,238.0,53,True,2,0,0.06111270724137409
5510,203.0,67,True,4,1,0.06108904767509134
5511,165.0,77,True,8,1,0.06106540172443051
5512,154.0,85,True,10,0,0.06104176938155602
5513,204.0,59,True,6,0,0.06101815063863686
5514,212.0,84,True,3,0,0.06099454548784658
5515,229.0,47,True,4,0,0.06097095392136309
5516,246.0,49,True,0,1,0.06094737593136895
5517,239.0,62,True,1,0,0.06092381151005112
5518,146.0,67,True,12,1,0.06090026064960109
5519,186.0,62,True,7,1,0.06087672334221486
5520,211.0,76,True,3,0,0.06085319958009289
5521,190.0,65,True,6,1,0.060829689355440156
5522,261.0,51,True,0,0,0.06080619266046608
5523,134.0,109,True,10,0,0.06078270948738461
5524,259.0,47,True,0,0,0.06075923982841419
5525,20.0,141,True,20,1,0.06073578367577766
5526,156.0,77,True,8,2,0.06071234102170242
5527,161.0,95,True,4,4,0.06068891185842029
5528,204.0,65,True,4,1,0.06066549617816758
5529,229.0,65,True,2,0,0.060642093973185096
5530,189.0,67,True,6,1,0.06061870523571805
5531,245.0,47,True,2,0,0.06059532995801617
5532,196.0,56,True,5,2,0.060571968132333606
5533,226.0,59,True,2,1,0.06054861975092897
5534,226.0,59,True,2,1,0.06052528480606538
5535,243.0,51,True,2,0,0.06050196329001033
5536,237.0,55,True,2,0,0.06047865519503583
5537,173.0,66,True,9,1,0.06045536051341828
5538,218.0,62,True,3,1,0.06043207923743857
5539,232.0,51,True,4,0,0.06040881135938203
5540,226.0,62,True,3,0,0.060385556871538376
5541,212.0,65,True,4,0,0.060362315766201824
5542,211.0,70,True,3,1,0.06033908803567101
5543,233.0,67,True,0,1,0.06031587367224896
5544,208.0,59,True,4,1,0.0602926726682432
5545,192.0,56,True,7,1,0.060269485015965615
5546,231.0,49,True,4,0,0.06024631070773255
5547,247.0,59,True,0,0,0.06022314973586479
5548,216.0,65,True,4,0,0.060200002092687485
5549,210.0,65,True,2,2,0.060176867770530246
5550,240.0,59,True,0,1,0.06015374676172708
5551,178.0,67,True,6,2,0.0601306390586164
5552,226.0,62,True,3,0,0.06010754465354108
5553,236.0,57,True,2,0,0.060084463538848304
5554,220.0,62,True,1,2,0.06006139570688976
5555,175.0,66,True,5,3,0.06003834115002145
5556,159.0,72,True,7,3,0.06001529986060383
5557,236.0,49,True,2,1,0.05999227183100177
5558,218.0,49,True,4,1,0.05996925705358447
5559,212.0,67,True,4,0,0.05994625552072558
5560,231.0,49,True,4,0,0.05992326722480307
5561,44.0,115,True,22,0,0.059900292158199364
5562,236.0,59,True,2,0,0.059877330313301266
5563,135.0,90,True,9,3,0.059854381682499916
5564,214.0,55,True,4,1,0.05983144625819088
5565,245.0,49,True,2,0,0.059808524032774035
5566,241.0,51,True,2,0,0.059785614998653716
5567,240.0,55,True,2,0,0.059762719148238566
5568,225.0,62,True,3,0,0.05973983647394163
5569,167.0,62,True,7,3,0.05971696696818031
5570,199.0,65,True,6,0,0.059694110623376345
5571,228.0,56,True,1,2,0.059671267431955874
5572,212.0,62,True,5,0,0.05964843738634941
5573,220.0,59,True,4,0,0.059625620478991725
5574,188.0,81,True,6,0,0.059602816702322065
5575,237.0,59,True,2,0,0.05958002604878396
5576,174.0,71,True,6,2,0.059557248510825306
5577,156.0,69,True,8,3,0.05953448408089833
5578,260.0,47,True,0,0,0.059511732751459614
5579,230.0,55,True,2,1,0.05948899451497007
5580,206.0,67,True,4,1,0.059466269363895013
5581,237.0,47,True,2,1,0.05944355729070397
5582,225.0,62,True,3,0,0.05942085828787093
5583,200.0,65,True,4,2,0.059398172347874104
5584,230.0,47,True,2,2,0.05937549946319612
5585,193.0,65,True,6,1,0.0593528396263239
5586,254.0,57,True,0,0,0.05933019282974865
5587,231.0,65,True,2,0,0.059307559065965965
5588,254.0,46,True,1,0,0.059284938327475695
5589,228.0,48,True,3,1,0.05926233060678204
5590,204.0,62,True,3,2,0.05923973589639356
5591,256.0,46,True,1,0,0.05921715418882301
5592,259.0,47,True,0,0,0.05919458547658757
5593,206.0,65,True,4,1,0.059172029752208644
5594,221.0,65,True,2,1,0.05914948700821197
5595,240.0,55,True,2,0,0.059126957237127645
5596,162.0,68,True,9,2,0.059104440431489935
5597,211.0,62,True,3,2,0.059081936583837535
5598,256.0,51,True,0,0,0.05905944568671333
5599,220.0,59,True,4,0,0.05903696773266455
5600,237.0,50,True,3,0,0.05901450271424276
5601,265.0,47,True,0,0,0.05899205062400367
5602,207.0,56,True,5,1,0.05896961145450744
5603,254.0,52,True,1,0,0.05894718519831839
5604,194.0,59,True,4,3,0.05892477184800517
5605,193.0,62,True,7,0,0.0589023713961407
5606,201.0,59,True,6,1,0.05887998383530217
5607,210.0,57,True,2,3,0.05885760915807106
5608,231.0,72,True,1,0,0.05883524735703309
5609,237.0,56,True,1,1,0.05881289842477824
5610,186.0,59,True,4,4,0.05879056235390083
5611,220.0,59,True,4,0,0.05876823913699933
5612,246.0,47,True,2,0,0.058745928766676545
5613,249.0,47,True,2,0,0.058723631235539545
5614,234.0,49,True,2,1,0.05870134653619957
5615,244.0,51,True,2,0,0.05867907466127224
5616,238.0,55,True,2,0,0.058656815603377294
5617,217.0,67,True,4,0,0.058634569355138805
5618,213.0,59,True,4,1,0.058612335909185076
5619,245.0,47,True,2,0,0.05859011525814861
5620,230.0,62,True,3,0,0.05856790739466622
5621,199.0,67,True,6,0,0.05854571231137885
5622,237.0,47,True,2,1,0.058523530000931814
5623,244.0,56,True,1,0,0.058501360455974566
5624,227.0,62,True,3,0,0.058479203669160804
5625,210.0,71,True,4,0,0.05845705963314847
5626,251.0,56,True,1,0,0.058434928340599726
5627,234.0,59,True,2,0,0.05841280978418094
5628,253.0,47,True,0,1,0.05839070395656276
5629,203.0,62,True,5,1,0.05836861085041996
5630,253.0,55,True,0,0,0.05834653045843162
5631,242.0,55,True,2,0,0.05832446277328093
5632,261.0,47,True,0,0,0.058302407787655414
5633,217.0,51,True,4,1,0.058280365494246714
5634,227.0,47,True,2,2,0.05825833588575069
5635,249.0,47,True,0,1,0.05823631895486747
5636,225.0,71,True,2,0,0.05821431469430127
5637,225.0,59,True,2,1,0.058192323096760604
5638,242.0,51,True,2,0,0.058170344154958156
5639,248.0,47,True,2,0,0.05814837786161077
5640,244.0,51,True,2,0,0.05812642420943952
5641,202.0,62,True,5,1,0.058104483191169634
5642,232.0,62,True,1,1,0.058082554799530575
5643,252.0,46,True,1,0,0.058060639027255945
5644,229.0,62,True,3,0,0.05803873586708354
5645,230.0,68,True,1,0,0.05801684531175537
5646,232.0,59,True,2,1,0.057994967354017546
5647,246.0,56,True,1,0,0.05797310198662041
5648,235.0,59,True,2,0,0.057951249202318506
5649,240.0,48,True,3,0,0.05792940899387046
5650,181.0,69,True,8,0,0.05790758135403912
5651,234.0,51,True,2,1,0.05788576627559153
5652,226.0,48,True,5,0,0.05786396375129879
5653,196.0,59,True,6,1,0.05784217377393629
5654,246.0,47,True,2,0,0.05782039633628347
5655,203.0,62,True,5,1,0.05779863143112399
5656,236.0,59,True,2,0,0.05777687905124565
5657,228.0,62,True,1,1,0.05775513918944038
5658,234.0,66,True,1,0,0.05773341183850429
5659,244.0,49,True,2,0,0.057711696991237585
5660,200.0,67,True,6,0,0.05768999464044465
5661,213.0,67,True,4,0,0.05766830477893406
5662,196.0,56,True,5,2,0.05764662739951841
5663,248.0,45,True,2,0,0.05762496249501453
5664,213.0,62,True,5,0,0.05760331005824333
5665,249.0,47,True,2,0,0.057581670082029884
5666,240.0,46,True,3,0,0.05756004255920341
5667,241.0,62,True,1,0,0.05753842748259716
5668,237.0,57,True,0,2,0.05751682484504865
5669,242.0,49,True,2,0,0.05749523463939937
5670,223.0,62,True,3,0,0.05747365685849505
5671,194.0,59,True,4,3,0.05745209149518549
5672,233.0,56,True,3,0,0.05743053854232458
5673,230.0,65,True,2,0,0.05740899799277037
5674,150.0,103,True,8,0,0.057387469839384975
5675,215.0,59,True,4,1,0.057365954075034656
5676,174.0,80,True,7,1,0.05734445069258978
5677,223.0,62,True,3,0,0.05732295968492476
5678,186.0,56,True,7,2,0.05730148104491818
5679,246.0,65,True,0,0,0.05728001476545268
5680,221.0,59,True,4,0,0.05725856083941501
5681,221.0,56,True,3,1,0.05723711925969602
5682,245.0,47,True,2,0,0.057215690019190635
5683,234.0,56,True,1,1,0.057194273110797875
5684,254.0,55,True,0,0,0.057172868527420845
5685,217.0,65,True,4,0,0.05715147626196675
5686,235.0,52,True,3,0,0.05713009630734686
5687,216.0,65,True,4,0,0.05710872865647651
5688,248.0,47,True,2,0,0.057087373302275146
5689,208.0,66,True,5,0,0.05706603023766629
5690,228.0,51,True,4,0,0.0570446994555775
5691,233.0,55,True,2,1,0.05702338094894044
5692,211.0,62,True,5,0,0.057002074710690784
5693,245.0,49,True,2,0,0.056980780733768346
5694,202.0,62,True,7,0,0.05695949901111698
5695,204.0,59,True,6,0,0.05693822953568457
5696,234.0,55,True,2,1,0.056916972300423085
5697,215.0,59,True,4,1,0.05689572729828854
5698,199.0,67,True,6,0,0.056874494522241
5699,161.0,78,True,9,1,0.056853273965244616
5700,161.0,69,True,4,5,0.05683206562026755
5701,243.0,47,True,2,0,0.05681086948028201
5702,258.0,55,True,0,0,0.056789685538264245
5703,260.0,47,True,0,0,0.056768513787194594
5704,229.0,55,True,2,1,0.0567473542200574
5705,247.0,52,True,1,0,0.05672620682984103
5706,206.0,65,True,4,1,0.056705071609537916
5707,242.0,44,True,3,0,0.05668394855214448
5708,243.0,56,True,1,0,0.05666283765066124
5709,220.0,47,True,6,0,0.056641738898092694
5710,221.0,56,True,3,1,0.05662065228744735
5711,213.0,55,True,4,1,0.056599577811737814
5712,161.0,78,True,7,2,0.05657851546398064
5713,211.0,59,True,4,1,0.0565574652371964
5714,246.0,47,True,2,0,0.056536427124409774
5715,202.0,71,True,2,2,0.05651540111864932
5716,251.0,47,True,0,1,0.056494387212947736
5717,206.0,65,True,6,0,0.056473385400341636
5718,251.0,50,True,1,0,0.05645239567387168
5719,235.0,56,True,1,1,0.05643141802658257
5720,236.0,47,True,2,1,0.056410452451522916
5721,252.0,55,True,0,0,0.05638949894174544
5722,217.0,55,True,4,1,0.05636855749030675
5723,171.0,77,True,8,1,0.05634762809026754
5724,241.0,55,True,0,1,0.05632671073469246
5725,228.0,67,True,2,0,0.056305805416650145
5726,214.0,74,True,3,0,0.056284912129213244
5727,221.0,59,True,4,0,0.056264030865458364
5728,236.0,66,True,1,0,0.0562431616184661
5729,237.0,47,True,2,1,0.05622230438132106
5730,193.0,75,True,6,0,0.05620145914711179
5731,227.0,65,True,2,0,0.056180625908930845
5732,232.0,65,True,2,0,0.056159804659874746
5733,206.0,59,True,6,0,0.05613899539304397
5734,200.0,65,True,4,2,0.056118198101543004
5735,183.0,65,True,4,3,0.05609741277848024
5736,239.0,47,True,2,1,0.05607663941696808
5737,209.0,62,True,5,0,0.056055878010122934
5738,226.0,56,True,1,2,0.05603512855106507
5739,226.0,62,True,3,0,0.05601439103291879
5740,225.0,62,True,3,0,0.055993665448812305
5741,260.0,47,True,0,0,0.055972951791877834
5742,237.0,55,True,2,0,0.055952250055251534
5743,215.0,62,True,3,1,0.05593156023207346
5744,244.0,47,True,2,0,0.05591088231548769
5745,220.0,62,True,3,1,0.05589021629864216
5746,213.0,66,True,3,1,0.055869562174688844
5747,216.0,55,True,4,1,0.05584891993678362
5748,225.0,62,True,3,0,0.05582828957808625
5749,238.0,46,True,3,0,0.05580767109176053
5750,243.0,51,True,2,0,0.055787064470974104
5751,206.0,59,True,6,0,0.055766469708898606
5752,260.0,47,True,0,0,0.05574588679870958
5753,243.0,49,True,2,0,0.05572531573358647
5754,227.0,62,True,3,0,0.05570475650671271
5755,217.0,51,True,4,1,0.05568420911127557
5756,237.0,59,True,2,0,0.05566367354046631
5757,236.0,47,True,2,1,0.0556431497874801
5758,243.0,49,True,2,0,0.05562263784551598
5759,211.0,67,True,4,0,0.05560213770777697
5760,217.0,65,True,4,0,0.055581649367469954
5761,179.0,65,True,6,2,0.05556117281780572
5762,244.0,49,True,2,0,0.05554070805199901
5763,203.0,46,True,7,1,0.05552025506326841
5764,216.0,55,True,2,2,0.055499813844836474
5765,223.0,59,True,2,1,0.05547938438992961
5766,204.0,56,True,7,0,0.05545896669177813
5767,207.0,49,True,6,1,0.05543856074361628
5768,260.0,47,True,0,0,0.05541816653868212
5769,207.0,59,True,6,0,0.05539778407021767
5770,165.0,67,True,8,2,0.05537741333146884
5771,246.0,56,True,1,0,0.05535705431568538
5772,222.0,46,True,3,2,0.05533670701612098
5773,221.0,49,True,4,1,0.05531637142603313
5774,247.0,47,True,2,0,0.05529604753868331
5775,248.0,44,True,1,1,0.05527573534733679
5776,212.0,49,True,4,2,0.055255434845262755
5777,191.0,62,True,5,2,0.05523514602573426
5778,228.0,57,True,2,1,0.055214868882028215
5779,212.0,69,True,4,0,0.05519460340742541
5780,230.0,49,True,4,0,0.05517434959521053
5781,261.0,49,True,0,0,0.05515410743867205
5782,211.0,65,True,4,1,0.0551338769311024
5783,233.0,65,True,2,0,0.055113658065797794
5784,204.0,65,True,6,0,0.055093450836058336
5785,210.0,59,True,4,1,0.05507325523518801
5786,228.0,62,True,3,0,0.0550530712564946
5787,135.0,96,True,9,2,0.055032898893289786
5788,244.0,49,True,2,0,0.055012738138889045
5789,145.0,80,True,9,2,0.05499258898661177
5790,221.0,47,True,4,1,0.054972451429781174
5791,215.0,65,True,2,2,0.054952325461724266
5792,238.0,47,True,2,1,0.05493221107577195
5793,210.0,55,True,6,0,0.05491210826525894
5794,209.0,62,True,3,2,0.05489201702352381
5795,198.0,69,True,6,0,0.05487193734390895
5796,252.0,47,True,0,1,0.05485186921976057
5797,261.0,47,True,0,0,0.054831812644428754
5798,241.0,55,True,2,0,0.054811767611267326
5799,245.0,56,True,1,0,0.05479173411363404
5800,232.0,62,True,1,1,0.05477171214489042
5801,208.0,56,True,5,1,0.05475170169840177
5802,226.0,62,True,3,0,0.054731702767537305
5803,261.0,47,True,0,0,0.05471171534566999
5804,238.0,59,True,0,1,0.05469173942617661
5805,180.0,77,True,8,0,0.05467177500243779
5806,255.0,51,True,0,0,0.05465182206783793
5807,228.0,59,True,2,1,0.05463188061576525
5808,234.0,59,True,2,0,0.0546119506396118
5809,257.0,47,True,0,0,0.05459203213277339
5810,238.0,47,True,2,1,0.05457212508864967
5811,229.0,55,True,2,1,0.05455222950064405
5812,225.0,57,True,2,1,0.05453234536216375
5813,245.0,47,True,2,0,0.05451247266661982
5814,212.0,59,True,4,1,0.05449261140742706
5815,261.0,45,True,0,0,0.05447276157800407
5816,249.0,47,True,2,0,0.054452923171773235
5817,135.0,119,True,8,1,0.05443309618216072
5818,183.0,62,True,9,0,0.05441328060259651
5819,229.0,55,True,2,1,0.05439347642651432
5820,191.0,72,True,3,3,0.05437368364735168
5821,222.0,56,True,3,1,0.05435390225854987
5822,221.0,59,True,4,0,0.05433413225355398
5823,252.0,55,True,0,0,0.05431437362581282
5824,146.0,69,True,4,7,0.05429462636877902
5825,266.0,47,True,0,0,0.05427489047590897
5826,234.0,47,True,4,0,0.05425516594066279
5827,225.0,59,True,2,1,0.05423545275650439
5828,263.0,47,True,0,0,0.054215750916901465
5829,229.0,56,True,3,0,0.05419606041532539
5830,224.0,59,True,2,1,0.054176381245251426
5831,213.0,65,True,2,2,0.05415671340015844
5832,218.0,65,True,4,0,0.05413705687352917
5833,220.0,69,True,2,1,0.05411741165885005
5834,198.0,65,True,4,2,0.05409777774961125
5835,248.0,45,True,2,0,0.05407815513930675
5836,189.0,66,True,5,2,0.054058543821434185
5837,249.0,47,True,2,0,0.054038943789495
5838,205.0,56,True,5,1,0.054019355036994385
5839,228.0,62,True,3,0,0.0539997775574412
5840,177.0,68,True,5,3,0.053980211344348106
5841,262.0,47,True,0,0,0.053960656391231474
5842,224.0,62,True,3,0,0.05394111269161139
5843,233.0,59,True,2,1,0.05392158023901171
5844,223.0,56,True,3,1,0.053902059026959964
5845,236.0,56,True,1,1,0.05388254904898744
5846,233.0,49,True,4,0,0.05386305029862917
5847,195.0,62,True,7,0,0.05384356276942384
5848,240.0,49,True,0,2,0.05382408645491393
5849,221.0,65,True,4,0,0.05380462134864557
5850,188.0,57,True,6,2,0.05378516744416864
5851,259.0,49,True,0,0,0.053765724735036755
5852,180.0,69,True,8,0,0.053746293214807186
5853,213.0,66,True,3,1,0.053726872877040935
5854,168.0,65,True,8,2,0.05370746371530272
5855,224.0,56,True,3,1,0.05368806572316094
5856,230.0,45,True,2,2,0.053668678894187735
5857,191.0,56,True,7,1,0.05364930322195888
5858,204.0,67,True,4,1,0.05362993870005392
5859,206.0,56,True,5,1,0.05361058532205604
5860,245.0,56,True,1,0,0.05359124308155214
5861,198.0,62,True,5,1,0.05357191197213283
5862,261.0,47,True,0,0,0.053552591987392345
5863,231.0,62,True,1,1,0.0535332831209287
5864,189.0,62,True,7,1,0.05351398536634348
5865,228.0,62,True,3,0,0.05349469871724205
5866,212.0,65,True,2,2,0.05347542316723344
5867,240.0,62,True,1,0,0.0534561587099303
5868,191.0,62,True,5,2,0.053436905338949015
5869,237.0,59,True,2,0,0.0534176630479096
5870,235.0,47,True,2,1,0.05339843183043577
5871,236.0,55,True,2,1,0.05337921168015494
5872,210.0,57,True,4,1,0.05336000259069809
5873,200.0,56,True,5,2,0.05334080455569999
5874,141.0,82,True,11,1,0.05332161756879898
5875,168.0,67,True,8,2,0.05330244162363709
5876,223.0,56,True,1,2,0.053283276713860045
5877,196.0,77,True,4,1,0.053264122833117156
5878,213.0,59,True,4,1,0.053244979975061446
5879,245.0,46,True,1,1,0.05322584813334959
5880,174.0,62,True,9,1,0.05320672730164186
5881,192.0,62,True,5,2,0.05318761747360225
5882,174.0,65,True,10,0,0.053168518642898316
5883,244.0,47,True,2,0,0.053149430803201336
5884,157.0,99,True,8,1,0.053130353948186215
5885,230.0,65,True,2,0,0.05311128807153144
5886,230.0,46,True,3,1,0.0530922331669192
5887,224.0,65,True,2,1,0.05307318922803529
5888,237.0,47,True,2,1,0.053054156248569156
5889,230.0,65,True,2,0,0.05303513422221387
5890,163.0,65,True,10,1,0.0530161231426661
5891,112.0,134,True,9,0,0.052997123003626204
5892,237.0,55,True,2,0,0.05297813379879811
5893,252.0,55,True,0,0,0.05295915552188939
5894,199.0,59,True,4,2,0.05294018816661125
5895,219.0,49,True,4,1,0.052921231726678494
5896,244.0,55,True,0,1,0.052902286195809584
5897,247.0,51,True,0,1,0.0528833515677265
5898,238.0,48,True,3,0,0.052864427836154956
5899,211.0,59,True,4,1,0.052845514994824205
5900,192.0,65,True,6,1,0.05282661303746712
5901,229.0,65,True,2,0,0.0528077219578202
5902,206.0,65,True,4,1,0.052788841749623505
5903,200.0,69,True,4,1,0.052769972406620735
5904,252.0,55,True,0,0,0.05275111392255921
5905,195.0,65,True,6,1,0.052732266291189794
5906,246.0,47,True,2,0,0.05271342950626698
5907,225.0,71,True,2,0,0.05269460356154883
5908,233.0,49,True,2,1,0.05267578845079704
5909,172.0,77,True,6,2,0.052656984167776866
5910,225.0,55,True,4,0,0.05263819070625715
5911,145.0,76,True,7,4,0.05261940806001035
5912,224.0,62,True,3,0,0.052600636222812455
5913,186.0,67,True,6,1,0.052581875188443095
5914,233.0,49,True,2,1,0.052563124950685436
5915,234.0,56,True,1,1,0.05254438550332623
5916,200.0,72,True,5,0,0.052525656840155824
5917,216.0,59,True,4,1,0.052506938954968135
5918,232.0,59,True,0,2,0.05248823184156062
5919,227.0,49,True,4,0,0.05246953549373436
5920,204.0,65,True,6,0,0.05245084990529393
5921,236.0,59,True,2,0,0.05243217507004755
5922,244.0,47,True,2,0,0.05241351098180695
5923,245.0,47,True,2,0,0.05239485763438742
5924,246.0,47,True,2,0,0.05237621502160786
5925,241.0,59,True,2,0,0.052357583137290664
5926,232.0,57,True,2,1,0.05233896197526182
5927,194.0,55,True,6,2,0.05232035152935087
5928,219.0,56,True,3,1,0.052301751793390874
5929,240.0,47,True,2,1,0.052283162761218485
5930,251.0,47,True,0,1,0.05226458442667385
5931,200.0,59,True,6,1,0.052246016783600704
5932,228.0,49,True,4,0,0.052227459825846353
5933,230.0,49,True,4,0,0.05220891354726155
5934,208.0,56,True,5,1,0.05219037794170067
5935,249.0,50,True,1,0,0.05217185300302157
5936,242.0,62,True,1,0,0.052153338725085666
5937,247.0,47,True,2,0,0.052134835101757954
5938,198.0,62,True,5,1,0.052116342126906856
5939,227.0,62,True,3,0,0.05209785979440443
5940,214.0,71,True,4,0,0.052079388098126164
5941,208.0,59,True,4,1,0.05206092703195113
5942,235.0,55,True,2,0,0.05204247658976194
5943,231.0,56,True,3,0,0.05202403676544465
5944,189.0,65,True,6,1,0.052005607552888924
5945,237.0,55,True,2,0,0.051987188945987875
5946,170.0,69,True,8,1,0.051968780938638146
5947,244.0,49,True,2,0,0.051950383524739935
5948,240.0,47,True,2,1,0.05193199669819687
5949,147.0,101,True,8,1,0.05191362045291617
5950,221.0,56,True,3,1,0.051895254782808514
5951,212.0,51,True,6,0,0.051876899681788075
5952,242.0,55,True,2,0,0.05185855514377259
5953,225.0,69,True,2,0,0.051840221162683206
5954,219.0,62,True,1,2,0.05182189773244464
5955,226.0,62,True,3,0,0.05180358484698509
5956,226.0,53,True,4,0,0.05178528250023624
5957,246.0,56,True,1,0,0.05176699068613326
5958,249.0,49,True,0,1,0.051748709398614784
5959,238.0,47,True,2,1,0.05173043863162301
5960,219.0,59,True,4,0,0.05171217837910358
5961,214.0,65,True,4,0,0.051693928635005604
5962,213.0,57,True,4,1,0.05167568939328168
5963,213.0,62,True,5,0,0.0516574606478879
5964,230.0,49,True,4,0,0.051639242392783835
5965,189.0,76,True,5,1,0.05162103462193254
5966,211.0,62,True,5,0,0.0516028373293005
5967,203.0,65,True,6,0,0.05158465050885773
5968,191.0,62,True,7,1,0.05156647415457767
5969,254.0,44,True,1,0,0.051548308260437256
5970,199.0,79,True,2,2,0.05153015282041688
5971,235.0,49,True,2,1,0.05151200782850039
5972,228.0,59,True,2,1,0.051493873278675134
5973,233.0,47,True,4,0,0.05147574916493183
5974,229.0,69,True,2,0,0.05145763548126478
5975,140.0,79,True,6,5,0.05143953222167165
5976,247.0,47,True,2,0,0.051421439380153575
5977,221.0,55,True,4,0,0.051403356950715184
5978,211.0,57,True,4,1,0.051385284927364494
5979,256.0,55,True,0,0,0.051367223304113016
5980,212.0,56,True,3,2,0.05134917207497572
5981,247.0,59,True,0,0,0.051331131233970956
5982,213.0,62,True,5,0,0.05131310077512058
5983,211.0,59,True,4,1,0.05129508069244984
5984,245.0,56,True,1,0,0.051277070979987474
5985,207.0,56,True,5,1,0.051259071631765615
5986,245.0,44,True,1,1,0.051241082641819834
5987,226.0,62,True,3,0,0.051223104004189175
5988,211.0,77,True,2,1,0.05120513571291603
5989,261.0,47,True,0,0,0.051187177762046315
5990,243.0,55,True,2,0,0.051169230145629324
5991,234.0,52,True,3,0,0.051151292857717745
5992,234.0,49,True,2,1,0.051133365892367756
5993,235.0,49,True,2,1,0.05111544924363893
5994,225.0,51,True,4,0,0.05109754290559422
5995,235.0,51,True,2,1,0.05107964687230005
5996,232.0,47,True,4,0,0.05106176113782622
5997,199.0,62,True,3,3,0.051043885696245975
5998,181.0,67,True,6,2,0.05102602054163595
5999,200.0,59,True,4,2,0.05100816566807617
6000,233.0,59,True,2,0,0.05099032106965014
6001,245.0,56,True,1,0,0.05097248674044466
6002,190.0,59,True,8,0,0.050954662674550025
6003,236.0,47,True,2,1,0.05093684886605991
6004,253.0,55,True,0,0,0.05091904530907135
6005,209.0,69,True,4,0,0.05090125199768483
6006,258.0,47,True,0,0,0.05088346892600418
6007,223.0,56,True,3,1,0.05086569608813665
6008,212.0,66,True,5,0,0.050847933478192914
6009,220.0,61,True,4,0,0.05083018109028695
6010,197.0,62,True,7,0,0.05081243891853621
6011,232.0,49,True,4,0,0.05079470695706148
6012,222.0,65,True,2,1,0.05077698519998693
6013,218.0,51,True,4,1,0.05075927364144017
6014,208.0,59,True,6,0,0.0507415722755521
6015,255.0,46,True,1,0,0.05072388109645708
6016,239.0,55,True,0,2,0.050706200098292756
6017,239.0,62,True,1,0,0.050688529275200234
6018,237.0,47,True,2,1,0.05067086862132397
6019,245.0,47,True,2,0,0.05065321813081175
6020,235.0,47,True,2,1,0.050635577797814774
6021,227.0,62,True,3,0,0.05061794761648758
6022,228.0,55,True,4,0,0.050600327580988064
6023,196.0,57,True,4,3,0.050582717685477535
6024,229.0,51,True,4,0,0.05056511792412059
6025,229.0,56,True,3,0,0.050547528291085254
6026,239.0,55,True,2,0,0.05052994878054284
6027,263.0,47,True,0,0,0.050512379386668055
6028,265.0,45,True,0,0,0.05049482010363899
6029,185.0,65,True,4,3,0.050477270925637
6030,234.0,56,True,3,0,0.050459731846846864
6031,249.0,47,True,2,0,0.05044220286145669
6032,188.0,65,True,8,0,0.050424683963657894
6033,249.0,47,True,2,0,0.05040717514764529
6034,229.0,65,True,2,0,0.050389676407616976
6035,218.0,65,True,4,0,0.05037218773777445
6036,197.0,62,True,7,0,0.0503547091323225
6037,227.0,47,True,2,2,0.050337240585469255
6038,246.0,56,True,1,0,0.05031978209142621
6039,203.0,62,True,5,1,0.05030233364440814
6040,240.0,55,True,2,0,0.05028489523863319
6041,233.0,56,True,3,0,0.05026746686832284
6042,234.0,49,True,2,1,0.05025004852770183
6043,226.0,67,True,2,0,0.05023264021099831
6044,179.0,66,True,5,3,0.050215241912443684
6045,237.0,59,True,2,0,0.0501978536262727
6046,244.0,55,True,0,1,0.05018047534672346
6047,221.0,65,True,2,1,0.050163107068037296
6048,261.0,47,True,0,0,0.05014574878445896
6049,182.0,65,True,6,2,0.05012840049023641
6050,260.0,47,True,0,0,0.05011106217962098
6051,243.0,51,True,2,0,0.05009373384686733
6052,252.0,55,True,0,0,0.05007641548623335
6053,201.0,55,True,6,1,0.05005910709198032
6054,246.0,47,True,2,0,0.05004180865837274
6055,208.0,57,True,6,0,0.05002452017967846
6056,219.0,71,True,0,2,0.05000724165016865
6057,215.0,62,True,3,1,0.04998997306411772
6058,212.0,59,True,4,1,0.04997271441580342
6059,233.0,49,True,4,0,0.04995546569950675
6060,216.0,56,True,5,0,0.04993822690951204
6061,229.0,59,True,2,1,0.04992099804010691
6062,242.0,65,True,0,0,0.049903779085582224
6063,232.0,47,True,4,0,0.04988657004023219
6064,210.0,57,True,4,1,0.04986937089835425
6065,212.0,59,True,4,1,0.04985218165424915
6066,245.0,52,True,1,0,0.04983500230222093
6067,207.0,56,True,5,1,0.04981783283657686
6068,240.0,62,True,1,0,0.04980067325162754
6069,261.0,47,True,0,0,0.04978352354168684
6070,260.0,49,True,0,0,0.04976638370107184
6071,223.0,59,True,4,0,0.049749253724102965
6072,218.0,56,True,3,1,0.04973213360510386
6073,244.0,59,True,0,1,0.049715023338401464
6074,204.0,62,True,3,2,0.04969792291832599
6075,220.0,55,True,2,2,0.049680832339210855
6076,188.0,65,True,8,0,0.04966375159539281
6077,180.0,66,True,5,3,0.04964668068121181
6078,231.0,49,True,4,0,0.0496296195910111
6079,205.0,62,True,5,1,0.049612568319137185
6080,218.0,56,True,5,0,0.049595526859939766
6081,241.0,57,True,0,1,0.04957849520777188
6082,182.0,91,True,4,1,0.04956147335698975
6083,214.0,65,True,2,2,0.04954446130195288
6084,224.0,59,True,2,1,0.049527459037024005
6085,248.0,51,True,0,1,0.049510466556569085
6086,223.0,55,True,4,0,0.04949348385495739
6087,209.0,62,True,3,2,0.04947651092656134
6088,182.0,59,True,8,1,0.049459547765756666
6089,238.0,55,True,2,0,0.04944259436692232
6090,255.0,55,True,0,0,0.049425650724440426
6091,230.0,56,True,3,0,0.049408716832696445
6092,212.0,77,True,2,1,0.04939179268607899
6093,230.0,51,True,4,0,0.04937487827897993
6094,226.0,46,True,5,0,0.049357973605794386
6095,138.0,100,True,9,1,0.04934107866092064
6096,214.0,67,True,4,0,0.049324193438760267
6097,261.0,49,True,0,0,0.04930731793371802
6098,189.0,74,True,5,1,0.04929045214020189
6099,243.0,51,True,2,0,0.04927359605262309
6100,198.0,65,True,4,2,0.04925674966539602
6101,211.0,62,True,3,2,0.04923991297293834
6102,160.0,71,True,6,4,0.04922308596967087
6103,243.0,44,True,3,0,0.04920626865001769
6104,91.0,142,True,11,1,0.04918946100840607
6105,244.0,49,True,2,0,0.04917266303926647
6106,260.0,47,True,0,0,0.049155874737032576
6107,222.0,65,True,4,0,0.049139096096141296
6108,225.0,54,True,3,1,0.04912232711103266
6109,235.0,65,True,0,1,0.04910556777615001
6110,221.0,59,True,4,0,0.04908881808593978
6111,211.0,56,True,5,1,0.049072078034851675
6112,241.0,59,True,2,0,0.04905534761733857
6113,241.0,48,True,3,0,0.04903862682785651
6114,231.0,56,True,3,0,0.049021915660864765
6115,246.0,47,True,2,0,0.04900521411082577
6116,214.0,56,True,5,0,0.04898852217220516
6117,219.0,65,True,2,1,0.04897183983947175
6118,261.0,47,True,0,0,0.04895516710709753
6119,236.0,56,True,1,1,0.048938503969557706
6120,219.0,65,True,4,0,0.04892185042133059
6121,242.0,62,True,1,0,0.04890520645689775
6122,223.0,59,True,4,0,0.04888857207074391
6123,202.0,65,True,6,0,0.048871947257356926
6124,236.0,56,True,1,1,0.04885533201122788
6125,260.0,47,True,0,0,0.048838726326850976
6126,222.0,65,True,2,1,0.048822130198723626
6127,231.0,51,True,2,1,0.0488055436213464
6128,221.0,59,True,4,0,0.04878896658922301
6129,215.0,65,True,4,0,0.048772399096860375
6130,208.0,67,True,4,1,0.048755841138768505
6131,235.0,56,True,1,1,0.04873929270946064
6132,180.0,86,True,5,1,0.04872275380345316
6133,261.0,47,True,0,0,0.04870622441526556
6134,223.0,71,True,2,0,0.04868970453942055
6135,207.0,65,True,4,1,0.048673194170443926
6136,251.0,59,True,0,0,0.04865669330286469
6137,223.0,59,True,4,0,0.04864020193121499
6138,250.0,59,True,0,0,0.04862372005003007
6139,194.0,65,True,4,2,0.04860724765384838
6140,218.0,67,True,2,1,0.04859078473721144
6141,194.0,77,True,4,1,0.04857433129466401
6142,243.0,44,True,3,0,0.048557887320753904
6143,209.0,65,True,4,1,0.04854145281003211
6144,250.0,47,True,0,1,0.04852502775705275
6145,233.0,47,True,4,0,0.04850861215637306
6146,219.0,67,True,2,1,0.048492206002553453
6147,176.0,65,True,8,1,0.048475809290157434
6148,248.0,47,True,2,0,0.04845942201375163
6149,199.0,57,True,6,1,0.04844304416790582
6150,228.0,48,True,3,1,0.04842667574719292
6151,178.0,79,True,6,1,0.04841031674618892
6152,230.0,51,True,4,0,0.04839396715947298
6153,215.0,66,True,3,1,0.04837762698162734
6154,221.0,65,True,2,1,0.04836129620723739
6155,211.0,62,True,5,0,0.048344974830891646
6156,240.0,59,True,2,0,0.048328662847181666
6157,222.0,50,True,5,0,0.04831236025070222
6158,177.0,65,True,8,1,0.04829606703605109
6159,238.0,59,True,2,0,0.04827978319782926
6160,227.0,57,True,2,1,0.04826350873064075
6161,244.0,57,True,0,1,0.04824724362909272
6162,246.0,47,True,2,0,0.04823098788779543
6163,259.0,51,True,0,0,0.04821474150136222
6164,250.0,59,True,0,0,0.04819850446440957
6165,246.0,56,True,1,0,0.04818227677155702
6166,212.0,65,True,4,1,0.04816605841742723
6167,218.0,52,True,5,0,0.04814984939664594
6168,228.0,62,True,3,0,0.048133649703841985
6169,197.0,74,True,5,1,0.0481174593336473
6170,213.0,67,True,4,0,0.048101278280696914
6171,217.0,56,True,3,2,0.04808510653962891
6172,185.0,70,True,5,2,0.04806894410508451
6173,240.0,59,True,0,1,0.04805279097170796
6174,212.0,66,True,5,0,0.048036647134146626
6175,229.0,55,True,2,1,0.04802051258705098
6176,245.0,67,True,0,0,0.04800438732507449
6177,183.0,71,True,4,3,0.047988271342873784
6178,241.0,55,True,2,0,0.047972164635108505
6179,228.0,61,True,2,1,0.04795606719644141
6180,251.0,49,True,0,1,0.04793997902153833
6181,231.0,56,True,3,0,0.04792390010506811
6182,218.0,69,True,2,1,0.04790783044170273
6183,238.0,59,True,2,0,0.04789177002611719
6184,229.0,57,True,2,1,0.04787571885298958
6185,232.0,47,True,4,0,0.04785967691700106
6186,217.0,62,True,3,1,0.04784364421283581
6187,217.0,54,True,5,0,0.0478276207351811
6188,246.0,47,True,2,0,0.047811606478727266
6189,230.0,62,True,3,0,0.04779560143816766
6190,191.0,56,True,7,1,0.04777960560819876
6191,249.0,47,True,2,0,0.047763618983519995
6192,238.0,55,True,2,0,0.047747641558833924
6193,194.0,56,True,7,1,0.04773167332884614
6194,247.0,47,True,2,0,0.04771571428826525
6195,256.0,55,True,0,0,0.04769976443180295
6196,209.0,65,True,2,2,0.04768382375417394
6197,212.0,59,True,4,1,0.04766789225009599
6198,228.0,65,True,2,0,0.047651969914289896
6199,243.0,56,True,1,0,0.04763605674147949
6200,192.0,72,True,3,3,0.04762015272639167
6201,209.0,59,True,4,1,0.0476042578637563
6202,228.0,47,True,2,2,0.04758837214830634
6203,217.0,59,True,2,2,0.0475724955747778
6204,236.0,59,True,2,0,0.047556628137909625
6205,248.0,47,True,2,0,0.04754076983244389
6206,237.0,55,True,2,0,0.0475249206531256
6207,220.0,56,True,3,1,0.04750908059470287
6208,233.0,71,True,2,0,0.047493249651926805
6209,200.0,74,True,5,0,0.04747742781955151
6210,222.0,55,True,4,0,0.04746161509233413
6211,236.0,59,True,2,0,0.04744581146503482
6212,217.0,62,True,3,1,0.04743001693241676
6213,248.0,47,True,2,0,0.047414231489246145
6214,188.0,59,True,6,2,0.04739845513029216
6215,254.0,55,True,0,0,0.04738268785032701
6216,224.0,66,True,3,0,0.04736692964412592
6217,220.0,65,True,4,0,0.047351180506467125
6218,186.0,65,True,8,0,0.04733544043213185
6219,257.0,55,True,0,0,0.04731970941590431
6220,211.0,59,True,4,1,0.047303987452571764
6221,236.0,67,True,0,1,0.04728827453692443
6222,195.0,67,True,6,1,0.047272570663755537
6223,239.0,56,True,1,1,0.04725687582786135
6224,176.0,86,True,5,1,0.047241190024041035
6225,204.0,62,True,5,1,0.047225513247096854
6226,208.0,71,True,4,0,0.047209845491834004
6227,245.0,56,True,1,0,0.04719418675306067
6228,240.0,57,True,0,1,0.04717853702558805
6229,237.0,59,True,2,0,0.0471628963042303
6230,232.0,56,True,1,1,0.047147264583804596
6231,246.0,49,True,2,0,0.04713164185913107
6232,236.0,55,True,2,0,0.04711602812503282
6233,225.0,62,True,1,2,0.04710042337633598
6234,243.0,65,True,0,0,0.047084827607869584
6235,244.0,49,True,2,0,0.047069240814465715
6236,179.0,66,True,9,0,0.04705366299095941
6237,240.0,62,True,1,0,0.04703809413218861
6238,228.0,55,True,4,0,0.04702253423299435
6239,236.0,59,True,2,0,0.04700698328822052
6240,226.0,55,True,4,0,0.04699144129271404
6241,207.0,65,True,4,1,0.04697590824132479
6242,245.0,47,True,2,0,0.04696038412890559
6243,236.0,47,True,2,1,0.046944868950312246
6244,216.0,56,True,3,2,0.0469293627004035
6245,144.0,67,True,10,3,0.046913865374041075
6246,240.0,62,True,1,0,0.04689837696608966
6247,202.0,65,True,6,0,0.04688289747141686
6248,241.0,55,True,0,1,0.046867426884893267
6249,235.0,56,True,3,0,0.0468519652013924
6250,238.0,47,True,2,1,0.046836512415790746
6251,208.0,65,True,4,1,0.04682106852296776
6252,250.0,57,True,0,0,0.046805633517805784
6253,209.0,57,True,4,1,0.04679020739519018
6254,245.0,47,True,2,0,0.04677479015000918
6255,238.0,55,True,2,0,0.046759381777154004
6256,247.0,56,True,1,0,0.04674398227151882
6257,249.0,45,True,2,0,0.04672859162800068
6258,209.0,55,True,4,2,0.04671320984149963
6259,214.0,59,True,2,2,0.04669783690691862
6260,231.0,59,True,0,2,0.046682472819163545
6261,221.0,59,True,4,0,0.04666711757314324
6262,216.0,56,True,5,0,0.04665177116376944
6263,226.0,51,True,4,0,0.04663643358595682
6264,260.0,47,True,0,0,0.04662110483462302
6265,212.0,65,True,4,1,0.046605784904688544
6266,244.0,51,True,2,0,0.046590473791076864
6267,223.0,47,True,4,1,0.04657517148871433
6268,251.0,48,True,1,0,0.046559877992530266
6269,218.0,47,True,6,0,0.04654459329745689
6270,247.0,47,True,2,0,0.046529317398429304
6271,230.0,47,True,4,0,0.04651405029038559
6272,216.0,56,True,1,3,0.04649879196826668
6273,240.0,59,True,0,1,0.04648354242701645
6274,239.0,47,True,2,1,0.046468301661581696
6275,229.0,62,True,3,0,0.04645306966691209
6276,210.0,62,True,5,0,0.046437846437960235
6277,194.0,67,True,4,2,0.04642263196968162
6278,220.0,56,True,3,1,0.046407426257034645
6279,234.0,47,True,4,0,0.046392229294980644
6280,215.0,57,True,4,1,0.04637704107848378
6281,244.0,44,True,3,0,0.04636186160251119
6282,246.0,47,True,2,0,0.046346690862032844
6283,252.0,51,True,0,1,0.046331528852021645
6284,229.0,55,True,4,0,0.04631637556745338
6285,204.0,65,True,4,1,0.04630123100330673
6286,181.0,62,True,7,2,0.04628609515456325
6287,218.0,56,True,5,0,0.046270968016207406
6288,186.0,67,True,8,0,0.046255849583226524
6289,207.0,65,True,4,1,0.04624073985061085
6290,225.0,47,True,4,1,0.04622563881335347
6291,249.0,47,True,2,0,0.04621054646645038
6292,234.0,67,True,2,0,0.04619546280490046
6293,258.0,51,True,0,0,0.046180387823705454
6294,250.0,47,True,0,1,0.046165321517869985
6295,219.0,49,True,4,1,0.04615026388240154
6296,247.0,47,True,2,0,0.04613521491231051
6297,221.0,66,True,3,0,0.04612017460261013
6298,227.0,51,True,4,0,0.04610514294831651
6299,209.0,62,True,5,0,0.046090119944448636
6300,209.0,66,True,5,0,0.04607510558602834
6301,204.0,67,True,4,1,0.04606009986808036
6302,244.0,56,True,1,0,0.04604510278563226
6303,234.0,59,True,2,0,0.04603011433371447
6304,194.0,65,True,6,1,0.046015134507360306
6305,168.0,67,True,8,2,0.04600016330160589
6306,188.0,56,True,9,0,0.04598520071149026
6307,190.0,65,True,8,0,0.045970246732055284
6308,219.0,66,True,3,1,0.04595530135834568
6309,230.0,56,True,3,0,0.04594036458540901
6310,247.0,51,True,2,0,0.045925436408295696
6311,242.0,55,True,0,1,0.045910516822059017
6312,209.0,62,True,5,0,0.04589560582175509
6313,236.0,59,True,2,0,0.045880703402442866
6314,262.0,47,True,0,0,0.045865809559184165
6315,238.0,57,True,2,0,0.045850924287043626
6316,231.0,62,True,1,1,0.045836047581088724
6317,246.0,49,True,2,0,0.045821179436389824
6318,181.0,71,True,8,0,0.04580631984802004
6319,225.0,66,True,3,0,0.04579146881105542
6320,223.0,55,True,2,2,0.045776626320574755
6321,189.0,67,True,4,3,0.045761792371659726
6322,250.0,55,True,0,1,0.04574696695939483
6323,198.0,66,True,5,1,0.045732150078867384
6324,231.0,62,True,1,1,0.045717341725167546
6325,237.0,51,True,0,2,0.04570254189338828
6326,131.0,100,True,11,0,0.04568775057862539
6327,244.0,47,True,2,0,0.04567296777597751
6328,243.0,49,True,2,0,0.04565819348054606
6329,204.0,65,True,6,0,0.045643427687435345
6330,255.0,44,True,1,0,0.04562867039175239
6331,237.0,55,True,2,0,0.04561392158860711
6332,220.0,62,True,5,0,0.04559918127311224
6333,227.0,59,True,2,1,0.045584449440383264
6334,196.0,56,True,3,4,0.04556972608553854
6335,204.0,65,True,4,1,0.045555011203699196
6336,190.0,76,True,5,1,0.04554030478998919
6337,247.0,47,True,2,0,0.04552560683953527
6338,227.0,62,True,3,0,0.045510917347467005
6339,240.0,53,True,2,0,0.04549623630891675
6340,223.0,62,True,1,2,0.04548156371901968
6341,223.0,47,True,4,1,0.045466899572913735
6342,244.0,56,True,1,0,0.04545224386573972
6343,231.0,47,True,4,0,0.04543759659264114
6344,234.0,54,True,3,0,0.045422957748764384
6345,187.0,65,True,4,3,0.0454083273292586
6346,249.0,52,True,1,0,0.045393705329275696
6347,212.0,59,True,4,1,0.04537909174397044
6348,212.0,57,True,6,0,0.04536448656850031
6349,177.0,62,True,7,2,0.04534988979802562
6350,181.0,98,True,3,3,0.04533530142770949
6351,141.0,85,True,12,0,0.04532072145271773
6352,160.0,65,True,10,1,0.045306149868219056
6353,237.0,55,True,2,0,0.04529158666938486
6354,227.0,57,True,2,1,0.04527703185138937
6355,218.0,59,True,4,0,0.04526248540940958
6356,228.0,62,True,1,1,0.04524794733862525
6357,116.0,88,True,11,3,0.04523341763421892
6358,255.0,44,True,1,0,0.04521889629137589
6359,246.0,59,True,0,0,0.04520438330528426
6360,233.0,59,True,2,0,0.04518987867113488
6361,248.0,47,True,2,0,0.04517538238412135
6362,212.0,62,True,5,0,0.04516089443944009
6363,221.0,57,True,4,0,0.045146414832290205
6364,212.0,67,True,2,2,0.04513194355787363
6365,213.0,62,True,5,0,0.04511748061139506
6366,239.0,62,True,1,0,0.045103025988061894
6367,239.0,51,True,0,2,0.04508857968308434
6368,226.0,55,True,4,0,0.04507414169167534
6369,240.0,47,True,2,1,0.045059712009050595
6370,220.0,67,True,2,1,0.04504529063042857
6371,248.0,52,True,1,0,0.045030877551030454
6372,194.0,77,True,4,1,0.045016472766080236
6373,237.0,55,True,0,2,0.04500207627080459
6374,190.0,76,True,5,1,0.044987688060432976
6375,246.0,47,True,2,0,0.04497330813019761
6376,218.0,62,True,3,1,0.044958936475333416
6377,206.0,65,True,6,0,0.04494457309107808
6378,212.0,65,True,4,0,0.044930217972672035
6379,218.0,65,True,4,0,0.04491587111535844
6380,178.0,73,True,6,2,0.044901532514383204
6381,231.0,49,True,2,1,0.04488720216499495
6382,233.0,44,True,3,1,0.04487288006244505
6383,245.0,47,True,2,0,0.04485856620198764
6384,214.0,65,True,4,0,0.044844260578879504
6385,136.0,86,True,11,1,0.04482996318838025
6386,255.0,47,True,0,1,0.04481567402575215
6387,229.0,55,True,2,1,0.044801393086260216
6388,245.0,65,True,0,0,0.044787120365172226
6389,236.0,47,True,2,1,0.044772855857758614
6390,236.0,49,True,2,1,0.044758599559292594
6391,233.0,55,True,2,1,0.044744351465050056
6392,197.0,65,True,4,2,0.044730111570309636
6393,67.0,128,True,15,2,0.04471587987035269
6394,227.0,56,True,3,1,0.04470165636046326
6395,196.0,62,True,3,3,0.044687441035928144
6396,215.0,57,True,4,1,0.0446732338920368
6397,230.0,65,True,2,0,0.04465903492408144
6398,189.0,65,True,6,2,0.04464484412735698
6399,233.0,46,True,3,1,0.04463066149716102
6400,145.0,84,True,9,2,0.0446164870287939
6401,232.0,47,True,4,0,0.044602320717558624
6402,186.0,62,True,7,1,0.04458816255876093
6403,237.0,55,True,2,0,0.04457401254770926
6404,202.0,65,True,6,0,0.04455987067971473
6405,230.0,62,True,3,0,0.04454573695009117
6406,242.0,49,True,2,0,0.0445316113541551
6407,210.0,67,True,4,1,0.04451749388722575
6408,257.0,49,True,0,0,0.044503384544625046
6409,226.0,62,True,3,0,0.044489283321677564
6410,184.0,81,True,6,0,0.04447519021371062
6411,231.0,65,True,2,0,0.044461105216054196
6412,182.0,76,True,3,3,0.04444702832404096
6413,207.0,62,True,3,2,0.0444329595330063
6414,216.0,56,True,5,0,0.044418898838288215
6415,206.0,62,True,3,2,0.04440484623522746
6416,212.0,59,True,4,1,0.04439080171916744
6417,235.0,56,True,1,1,0.04437676528545424
6418,233.0,62,True,1,1,0.04436273692943663
6419,249.0,51,True,0,1,0.044348716646466044
6420,212.0,59,True,6,0,0.04433470443189659
6421,245.0,57,True,0,1,0.044320700281085104
6422,235.0,52,True,3,0,0.04430670418939099
6423,172.0,69,True,4,4,0.044292716152176434
6424,234.0,62,True,1,1,0.04427873616480621
6425,202.0,59,True,4,2,0.04426476422264779
6426,219.0,51,True,4,1,0.04425080032107133
6427,182.0,77,True,6,1,0.04423684445544959
6428,224.0,66,True,3,0,0.044222896621158095
6429,219.0,57,True,2,2,0.04420895681357491
6430,210.0,59,True,6,0,0.04419502502808085
6431,247.0,47,True,2,0,0.04418110126005936
6432,228.0,59,True,2,1,0.04416718550489654
6433,182.0,82,True,5,1,0.04415327775798113
6434,253.0,56,True,1,0,0.04413937801470454
6435,227.0,59,True,2,1,0.04412548627046085
6436,247.0,47,True,2,0,0.04411160252064676
6437,238.0,47,True,2,1,0.04409772676066163
6438,255.0,51,True,0,0,0.04408385898590747
6439,193.0,65,True,6,1,0.044069999191788924
6440,223.0,68,True,3,0,0.0440561473737133
6441,207.0,65,True,4,1,0.04404230352709056
6442,221.0,62,True,1,2,0.04402846764733325
6443,245.0,49,True,2,0,0.04401463972985662
6444,254.0,47,True,0,1,0.04400081977007851
6445,230.0,51,True,4,0,0.04398700776341944
6446,211.0,57,True,4,1,0.04397320370530254
6447,234.0,65,True,2,0,0.04395940759115357
6448,176.0,76,True,7,1,0.04394561941640094
6449,262.0,47,True,0,0,0.04393183917647567
6450,210.0,68,True,5,0,0.04391806686681142
6451,201.0,59,True,4,2,0.04390430248284449
6452,239.0,51,True,0,2,0.043890546020013785
6453,256.0,57,True,0,0,0.043876797473760845
6454,147.0,77,True,10,2,0.043863056839529846
6455,229.0,51,True,4,0,0.04384932411276756
6456,240.0,47,True,2,1,0.0438355992889234
6457,254.0,47,True,0,1,0.04382188236344938
6458,219.0,51,True,4,1,0.04380817333180014
6459,220.0,65,True,4,0,0.043794472189432956
6460,222.0,59,True,4,0,0.04378077893180768
6461,244.0,49,True,2,0,0.04376709355438681
6462,225.0,56,True,1,2,0.04375341605263542
6463,210.0,52,True,5,1,0.043739746422021226
6464,195.0,75,True,4,1,0.04372608465801456
6465,214.0,66,True,3,1,0.04371243075608831
6466,239.0,55,True,2,0,0.04369878471171802
6467,259.0,55,True,0,0,0.043685146520381815
6468,210.0,62,True,5,0,0.04367151617756042
6469,239.0,57,True,2,0,0.04365789367873719
6470,252.0,47,True,0,1,0.04364427901939802
6471,229.0,65,True,2,0,0.04363067219503147
6472,249.0,59,True,0,0,0.04361707320112864
6473,235.0,52,True,3,0,0.04360348203318326
6474,202.0,65,True,6,0,0.043589898686691664
6475,219.0,65,True,2,1,0.04357632315715272
6476,231.0,47,True,0,3,0.04356275544006796
6477,191.0,66,True,5,2,0.043549195530941436
6478,204.0,74,True,3,1,0.04353564342527984
6479,211.0,62,True,5,0,0.04352209911859242
6480,210.0,62,True,5,0,0.04350856260639102
6481,232.0,51,True,4,0,0.043495033884190064
6482,238.0,55,True,2,0,0.04348151294750656
6483,230.0,55,True,2,1,0.04346799979186008
6484,233.0,49,True,2,1,0.04345449441277281
6485,233.0,59,True,2,0,0.043440996805769475
6486,179.0,109,True,4,0,0.0434275069663774
6487,222.0,56,True,3,1,0.04341402489012647
6488,208.0,82,True,3,0,0.04340055057254915
6489,261.0,47,True,0,0,0.04338708400918048
6490,235.0,49,True,2,1,0.04337362519555804
6491,219.0,56,True,3,1,0.043360174127222026
6492,198.0,67,True,6,0,0.04334673079971517
6493,246.0,49,True,2,0,0.04333329520858277
6494,228.0,59,True,2,1,0.0433198673493727
6495,211.0,56,True,3,2,0.04330644721763538
6496,223.0,56,True,3,1,0.0432930348089238
6497,255.0,55,True,0,0,0.043279630118793516
6498,242.0,55,True,2,0,0.04326623314280262
6499,108.0,109,True,12,1,0.04325284387651179
6500,212.0,73,True,4,0,0.04323946231548423
6501,184.0,59,True,4,4,0.043226088455285715
6502,243.0,49,True,2,0,0.04321272229148458
6503,221.0,59,True,4,0,0.04319936381965168
6504,220.0,59,True,4,0,0.043186013035360446
6505,257.0,46,True,1,0,0.043172669934186836
6506,222.0,65,True,4,0,0.04315933451170936
6507,238.0,57,True,2,0,0.04314600676350912
6508,245.0,51,True,2,0,0.04313268668516966
6509,238.0,59,True,2,0,0.043119374272277175
6510,240.0,46,True,3,0,0.0431060695204203
6511,235.0,56,True,3,0,0.04309277242519029
6512,247.0,47,True,2,0,0.04307948298218091
6513,182.0,65,True,6,2,0.04306620118698842
6514,221.0,59,True,4,0,0.04305292703521169
6515,231.0,56,True,3,0,0.043039660522452054
6516,230.0,55,True,2,1,0.043026401644313414
6517,212.0,62,True,5,0,0.04301315039640221
6518,250.0,59,True,0,0,0.04299990677432737
6519,245.0,49,True,2,0,0.042986670773700386
6520,173.0,62,True,9,1,0.042973442390135244
6521,213.0,59,True,4,1,0.04296022161924849
6522,214.0,59,True,4,1,0.04294700845665919
6523,233.0,56,True,3,0,0.042933802897988885
6524,232.0,62,True,1,1,0.04292060493886169
6525,232.0,68,True,1,0,0.0429074145749042
6526,232.0,55,True,2,1,0.042894231801745536
6527,246.0,47,True,2,0,0.04288105661501737
6528,223.0,59,True,2,1,0.042867889010353835
6529,247.0,47,True,2,0,0.0428547289833916
6530,251.0,47,True,0,1,0.04284157652976986
6531,234.0,56,True,3,0,0.04282843164513028
6532,263.0,47,True,0,0,0.04281529432511709
6533,195.0,72,True,5,1,0.042802164565376964
6534,242.0,62,True,1,0,0.04278904236155912
6535,238.0,47,True,2,1,0.042775927709315285
6536,236.0,56,True,3,0,0.04276282060429966
6537,231.0,51,True,2,1,0.04274972104216897
6538,181.0,65,True,8,1,0.04273662901858241
6539,247.0,47,True,2,0,0.04272354452920171
6540,227.0,51,True,0,3,0.0427104675696911
6541,247.0,47,True,2,0,0.042697398135717254
6542,230.0,51,True,4,0,0.04268433622294939
6543,232.0,59,True,2,1,0.04267128182705919
6544,212.0,59,True,4,1,0.042658234943720834
6545,234.0,56,True,1,1,0.042645195568611016
6546,231.0,56,True,3,0,0.04263216369740886
6547,215.0,59,True,2,2,0.04261913932579605
6548,223.0,55,True,2,2,0.04260612244945669
6549,225.0,56,True,3,1,0.0425931130640774
6550,246.0,49,True,2,0,0.042580111165347295
6551,225.0,54,True,3,1,0.04256711674895794
6552,221.0,56,True,3,1,0.0425541298106034
6553,216.0,56,True,5,0,0.04254115034598019
6554,197.0,59,True,6,1,0.04252817835078734
6555,212.0,57,True,4,1,0.04251521382072635
6556,233.0,55,True,2,1,0.042502256751501155
6557,234.0,51,True,2,1,0.04248930713881821
6558,261.0,51,True,0,0,0.0424763649783864
6559,245.0,49,True,2,0,0.042463430265917104
6560,224.0,62,True,3,0,0.04245050299712419
6561,182.0,79,True,6,1,0.042437583167723926
6562,215.0,56,True,5,0,0.04242467077343512
6563,244.0,44,True,3,0,0.04241176580997898
6564,220.0,56,True,3,1,0.04239886827307922
6565,243.0,55,True,2,0,0.04238597815846201
6566,222.0,59,True,4,0,0.042373095461855956
6567,243.0,51,True,2,0,0.042360220178992145
6568,213.0,47,True,4,2,0.04234735230560411
6569,217.0,56,True,5,0,0.04233449183742783
6570,232.0,56,True,3,0,0.04232163877020177
6571,199.0,56,True,5,2,0.04230879309966681
6572,239.0,57,True,2,0,0.0422959548215663
6573,259.0,47,True,0,0,0.042283123931646044
6574,204.0,66,True,5,0,0.042270300425654286
6575,225.0,62,True,3,0,0.042257484299341716
6576,248.0,51,True,0,1,0.042244675548461466
6577,253.0,47,True,0,1,0.04223187416876912
6578,232.0,56,True,3,0,0.042219080156022715
6579,253.0,47,True,0,1,0.042206293505982706
6580,198.0,59,True,2,4,0.042193514214412
6581,190.0,65,True,6,1,0.042180742277075925
6582,193.0,69,True,4,2,0.042167977689742286
6583,203.0,69,True,6,0,0.0421552204481813
6584,169.0,69,True,6,3,0.04214247054816559
6585,185.0,65,True,6,2,0.04212972798547027
6586,153.0,65,True,10,2,0.04211699275587282
6587,217.0,55,True,4,1,0.042104264855153214
6588,230.0,56,True,3,0,0.04209154427909382
6589,220.0,65,True,2,1,0.042078831023479424
6590,226.0,55,True,4,0,0.04206612508409727
6591,223.0,55,True,4,0,0.042053426456736986
6592,235.0,47,True,4,0,0.04204073513719066
6593,217.0,56,True,5,0,0.042028051121252796
6594,212.0,56,True,3,2,0.04201537440472028
6595,217.0,49,True,4,1,0.04200270498339248
6596,213.0,66,True,5,0,0.04199004285307112
6597,199.0,66,True,5,1,0.04197738800956037
6598,237.0,51,True,2,1,0.04196474044866684
6599,194.0,91,True,2,2,0.041952100166199484
6600,220.0,62,True,1,2,0.04193946715796974
6601,256.0,44,True,1,0,0.0419268414197914
6602,221.0,57,True,4,0,0.04191422294748072
6603,247.0,47,True,2,0,0.04190161173685632
6604,216.0,56,True,5,0,0.04188900778373922
6605,201.0,59,True,4,2,0.04187641108395289
6606,164.0,65,True,10,1,0.04186382163332318
6607,246.0,47,True,2,0,0.04185123942767832
6608,235.0,67,True,2,0,0.04183866446284899
6609,229.0,62,True,1,1,0.04182609673466821
6610,243.0,49,True,2,0,0.04181353623897145
6611,209.0,66,True,5,0,0.041800982971596554
6612,202.0,56,True,7,0,0.04178843692838376
6613,254.0,55,True,0,0,0.04177589810517571
6614,205.0,69,True,2,2,0.041763366497817395
6615,246.0,47,True,2,0,0.04175084210215628
6616,183.0,69,True,4,3,0.041738324914042155
6617,220.0,59,True,4,0,0.04172581492932721
6618,209.0,56,True,5,1,0.041713312143866046
6619,211.0,67,True,4,0,0.0417008165535156
6620,216.0,56,True,5,0,0.04168832815413526
6621,230.0,67,True,2,0,0.04167584694158674
6622,218.0,66,True,3,0,0.041663372911734164
6623,216.0,62,True,3,1,0.04165090606044404
6624,231.0,47,True,4,0,0.04163844638358523
6625,236.0,55,True,2,0,0.041625993877028984
6626,236.0,56,True,1,1,0.041613548536648955
6627,247.0,47,True,2,0,0.04160111035832112
6628,201.0,55,True,6,1,0.04158867933792389
6629,224.0,62,True,3,0,0.041576255471337975
6630,246.0,51,True,0,1,0.04156383875444651
6631,241.0,55,True,2,0,0.04155142918313501
6632,210.0,68,True,3,1,0.04153902675329129
6633,223.0,55,True,4,0,0.04152663146080561
6634,222.0,62,True,3,0,0.04151424330157054
6635,232.0,49,True,2,1,0.041501862271481026
6636,207.0,56,True,5,1,0.04148948836643441
6637,236.0,56,True,1,1,0.04147712158233034
6638,239.0,55,True,2,0,0.04146476191507087
6639,208.0,57,True,2,3,0.041452409360560376
6640,221.0,65,True,2,1,0.04144006391470562
6641,246.0,47,True,2,0,0.041427725573415716
6642,236.0,52,True,3,0,0.041415394332602114
6643,227.0,59,True,4,0,0.041403070188178626
6644,165.0,78,True,9,0,0.04139075313606143
6645,260.0,47,True,0,0,0.041378443172169016
6646,224.0,55,True,4,0,0.041366140292422277
6647,235.0,44,True,3,1,0.0413538444927444
6648,240.0,52,True,1,1,0.04134155576906096
6649,230.0,67,True,2,0,0.04132927411729986
6650,243.0,51,True,2,0,0.041316999533391324
6651,240.0,59,True,2,0,0.041304732013267974
6652,129.0,77,True,12,2,0.04129247155286471
6653,186.0,59,True,6,2,0.0412802181481188
6654,207.0,65,True,4,1,0.04126797179496987
6655,227.0,62,True,3,0,0.04125573248935985
6656,208.0,72,True,3,1,0.041243500227233026
6657,225.0,56,True,1,2,0.041231275004535994
6658,223.0,59,True,4,0,0.0412190568172177
6659,200.0,62,True,5,1,0.04120684566122944
6660,248.0,47,True,2,0,0.041194641532524806
6661,261.0,47,True,0,0,0.04118244442705974
6662,203.0,72,True,5,0,0.04117025434079249
6663,210.0,55,True,6,0,0.041158071269683655
6664,206.0,65,True,4,1,0.041145895209696144
6665,221.0,54,True,3,1,0.04113372615679518
6666,235.0,61,True,2,0,0.04112156410694835
6667,255.0,51,True,0,0,0.041109409056125513
6668,210.0,59,True,6,0,0.04109726100029886
6669,199.0,62,True,3,3,0.04108511993544292
6670,231.0,47,True,4,0,0.04107298585753452
6671,245.0,49,True,2,0,0.04106085876255281
6672,205.0,65,True,6,0,0.041048738646479246
6673,254.0,48,True,1,0,0.041036625505297596
6674,237.0,65,True,0,1,0.04102451933499396
6675,207.0,65,True,6,0,0.04101242013155672
6676,214.0,56,True,5,0,0.04100032789097659
6677,228.0,62,True,3,0,0.040988242609246564
6678,253.0,51,True,0,1,0.040976164282361976
6679,221.0,50,True,5,0,0.04096409290632044
6680,220.0,59,True,4,0,0.040952028477121885
6681,247.0,47,True,2,0,0.04093997099076853
6682,202.0,65,True,6,0,0.040927920443264904
6683,193.0,62,True,5,2,0.04091587683061784
6684,252.0,47,True,0,1,0.04090384014883646
6685,180.0,79,True,6,1,0.04089181039393218
6686,161.0,87,True,8,1,0.04087978756191871
6687,212.0,62,True,5,0,0.040867771648812085
6688,245.0,47,True,2,0,0.04085576265063058
6689,231.0,56,True,3,0,0.040843760563394824
6690,229.0,65,True,2,0,0.04083176538312766
6691,239.0,47,True,2,1,0.040819777105854285
6692,246.0,47,True,2,0,0.04080779572760216
6693,207.0,59,True,6,0,0.04079582124440102
6694,244.0,57,True,0,1,0.040783853652282924
6695,240.0,57,True,0,1,0.04077189294728215
6696,222.0,59,True,4,0,0.040759939125435324
6697,254.0,47,True,0,1,0.040747992182781315
6698,212.0,62,True,5,0,0.04073605211536128
6699,231.0,47,True,4,0,0.04072411891921865
6700,212.0,66,True,3,1,0.04071219259039915
6701,243.0,56,True,1,0,0.04070027312495075
6702,218.0,49,True,6,0,0.040688360518923744
6703,231.0,59,True,2,0,0.04067645476837063
6704,248.0,47,True,2,0,0.04066455586934625
6705,219.0,59,True,4,0,0.04065266381790766
6706,229.0,56,True,1,2,0.040640778610114205
6707,227.0,65,True,2,1,0.04062890024202752
6708,187.0,62,True,9,0,0.04061702870971147
6709,222.0,56,True,3,1,0.04060516400923221
6710,250.0,47,True,2,0,0.04059330613665814
6711,193.0,74,True,5,1,0.04058145508805994
6712,238.0,55,True,2,0,0.04056961085951055
6713,191.0,62,True,5,2,0.04055777344708515
6714,248.0,47,True,2,0,0.04054594284686121
6715,199.0,62,True,5,1,0.04053411905491842
6716,235.0,55,True,2,0,0.040522302067338756
6717,190.0,84,True,5,0,0.040510491880206445
6718,232.0,47,True,4,0,0.040498688489607956
6719,227.0,59,True,2,1,0.04048689189163201
6720,232.0,65,True,2,0,0.040475102082369596
6721,248.0,47,True,2,0,0.040463319057913935
6722,209.0,62,True,5,0,0.0404515428143605
6723,253.0,46,True,1,0,0.040439773347807004
6724,236.0,57,True,2,0,0.04042801065435343
6725,253.0,46,True,1,0,0.040416254730102005
6726,175.0,83,True,6,1,0.04040450557115714
6727,214.0,62,True,3,1,0.040392763173625584
6728,148.0,109,True,8,0,0.04038102753361622
6729,248.0,56,True,1,0,0.04036929864724027
6730,168.0,71,True,4,4,0.04035757651061113
6731,201.0,81,True,4,0,0.04034586111984445
6732,245.0,49,True,2,0,0.040334152471058135
6733,247.0,47,True,2,0,0.04032245056037227
6734,262.0,47,True,0,0,0.040310755383909234
6735,193.0,69,True,4,2,0.04029906693779362
6736,240.0,56,True,1,1,0.04028738521815222
6737,245.0,51,True,0,1,0.040275710221114105
6738,236.0,51,True,0,2,0.04026404194281052
6739,228.0,59,True,2,1,0.040252380379374966
6740,184.0,69,True,8,0,0.0402407255269432
6741,230.0,55,True,2,1,0.04022907738165313
6742,185.0,77,True,4,2,0.040217435939644955
6743,225.0,62,True,3,0,0.04020580119706104
6744,243.0,47,True,2,0,0.04019417315004601
6745,250.0,59,True,0,0,0.040182551794746696
6746,219.0,65,True,4,0,0.04017093712731215
6747,252.0,47,True,0,1,0.04015932914389363
6748,251.0,56,True,1,0,0.040147727840644604
6749,156.0,81,True,8,2,0.04013613321372077
6750,246.0,47,True,2,0,0.04012454525928004
6751,198.0,62,True,7,0,0.040112963973482525
6752,206.0,67,True,4,1,0.04010138935249055
6753,212.0,67,True,4,0,0.04008982139246865
6754,262.0,47,True,0,0,0.04007826008958355
6755,234.0,65,True,2,0,0.040066705440004236
6756,221.0,56,True,3,1,0.04005515743990182
6757,118.0,100,True,7,5,0.040043616085449665
6758,186.0,69,True,8,0,0.04003208137282334
6759,226.0,53,True,4,0,0.0400205532982006
6760,240.0,55,True,2,0,0.040009031857761404
6761,201.0,73,True,4,1,0.03999751704768789
6762,228.0,66,True,3,0,0.039986008864164424
6763,260.0,47,True,0,0,0.039974507303377566
6764,243.0,47,True,0,2,0.039963012361516045
6765,243.0,57,True,0,1,0.039951524034770806
6766,220.0,56,True,5,0,0.03994004231933497
6767,230.0,65,True,2,0,0.03992856721140385
6768,253.0,50,True,1,0,0.03991709870717498
6769,234.0,44,True,3,1,0.03990563680284803
6770,201.0,57,True,6,1,0.03989418149462491
6771,208.0,66,True,5,0,0.03988273277870967
6772,244.0,52,True,1,1,0.039871290651308566
6773,238.0,47,True,2,1,0.039859855108630056
6774,-68.0,178,True,25,4,0.03984842614688473
6775,227.0,66,True,1,1,0.03983700376228542
6776,261.0,47,True,0,0,0.03982558795104707
6777,258.0,44,True,1,0,0.03981417870938686
6778,225.0,55,True,4,0,0.03980277603352414
6779,234.0,59,True,2,0,0.03979137991968039
6780,221.0,59,True,4,0,0.03977999036407931
6781,224.0,66,True,1,1,0.039768607362946753
6782,210.0,56,True,5,1,0.03975723091251075
6783,216.0,65,True,4,0,0.03974586100900152
6784,220.0,66,True,3,0,0.03973449764865142
6785,260.0,47,True,0,0,0.03972314082769497
6786,249.0,52,True,1,0,0.03971179054236891
6787,234.0,52,True,3,0,0.03970044678891208
6788,237.0,47,True,2,1,0.03968910956356554
6789,232.0,47,True,4,0,0.03967777886257248
6790,215.0,51,True,2,3,0.03966645468217826
6791,260.0,47,True,0,0,0.0396551370186304
6792,230.0,62,True,3,0,0.039643825868178585
6793,230.0,56,True,3,0,0.03963252122707466
6794,245.0,49,True,2,0,0.03962122309157261
6795,238.0,62,True,1,0,0.03960993145792858
6796,251.0,47,True,2,0,0.0395986463224009
6797,231.0,51,True,4,0,0.03958736768125001
6798,250.0,52,True,1,0,0.03957609553073854
6799,187.0,71,True,6,1,0.039564829867131245
6800,205.0,59,True,4,2,0.03955357068669503
6801,232.0,56,True,3,0,0.03954231798569896
6802,240.0,55,True,2,0,0.039531071760414246
6803,194.0,62,True,5,2,0.039519832007114244
6804,236.0,50,True,3,0,0.039508598722074434
6805,245.0,47,True,2,0,0.03949737190157248
6806,187.0,59,True,6,2,0.03948615154188816
6807,252.0,45,True,0,1,0.03947493763930339
6808,247.0,49,True,2,0,0.039463730190102256
6809,253.0,57,True,0,0,0.03945252919057093
6810,193.0,65,True,6,1,0.03944133463699776
6811,240.0,67,True,0,0,0.03943014652567325
6812,210.0,62,True,1,3,0.03941896485288997
6813,244.0,56,True,1,0,0.03940778961494269
6814,210.0,57,True,2,3,0.03939662080812829
6815,226.0,56,True,1,2,0.03938545842874576
6816,225.0,62,True,3,0,0.03937430247309624
6817,207.0,65,True,4,1,0.039363152937483006
6818,211.0,59,True,6,0,0.039352009818211464
6819,264.0,45,True,0,0,0.0393408731115891
6820,247.0,49,True,2,0,0.03932974281392557
6821,260.0,49,True,0,0,0.03931861892153267
6822,239.0,55,True,2,0,0.03930750143072424
6823,216.0,65,True,4,0,0.03929639033781635
6824,195.0,67,True,4,2,0.03928528563912709
6825,194.0,65,True,6,1,0.03927418733097672
6826,187.0,65,True,6,2,0.03926309540968763
6827,199.0,62,True,7,0,0.03925200987158427
6828,221.0,52,True,5,0,0.03924093071299327
6829,249.0,52,True,1,0,0.03922985793024333
6830,101.0,109,True,12,2,0.03921879151966527
6831,215.0,67,True,4,0,0.03920773147759206
6832,206.0,50,True,7,0,0.03919667780035871
6833,237.0,55,True,2,0,0.0391856304843024
6834,213.0,67,True,4,0,0.03917458952576239
6835,224.0,55,True,4,0,0.039163554921080056
6836,236.0,52,True,3,0,0.03915252666659888
6837,247.0,47,True,2,0,0.03914150475866443
6838,244.0,51,True,2,0,0.0391304891936244
6839,238.0,59,True,2,0,0.03911947996782858
6840,246.0,47,True,2,0,0.03910847707762885
6841,190.0,80,True,5,0,0.03909748051937921
6842,260.0,47,True,0,0,0.03908649028943573
6843,239.0,55,True,2,0,0.039075506384156605
6844,195.0,65,True,6,1,0.039064528799902104
6845,237.0,47,True,2,1,0.039053557533034605
6846,210.0,65,True,4,1,0.03904259257991857
6847,217.0,62,True,3,1,0.039031633936920565
6848,208.0,62,True,3,2,0.03902068160040924
6849,221.0,56,True,3,1,0.03900973556675531
6850,240.0,49,True,2,0,0.03899879583233164
6851,246.0,47,True,2,0,0.03898786239351312
6852,241.0,62,True,1,0,0.03897693524667675
6853,227.0,57,True,2,1,0.03896601438820164
6854,232.0,49,True,2,1,0.038955099814468944
6855,245.0,47,True,2,0,0.0389441915218619
6856,211.0,67,True,4,0,0.03893328950676587
6857,224.0,59,True,2,1,0.03892239376556824
6858,178.0,65,True,8,1,0.03891150429465852
6859,223.0,55,True,4,0,0.0389006210904283
6860,248.0,52,True,1,0,0.03888974414927118
6861,263.0,47,True,0,0,0.038878873467582925
6862,185.0,65,True,8,0,0.038868009041761305
6863,248.0,56,True,1,0,0.0388571508682062
6864,231.0,65,True,2,0,0.03884629894331956
6865,243.0,49,True,2,0,0.03883545326350539
6866,227.0,62,True,3,0,0.038824613825169774
6867,232.0,67,True,2,0,0.03881378062472085
6868,248.0,52,True,1,0,0.03880295365856884
6869,223.0,56,True,3,1,0.03879213292312605
6870,256.0,44,True,1,0,0.038781318414806795
6871,243.0,59,True,2,0,0.03877051013002751
6872,223.0,47,True,4,1,0.03875970806520665
6873,261.0,47,True,0,0,0.038748912216764755
6874,213.0,62,True,5,0,0.03873812258112444
6875,228.0,55,True,4,0,0.03872733915471033
6876,209.0,71,True,4,0,0.03871656193394914
6877,249.0,47,True,2,0,0.038705790915269656
6878,217.0,53,True,4,1,0.03869502609510267
6879,227.0,52,True,3,1,0.0386842674698811
6880,258.0,55,True,0,0,0.03867351503603983
6881,237.0,47,True,2,1,0.038662768790015865
6882,222.0,59,True,2,1,0.038652028728248244
6883,179.0,69,True,6,2,0.03864129484717802
6884,255.0,51,True,0,0,0.03863056714324835
6885,239.0,48,True,3,0,0.038619845612904394
6886,234.0,47,True,4,0,0.03860913025259337
6887,205.0,65,True,6,0,0.03859842105876455
6888,246.0,55,True,0,1,0.03858771802786924
6889,226.0,57,True,2,1,0.0385770211563608
6890,224.0,55,True,4,0,0.03856633044069461
6891,244.0,62,True,1,0,0.038555645877328105
6892,235.0,52,True,3,0,0.038544967462720764
6893,209.0,62,True,3,2,0.038534295193334095
6894,256.0,55,True,0,0,0.03852362906563163
6895,245.0,47,True,2,0,0.03851296907607896
6896,247.0,47,True,2,0,0.03850231522114368
6897,226.0,62,True,3,0,0.03849166749729547
6898,247.0,47,True,2,0,0.03848102590100598
6899,244.0,49,True,2,0,0.03847039042874893
6900,217.0,65,True,4,0,0.038459761077000054
6901,252.0,47,True,0,1,0.03844913784223712
6902,246.0,47,True,2,0,0.03843852072093992
6903,200.0,65,True,6,0,0.038427909709590286
6904,223.0,56,True,3,1,0.038417304804672044
6905,240.0,55,True,2,0,0.03840670600267106
6906,246.0,49,True,2,0,0.03839611330007524
6907,185.0,71,True,6,1,0.03838552669337448
6908,228.0,59,True,2,1,0.03837494617906071
6909,258.0,51,True,0,0,0.0383643717536279
6910,245.0,47,True,2,0,0.03835380341357199
6911,234.0,52,True,3,0,0.038343241155390964
6912,249.0,47,True,0,1,0.038332684975584855
6913,255.0,55,True,0,0,0.03832213487065564
6914,244.0,47,True,0,2,0.03831159083710736
6915,244.0,58,True,1,0,0.038301052871446056
6916,222.0,55,True,4,0,0.03829052097017977
6917,212.0,69,True,4,0,0.03827999512981857
6918,250.0,47,True,0,1,0.0382694753468745
6919,247.0,47,True,2,0,0.03825896161786165
6920,253.0,55,True,0,0,0.03824845393929611
6921,247.0,47,True,2,0,0.038237952307695944
6922,225.0,71,True,2,0,0.03822745671958126
6923,232.0,49,True,4,0,0.03821696717147413
6924,223.0,59,True,2,1,0.03820648365989865
6925,261.0,47,True,0,0,0.03819600618138093
6926,228.0,62,True,3,0,0.038185534732449046
6927,237.0,57,True,2,0,0.038175069309633096
6928,259.0,47,True,0,0,0.03816460990946516
6929,237.0,52,True,1,1,0.038154156528479324
6930,241.0,55,True,2,0,0.03814370916321168
6931,249.0,59,True,0,0,0.038133267810200266
6932,253.0,55,True,0,0,0.038122832465985176
6933,226.0,52,True,3,1,0.03811240312710845
6934,258.0,47,True,0,0,0.03810197979011413
6935,195.0,65,True,6,1,0.03809156245154826
6936,241.0,55,True,2,0,0.038081151107958844
6937,240.0,57,True,0,1,0.03807074575589592
6938,223.0,66,True,3,0,0.03806034639191144
6939,224.0,51,True,2,2,0.03804995301255941
6940,235.0,59,True,2,0,0.03803956561439578
6941,247.0,47,True,2,0,0.03802918419397848
6942,198.0,62,True,7,0,0.038018808747867464
6943,210.0,62,True,5,0,0.03800843927262461
6944,236.0,59,True,2,0,0.0379980757648138
6945,229.0,62,True,3,0,0.03798771822100091
6946,242.0,62,True,1,0,0.03797736663775375
6947,238.0,47,True,2,1,0.03796702101164215
6948,224.0,59,True,2,1,0.03795668133923788
6949,230.0,56,True,3,0,0.03794634761711471
6950,237.0,49,True,2,1,0.037936019841848356
6951,188.0,72,True,5,1,0.03792569801001652
6952,219.0,56,True,5,0,0.03791538211819888
6953,203.0,62,True,3,2,0.03790507216297707
6954,222.0,66,True,3,0,0.0378947681409347
6955,235.0,66,True,1,0,0.03788447004865731
6956,259.0,45,True,0,0,0.03787417788273246
6957,184.0,66,True,7,1,0.037863891639749646
6958,247.0,47,True,2,0,0.03785361131630033
6959,233.0,56,True,3,0,0.03784333690897794
6960,211.0,67,True,2,2,0.03783306841437785
6961,226.0,62,True,3,0,0.0378228058290974
6962,207.0,69,True,2,2,0.037812549149735905
6963,218.0,52,True,5,0,0.0378022983728946
6964,209.0,62,True,3,2,0.03779205349517674
6965,240.0,52,True,1,1,0.037781814513187455
6966,237.0,47,True,2,1,0.03777158142353387
6967,237.0,56,True,1,1,0.03776135422282509
6968,218.0,52,True,3,2,0.03775113290767211
6969,158.0,109,True,6,1,0.037740917474687934
6970,225.0,62,True,3,0,0.03773070792048746
6971,183.0,62,True,5,3,0.037720504241687575
6972,85.0,103,True,16,1,0.037710306434907095
6973,209.0,57,True,6,0,0.03770011449676679
6974,248.0,51,True,0,1,0.03768992842388939
6975,225.0,67,True,2,0,0.037679748212899516
6976,237.0,59,True,2,0,0.037669573860423786
6977,209.0,66,True,5,0,0.03765940536309073
6978,217.0,62,True,3,1,0.037649242717530826
6979,262.0,47,True,0,0,0.03763908592037653
6980,259.0,51,True,0,0,0.03762893496826213
6981,229.0,56,True,3,0,0.037618789857823964
6982,263.0,47,True,0,0,0.037608650585700246
6983,223.0,71,True,0,2,0.037598517148531144
6984,203.0,65,True,6,0,0.037588389542958775
6985,246.0,47,True,2,0,0.03757826776562713
6986,226.0,62,True,3,0,0.03756815181318218
6987,257.0,51,True,0,0,0.03755804168227183
6988,262.0,47,True,0,0,0.03754793736954588
6989,248.0,47,True,2,0,0.037537838871656126
6990,161.0,78,True,9,1,0.03752774618525617
6991,214.0,62,True,3,1,0.037517659307001655
6992,228.0,52,True,3,1,0.0375075782335501
6993,222.0,59,True,4,0,0.03749750296156096
6994,214.0,53,True,6,0,0.0374874334876956
6995,234.0,56,True,1,1,0.0374773698086173
6996,232.0,62,True,3,0,0.037467311920991286
6997,245.0,47,True,2,0,0.037457259821484686
6998,233.0,55,True,2,1,0.037447213506766545
6999,239.0,55,True,2,0,0.03743717297350785
7000,240.0,46,True,3,0,0.03742713821838145
7001,244.0,51,True,2,0,0.03741710923806217
7002,249.0,47,True,2,0,0.0374070860292267
7003,244.0,49,True,2,0,0.03739706858855368
7004,223.0,65,True,2,1,0.037387056912723635
7005,231.0,49,True,4,0,0.03737705099841901
7006,242.0,57,True,0,1,0.03736705084232416
7007,226.0,52,True,3,1,0.037357056441125344
7008,221.0,49,True,4,1,0.03734706779151073
7009,253.0,47,True,0,1,0.0373370848901704
7010,227.0,55,True,4,0,0.03732710773379634
7011,247.0,44,True,1,1,0.037317136319082414
7012,242.0,55,True,0,1,0.037307170642724416
7013,241.0,62,True,1,0,0.03729721070142003
7014,226.0,65,True,2,1,0.037287256491868856
7015,147.0,66,True,11,2,0.037277308010772385
7016,225.0,57,True,2,1,0.03726736525483398
7017,227.0,57,True,2,1,0.03725742822075892
7018,224.0,52,True,3,1,0.03724749690525441
7019,248.0,47,True,2,0,0.03723757130502951
7020,242.0,49,True,2,0,0.0372276514167952
7021,206.0,66,True,5,0,0.03721773723726432
7022,230.0,49,True,4,0,0.037207828763151624
7023,244.0,56,True,1,0,0.03719792599117376
7024,196.0,71,True,6,0,0.03718802891804926
7025,205.0,66,True,5,0,0.03717813754049856
7026,237.0,47,True,2,1,0.037168251855243944
7027,226.0,52,True,3,1,0.03715837185900961
7028,202.0,62,True,5,1,0.03714849754852164
7029,264.0,47,True,0,0,0.03713862892050801
7030,197.0,74,True,3,2,0.037128765971698556
7031,245.0,49,True,2,0,0.037118908698825
7032,236.0,65,True,2,0,0.037109057098620946
7033,229.0,49,True,4,0,0.0370992111678219
7034,260.0,49,True,0,0,0.03708937090316522
7035,236.0,49,True,2,1,0.03707953630139016
7036,231.0,62,True,3,0,0.03706970735923783
7037,215.0,56,True,5,0,0.037059884073451226
7038,241.0,55,True,2,0,0.03705006644077523
7039,233.0,52,True,3,0,0.03704025445795657
7040,207.0,59,True,6,0,0.03703044812174389
7041,259.0,47,True,0,0,0.03702064742888765
7042,220.0,59,True,4,0,0.03701085237614022
7043,223.0,55,True,4,0,0.03700106296025582
7044,252.0,51,True,0,1,0.036991279177990555
7045,236.0,56,True,1,1,0.0369815010261024
7046,245.0,56,True,1,0,0.03697172850135114
7047,243.0,58,True,1,0,0.036961961600498486
7048,237.0,48,True,3,0,0.036952200320308
7049,227.0,55,True,2,1,0.0369424446575451
7050,231.0,49,True,0,3,0.03693269460897708
7051,240.0,48,True,3,0,0.03692295017137304
7052,248.0,47,True,2,0,0.03691321134150401
7053,188.0,67,True,6,1,0.03690347811614282
7054,237.0,59,True,2,0,0.036893750492064226
7055,230.0,57,True,2,1,0.03688402846604477
7056,190.0,65,True,6,1,0.03687431203486288
7057,252.0,49,True,0,1,0.036864601195298836
7058,248.0,51,True,0,1,0.03685489594413477
7059,237.0,47,True,2,1,0.03684519627815466
7060,247.0,49,True,2,0,0.03683550219414437
7061,214.0,49,True,4,2,0.036825813688891554
7062,191.0,65,True,6,1,0.03681613075918576
7063,191.0,74,True,5,1,0.03680645340181835
7064,203.0,69,True,4,1,0.036796781613582574
7065,210.0,65,True,4,1,0.03678711539127351
7066,195.0,65,True,6,1,0.03677745473168803
7067,198.0,65,True,4,2,0.03676779963162494
7068,232.0,49,True,4,0,0.03675815008788483
7069,260.0,47,True,0,0,0.03674850609727013
7070,217.0,57,True,2,2,0.036738867656585156
7071,247.0,47,True,2,0,0.036729234762635996
7072,237.0,55,True,2,0,0.036719607412230626
7073,259.0,47,True,0,0,0.036709985602178835
7074,211.0,55,True,6,0,0.03670036932929227
7075,252.0,50,True,1,0,0.03669075859038441
7076,246.0,49,True,2,0,0.03668115338227053
7077,194.0,59,True,6,1,0.03667155370176777
7078,231.0,55,True,2,1,0.03666195954569511
7079,237.0,47,True,2,1,0.03665237091087334
7080,223.0,52,True,3,1,0.03664278779412511
7081,263.0,47,True,0,0,0.036633210192274834
7082,227.0,62,True,3,0,0.03662363810214882
7083,210.0,65,True,2,2,0.03661407152057517
7084,230.0,67,True,2,0,0.03660451044438382
7085,202.0,62,True,5,1,0.03659495487040654
7086,211.0,62,True,5,0,0.03658540479547691
7087,231.0,47,True,4,0,0.03657586021643032
7088,250.0,51,True,0,1,0.036566321130103996
7089,223.0,56,True,3,1,0.03655678753333699
7090,229.0,67,True,2,0,0.036547259422970185
7091,236.0,59,True,2,0,0.03653773679584625
7092,213.0,62,True,3,1,0.03652821964880967
7093,210.0,66,True,5,0,0.03651870797870678
7094,228.0,51,True,4,0,0.0365092017823857
7095,194.0,62,True,5,2,0.03649970105669638
7096,233.0,52,True,3,0,0.03649020579849059
7097,203.0,62,True,5,1,0.03648071600462188
7098,216.0,65,True,4,0,0.03647123167194563
7099,217.0,56,True,5,0,0.03646175279731903
7100,249.0,52,True,1,0,0.03645227937760109
7101,246.0,47,True,2,0,0.03644281140965262
7102,229.0,56,True,3,0,0.03643334889033622
7103,197.0,65,True,4,2,0.0364238918165163
7104,243.0,51,True,2,0,0.03641444018505909
7105,232.0,52,True,3,0,0.03640499399283262
7106,244.0,55,True,0,1,0.036395553236706735
7107,200.0,65,True,6,0,0.03638611791355302
7108,220.0,65,True,2,1,0.03637668802024494
7109,261.0,47,True,0,0,0.036367263553657714
7110,245.0,47,True,2,0,0.03635784451066837
7111,234.0,59,True,2,0,0.036348430888155744
7112,225.0,59,True,4,0,0.036339022683000426
7113,202.0,80,True,3,1,0.03632961989208486
7114,241.0,47,True,0,2,0.036320222512293235
7115,237.0,52,True,3,0,0.03631083054051157
7116,249.0,49,True,0,1,0.036301443973627674
7117,199.0,65,True,6,0,0.036292062808531096
7118,235.0,59,True,2,0,0.03628268704211324
7119,213.0,69,True,4,0,0.03627331667126725
7120,220.0,57,True,4,0,0.0362639516928881
7121,203.0,69,True,2,2,0.036254592103872524
7122,236.0,55,True,2,0,0.03624523790111904
7123,235.0,59,True,2,0,0.03623588908152796
7124,249.0,49,True,0,1,0.03622654564200138
7125,251.0,57,True,0,0,0.036217207579443175
7126,235.0,52,True,3,0,0.03620787489075904
7127,230.0,52,True,3,1,0.03619854757285634
7128,238.0,59,True,2,0,0.03618922562264436
7129,230.0,55,True,2,1,0.03617990903703406
7130,219.0,59,True,4,0,0.03617059781293823
7131,223.0,59,True,4,0,0.03616129194727145
7132,259.0,47,True,0,0,0.03615199143694999
7133,232.0,49,True,2,1,0.036142696278891995
7134,225.0,62,True,3,0,0.036133406470017324
7135,218.0,56,True,5,0,0.03612412200724763
7136,241.0,46,True,3,0,0.03611484288750634
7137,245.0,47,True,2,0,0.03610556910771864
7138,205.0,78,True,5,0,0.036096300664811475
7139,261.0,47,True,0,0,0.0360870375557136
7140,204.0,65,True,4,1,0.03607777977735549
7141,229.0,57,True,2,1,0.03606852732666943
7142,227.0,65,True,2,0,0.03605928020058942
7143,237.0,47,True,2,1,0.03605003839605127
7144,230.0,49,True,4,0,0.03604080190999253
7145,248.0,47,True,2,0,0.03603157073935252
7146,236.0,59,True,2,0,0.03602234488107234
7147,222.0,56,True,3,1,0.03601312433209479
7148,199.0,51,True,4,3,0.03600390908936449
7149,233.0,49,True,2,1,0.035994699149827794
7150,215.0,57,True,4,1,0.03598549451043282
7151,227.0,62,True,3,0,0.035976295168129446
7152,257.0,51,True,0,0,0.03596710111986929
7153,229.0,48,True,3,1,0.03595791236260573
7154,244.0,51,True,2,0,0.0359487288932939
7155,230.0,56,True,3,0,0.0359395507088907
7156,245.0,47,True,2,0,0.03593037780635476
7157,235.0,47,True,4,0,0.03592121018264645
7158,181.0,62,True,5,3,0.03591204783472793
7159,228.0,62,True,3,0,0.03590289075956307
7160,217.0,62,True,1,2,0.035893738954117516
7161,229.0,65,True,2,0,0.03588459241535864
7162,239.0,51,True,2,0,0.03587545114025558
7163,161.0,86,True,7,2,0.035866315125779175
7164,234.0,55,True,2,1,0.035857184368902055
7165,251.0,47,True,0,1,0.035848058866598566
7166,222.0,56,True,3,1,0.035838938615844806
7167,239.0,54,True,1,1,0.035829823613618625
7168,250.0,49,True,0,1,0.03582071385689957
7169,239.0,53,True,2,0,0.03581160934266897
7170,211.0,59,True,4,1,0.03580251006790987
7171,241.0,55,True,2,0,0.03579341602960706
7172,237.0,55,True,2,0,0.03578432722474706
7173,228.0,55,True,4,0,0.03577524365031812
7174,222.0,59,True,4,0,0.03576616530331023
7175,232.0,56,True,3,0,0.0357570921807151
7176,222.0,59,True,4,0,0.0357480242795262
7177,240.0,59,True,0,1,0.035738961596738714
7178,208.0,47,True,6,1,0.03572990412934954
7179,248.0,47,True,2,0,0.035720851874357314
7180,262.0,49,True,0,0,0.035711804828762406
7181,230.0,72,True,1,0,0.03570276298956693
7182,207.0,59,True,6,0,0.035693726353774685
7183,230.0,55,True,2,1,0.0356846949183912
7184,195.0,59,True,6,1,0.03567566868042377
7185,219.0,62,True,3,1,0.03566664763688135
7186,199.0,77,True,4,1,0.03565763178477468
7187,235.0,52,True,1,2,0.03564862112111618
7188,137.0,106,True,9,1,0.035639615642919995
7189,181.0,65,True,8,1,0.03563061534720198
7190,235.0,51,True,2,1,0.03562162023097974
7191,218.0,80,True,1,1,0.03561263029127256
7192,218.0,62,True,3,1,0.03560364552510148
7193,227.0,52,True,3,1,0.0355946659294892
7194,228.0,55,True,2,1,0.035585691501460175
7195,175.0,82,True,5,2,0.035576722238040565
7196,215.0,49,True,6,0,0.03556775813625823
7197,236.0,56,True,1,1,0.035558799193142775
7198,215.0,65,True,4,0,0.03554984540572545
7199,231.0,51,True,2,1,0.03554089677103926
7200,223.0,47,True,4,1,0.03553195328611892
7201,209.0,65,True,4,1,0.03552301494800082
7202,246.0,55,True,0,1,0.035514081753723115
7203,213.0,59,True,2,2,0.03550515370032559
7204,241.0,57,True,0,1,0.03549623078484976
7205,231.0,59,True,2,0,0.035487313004338876
7206,226.0,62,True,1,2,0.03547840035583785
7207,196.0,62,True,3,3,0.03546949283639334
7208,230.0,55,True,2,1,0.03546059044305363
7209,246.0,56,True,1,0,0.03545169317286876
7210,190.0,62,True,5,2,0.03544280102289046
7211,226.0,55,True,4,0,0.03543391399017216
7212,214.0,67,True,4,0,0.03542503207176897
7213,202.0,54,True,7,0,0.03541615526473768
7214,174.0,93,True,6,0,0.03540728356613681
7215,239.0,54,True,1,1,0.035398416973026564
7216,225.0,49,True,2,2,0.03538955548246882
7217,236.0,52,True,3,0,0.035380699091527176
7218,215.0,59,True,2,2,0.035371847797266875
7219,205.0,65,True,6,0,0.03536300159675489
7220,238.0,59,True,2,0,0.03535416048705987
7221,202.0,62,True,5,1,0.03534532446525214
7222,246.0,49,True,2,0,0.035336493528403734
7223,255.0,53,True,0,0,0.035327667673588345
7224,220.0,52,True,5,0,0.035318846897881354
7225,245.0,47,True,2,0,0.03531003119835985
7226,230.0,55,True,2,1,0.035301220572102575
7227,214.0,62,True,5,0,0.03529241501618998
7228,249.0,57,True,0,1,0.035283614527704156
7229,242.0,46,True,3,0,0.035274819103728906
7230,180.0,65,True,6,2,0.03526602874134971
7231,226.0,55,True,4,0,0.035257243437653706
7232,194.0,72,True,5,1,0.03524846318972974
7233,232.0,47,True,4,0,0.03523968799466829
7234,243.0,46,True,3,0,0.03523091784956154
7235,181.0,65,True,8,1,0.03522215275150334
7236,230.0,65,True,2,0,0.03521339269758921
7237,232.0,49,True,2,1,0.03520463768491634
7238,205.0,54,True,7,0,0.035195887710583615
7239,184.0,83,True,6,0,0.03518714277169154
7240,232.0,49,True,4,0,0.03517840286534232
7241,228.0,59,True,2,1,0.03516966798863984
7242,250.0,55,True,0,0,0.03516093813868962
7243,263.0,47,True,0,0,0.03515221331259888
7244,246.0,49,True,2,0,0.03514349350747646
7245,196.0,69,True,6,0,0.03513477872043291
7246,240.0,54,True,1,1,0.03512606894858042
7247,246.0,47,True,2,0,0.035117364189032836
7248,247.0,47,True,2,0,0.035108664438905694
7249,230.0,57,True,2,1,0.03509996969531614
7250,220.0,52,True,5,0,0.035091279955383026
7251,216.0,55,True,4,1,0.03508259521622684
7252,260.0,47,True,0,0,0.03507391547496974
7253,246.0,47,True,2,0,0.03506524072873554
7254,233.0,59,True,2,0,0.03505657097464967
7255,239.0,55,True,2,0,0.03504790620983926
7256,198.0,59,True,6,1,0.03503924643143309
7257,246.0,47,True,2,0,0.03503059163656157
7258,250.0,51,True,0,1,0.03502194182235678
7259,230.0,49,True,4,0,0.03501329698595243
7260,182.0,77,True,4,2,0.035004657124483904
7261,245.0,49,True,2,0,0.034996022235088214
7262,205.0,57,True,4,2,0.03498739231490403
7263,234.0,59,True,2,0,0.034978767361071694
7264,236.0,59,True,2,0,0.03497014737073312
7265,238.0,55,True,2,0,0.03496153234103194
7266,249.0,54,True,1,0,0.0349529222691134
7267,218.0,51,True,4,1,0.03494431715212439
7268,234.0,49,True,2,1,0.03493571698721347
7269,238.0,55,True,2,0,0.03492712177153077
7270,218.0,65,True,4,0,0.03491853150222812
7271,238.0,54,True,1,1,0.03490994617645899
7272,250.0,52,True,1,0,0.03490136579137846
7273,215.0,62,True,3,1,0.034892790344143276
7274,241.0,51,True,2,0,0.03488421983191178
7275,193.0,65,True,8,0,0.03487565425184397
7276,228.0,51,True,4,0,0.034867093601101504
7277,255.0,55,True,0,0,0.03485853787684764
7278,233.0,52,True,3,0,0.03484998707624729
7279,247.0,54,True,1,0,0.03484144119646697
7280,220.0,68,True,3,0,0.03483290023467485
7281,200.0,62,True,5,1,0.03482436418804072
7282,199.0,59,True,6,1,0.034815833053736006
7283,192.0,59,True,8,0,0.03480730682893377
7284,254.0,46,True,1,0,0.034798785510808665
7285,220.0,59,True,4,0,0.034790269096537
7286,254.0,55,True,0,0,0.03478175758329671
7287,207.0,79,True,2,1,0.03477325096826735
7288,249.0,52,True,1,0,0.034764749248630086
7289,260.0,47,True,0,0,0.034756252421567706
7290,120.0,97,True,12,1,0.034747760484264645
7291,223.0,57,True,4,0,0.034739273433906925
7292,204.0,67,True,6,0,0.03473079126768222
7293,232.0,49,True,4,0,0.034722313982779814
7294,220.0,52,True,5,0,0.03471384157639057
7295,191.0,65,True,6,1,0.034705374045707005
7296,144.0,66,True,11,2,0.03469691138792327
7297,248.0,47,True,2,0,0.03468845360023508
7298,217.0,65,True,4,0,0.03468000067983981
7299,240.0,55,True,2,0,0.034671552623936404
7300,216.0,65,True,4,0,0.034663109429725454
7301,238.0,47,True,2,1,0.03465467109440915
7302,245.0,56,True,1,0,0.0346462376151913
7303,249.0,47,True,2,0,0.034637808989277305
7304,216.0,65,True,4,0,0.034629385213874174
7305,237.0,47,True,2,1,0.03462096628619054
7306,244.0,49,True,2,0,0.03461255220343664
7307,252.0,55,True,0,0,0.0346041429628243
7308,233.0,57,True,0,2,0.03459573856156698
7309,241.0,51,True,2,0,0.034587338996879706
7310,221.0,59,True,4,0,0.03457894426597913
7311,232.0,47,True,4,0,0.0345705543660835
7312,258.0,47,True,0,0,0.03456216929441267
7313,206.0,65,True,4,1,0.034553789048188094
7314,236.0,52,True,3,0,0.03454541362463283
7315,230.0,49,True,4,0,0.03453704302097149
7316,232.0,54,True,3,0,0.03452867723443035
7317,209.0,65,True,4,1,0.03452031626223724
7318,230.0,47,True,4,0,0.034511960101621594
7319,192.0,62,True,5,2,0.034503608749814466
7320,228.0,59,True,2,1,0.034495262204048444
7321,227.0,52,True,3,1,0.034486920461557755
7322,240.0,44,True,1,2,0.03447858351957822
7323,262.0,47,True,0,0,0.034470251375347226
7324,248.0,54,True,1,0,0.03446192402610378
7325,237.0,57,True,2,0,0.03445360146908843
7326,240.0,62,True,1,0,0.03444528370154336
7327,209.0,55,True,6,0,0.03443697072071232
7328,133.0,90,True,11,1,0.03442866252384065
7329,234.0,52,True,3,0,0.03442035910817528
7330,229.0,55,True,2,1,0.0344120604709647
7331,204.0,74,True,3,1,0.03440376660945901
7332,197.0,66,True,5,1,0.0343954775209099
7333,241.0,53,True,2,0,0.0343871932025706
7334,233.0,54,True,3,0,0.034378913651695986
7335,258.0,47,True,0,0,0.034370638865542424
7336,227.0,62,True,1,1,0.03436236884136794
7337,219.0,59,True,4,0,0.0343541035764321
7338,237.0,59,True,2,0,0.034345843067996054
7339,235.0,52,True,3,0,0.034337587313322544
7340,233.0,47,True,4,0,0.03432933630967585
7341,228.0,49,True,4,0,0.03432109005432185
7342,231.0,54,True,3,0,0.034312848544528
7343,213.0,59,True,4,1,0.034304611777563325
7344,246.0,47,True,2,0,0.03429637975069843
7345,251.0,54,True,1,0,0.034288152461205444
7346,175.0,67,True,8,1,0.03427992990635813
7347,167.0,67,True,8,2,0.03427171208343178
7348,232.0,54,True,3,0,0.03426349898970327
7349,224.0,55,True,4,0,0.03425529062245105
7350,264.0,47,True,0,0,0.034247086978955094
7351,175.0,65,True,10,0,0.034238888056497
7352,209.0,65,True,4,1,0.034230693852359884
7353,263.0,47,True,0,0,0.03422250436382845
7354,233.0,56,True,3,0,0.03421431958818897
7355,246.0,56,True,1,0,0.034206139522729245
7356,244.0,47,True,2,0,0.03419796416473867
7357,226.0,55,True,4,0,0.034189793511508186
7358,241.0,59,True,0,1,0.034181627560330295
7359,227.0,67,True,2,0,0.03417346630849907
7360,247.0,51,True,2,0,0.0341653097533101
7361,227.0,62,True,1,1,0.03415715789206057
7362,220.0,59,True,4,0,0.03414901072204922
7363,207.0,55,True,6,0,0.03414086824057632
7364,245.0,49,True,2,0,0.03413273044494373
7365,235.0,52,True,3,0,0.0341245973324548
7366,219.0,65,True,2,1,0.034116468900414504
7367,243.0,62,True,1,0,0.034108345146129315
7368,223.0,57,True,4,0,0.03410022606690729
7369,210.0,62,True,5,0,0.03409211166005802
7370,237.0,55,True,2,0,0.03408400192289264
7371,222.0,77,True,2,0,0.03407589685272383
7372,263.0,47,True,0,0,0.03406779644686583
7373,228.0,51,True,4,0,0.03405970070263443
7374,260.0,47,True,0,0,0.03405160961734695
7375,245.0,49,True,2,0,0.034043523188322246
7376,249.0,47,True,0,1,0.03403544141288073
7377,249.0,59,True,0,0,0.03402736428834437
7378,213.0,74,True,3,0,0.034019291812036646
7379,192.0,65,True,6,1,0.03401122398128262
7380,232.0,59,True,2,0,0.034003160793408815
7381,225.0,74,True,1,0,0.03399510224574338
7382,248.0,52,True,1,0,0.033987048335615964
7383,222.0,54,True,3,1,0.03397899906035774
7384,246.0,54,True,1,0,0.033970954417301455
7385,244.0,55,True,0,1,0.03396291440378134
7386,210.0,59,True,4,1,0.03395487901713319
7387,191.0,72,True,5,1,0.03394684825469434
7388,245.0,47,True,2,0,0.03393882211380364
7389,219.0,52,True,5,0,0.03393080059180148
7390,262.0,47,True,0,0,0.0339227836860298
7391,249.0,56,True,1,0,0.033914771393832005
7392,199.0,57,True,6,1,0.033906763712553106
7393,248.0,47,True,2,0,0.0338987606395396
7394,243.0,47,True,2,0,0.03389076217213952
7395,219.0,62,True,3,1,0.03388276830770244
7396,216.0,51,True,6,0,0.03387477904357941
7397,224.0,59,True,2,1,0.03386679437712306
7398,255.0,51,True,0,0,0.03385881430568751
7399,191.0,56,True,7,1,0.033850838826628434
7400,235.0,56,True,3,0,0.033842867937303005
7401,225.0,55,True,4,0,0.0338349016350699
7402,203.0,54,True,7,0,0.03382693991728935
7403,255.0,55,True,0,0,0.03381898278132309
7404,239.0,55,True,2,0,0.033811030224534376
7405,194.0,62,True,7,0,0.03380308224428799
7406,235.0,49,True,2,1,0.0337951388379502
7407,218.0,67,True,2,1,0.03378720000288882
7408,226.0,59,True,4,0,0.03377926573647316
7409,207.0,62,True,3,2,0.033771336036074066
7410,210.0,62,True,5,0,0.0337634108990639
7411,232.0,45,True,4,0,0.03375549032281648
7412,213.0,67,True,4,0,0.03374757430470719
7413,254.0,59,True,0,0,0.03373966284211293
7414,232.0,49,True,2,1,0.033731755932412066
7415,234.0,52,True,3,0,0.03372385357298452
7416,233.0,49,True,0,3,0.03371595576121167
7417,248.0,55,True,0,1,0.033708062494476436
7418,240.0,59,True,2,0,0.033700173770163246
7419,238.0,54,True,1,1,0.03369228958565802
7420,237.0,59,True,2,0,0.0336844099383482
7421,216.0,57,True,2,2,0.03367653482562269
7422,180.0,72,True,5,3,0.03366866424487194
7423,220.0,54,True,5,0,0.03366079819348789
7424,192.0,66,True,7,0,0.03365293666886397
7425,228.0,49,True,4,0,0.03364507966839514
7426,233.0,52,True,3,0,0.03363722718947779
7427,214.0,62,True,3,1,0.03362937922950989
7428,240.0,46,True,3,0,0.03362153578589087
7429,262.0,47,True,0,0,0.03361369685602164
7430,224.0,62,True,3,0,0.03360586243730466
7431,188.0,62,True,7,1,0.03359803252714381
7432,232.0,47,True,4,0,0.03359020712294451
7433,203.0,62,True,5,1,0.03358238622211369
7434,213.0,57,True,2,3,0.033574569822059724
7435,256.0,44,True,1,0,0.033566757920192536
7436,224.0,59,True,2,1,0.03355895051392346
7437,251.0,48,True,1,0,0.033551147600665396
7438,229.0,67,True,2,0,0.0335433491778327
7439,209.0,62,True,3,2,0.033535555242841214
7440,235.0,47,True,2,1,0.03352776579310828
7441,234.0,55,True,2,1,0.03351998082605271
7442,224.0,59,True,2,1,0.033512200339094814
7443,203.0,66,True,5,1,0.033504424329656377
7444,225.0,55,True,4,0,0.033496652795160675
7445,205.0,62,True,3,2,0.03348888573303249
7446,218.0,52,True,5,0,0.033481123140698024
7447,220.0,59,True,4,0,0.03347336501558501
7448,243.0,55,True,2,0,0.03346561135512265
7449,190.0,65,True,6,1,0.03345786215674163
7450,213.0,65,True,4,0,0.03345011741787412
7451,211.0,59,True,4,1,0.03344237713595372
7452,261.0,47,True,0,0,0.03343464130841557
7453,245.0,51,True,2,0,0.03342690993269626
7454,244.0,51,True,2,0,0.03341918300623384
7455,238.0,55,True,2,0,0.033411460526467866
7456,237.0,47,True,2,1,0.033403742490839335
7457,186.0,67,True,6,2,0.03339602889679073
7458,93.0,106,True,13,2,0.03338831974176602
7459,228.0,50,True,3,1,0.03338061502321063
7460,257.0,44,True,1,0,0.03337291473857147
7461,217.0,67,True,2,1,0.033365218885296886
7462,239.0,49,True,2,1,0.033357527460836714
7463,186.0,59,True,6,2,0.03334984046264226
7464,228.0,49,True,4,0,0.033342157888166316
7465,245.0,47,True,2,0,0.03333447973486309
7466,239.0,47,True,2,1,0.0333268060001883
7467,224.0,56,True,3,1,0.033319136681599096
7468,239.0,55,True,2,0,0.033311471776554115
7469,228.0,51,True,4,0,0.033303811282513446
7470,217.0,62,True,3,1,0.03329615519693865
7471,236.0,55,True,0,2,0.033288503517292733
7472,210.0,71,True,4,0,0.03328085624104016
7473,207.0,67,True,4,1,0.03327321336564688
7474,251.0,47,True,0,1,0.033265574888580264
7475,232.0,62,True,3,0,0.03325794080730918
7476,249.0,52,True,1,0,0.03325031111930393
7477,234.0,59,True,2,0,0.03324268582203626
7478,233.0,55,True,2,1,0.033235064912979395
7479,201.0,54,True,5,2,0.033227448389608005
7480,218.0,56,True,5,0,0.033219836249398206
7481,190.0,67,True,6,1,0.0332122284898276
7482,250.0,47,True,0,1,0.03320462510837518
7483,183.0,69,True,8,0,0.03319702610252143
7484,217.0,65,True,4,0,0.0331894314697483
7485,262.0,47,True,0,0,0.03318184120753914
7486,254.0,45,True,0,1,0.03317425531337881
7487,117.0,80,True,13,2,0.03316667378475354
7488,239.0,55,True,2,0,0.03315909661915108
7489,225.0,66,True,3,0,0.03315152381406057
7490,227.0,62,True,3,0,0.033143955366972636
7491,236.0,55,True,2,0,0.033136391275379345
7492,231.0,51,True,2,1,0.03312883153677417
7493,234.0,52,True,3,0,0.03312127614865206
7494,180.0,79,True,4,2,0.03311372510850939
7495,260.0,47,True,0,0,0.033106178413844
7496,250.0,52,True,1,0,0.03309863606215514
7497,238.0,62,True,1,0,0.03309109805094351
7498,214.0,55,True,4,1,0.03308356437771125
7499,242.0,51,True,2,0,0.03307603503996193
7500,212.0,52,True,5,1,0.033068510035200574
7501,252.0,47,True,0,1,0.03306098936093364
7502,192.0,66,True,5,2,0.033053473014669
7503,235.0,59,True,2,0,0.03304596099391596
7504,243.0,56,True,1,0,0.033038453296185294
7505,229.0,49,True,4,0,0.03303094991898918
7506,259.0,51,True,0,0,0.033023450859841236
7507,187.0,65,True,8,0,0.033015956116256504
7508,247.0,47,True,2,0,0.033008465685751456
7509,238.0,55,True,2,0,0.033000979565844
7510,233.0,59,True,2,0,0.03299349775405348
7511,248.0,54,True,1,0,0.03298602024790067
7512,228.0,51,True,4,0,0.03297854704490772
7513,218.0,59,True,4,0,0.032971078142598274
7514,218.0,54,True,5,0,0.03296361353849736
7515,254.0,55,True,0,0,0.03295615323013146
7516,236.0,59,True,2,0,0.032948697215028445
7517,248.0,47,True,2,0,0.03294124549071763
7518,245.0,47,True,2,0,0.03293379805472974
7519,183.0,65,True,6,2,0.03292635490459694
7520,236.0,45,True,4,0,0.03291891603785279
7521,205.0,62,True,5,1,0.03291148145203231
7522,219.0,62,True,3,1,0.03290405114467188
7523,193.0,67,True,4,2,0.03289662511330934
7524,193.0,67,True,6,1,0.03288920335548394
7525,227.0,62,True,3,0,0.03288178586873634
7526,229.0,59,True,2,1,0.03287437265060863
7527,241.0,54,True,1,1,0.03286696369864428
7528,231.0,67,True,2,0,0.0328595590103882
7529,244.0,62,True,1,0,0.03285215858338671
7530,237.0,57,True,2,0,0.03284476241518756
7531,217.0,52,True,5,0,0.032837370503339874
7532,217.0,67,True,4,0,0.0328299828453942
7533,245.0,51,True,2,0,0.032822599438902506
7534,190.0,65,True,6,1,0.03281522028141816
7535,251.0,47,True,0,1,0.03280784537049595
7536,205.0,72,True,3,1,0.03280047470369206
7537,228.0,51,True,4,0,0.03279310827856407
7538,239.0,55,True,2,0,0.03278574609267098
7539,242.0,51,True,2,0,0.0327783881435732
7540,241.0,55,True,2,0,0.032771034428832536
7541,202.0,69,True,6,0,0.03276368494601221
7542,169.0,78,True,5,3,0.0327563396926768
7543,218.0,67,True,2,1,0.032748998666392345
7544,247.0,47,True,2,0,0.032741661864726254
7545,215.0,62,True,5,0,0.03273432928524733
7546,239.0,59,True,2,0,0.03272700092552581
7547,231.0,62,True,1,1,0.03271967678313329
7548,230.0,49,True,4,0,0.03271235685564278
7549,218.0,65,True,4,0,0.03270504114062868
7550,250.0,47,True,2,0,0.03269772963566679
7551,248.0,47,True,2,0,0.03269042233833433
7552,187.0,67,True,4,3,0.032683119246209875
7553,217.0,62,True,3,1,0.0326758203568734
7554,265.0,47,True,0,0,0.03266852566790629
7555,233.0,53,True,2,1,0.03266123517689132
7556,228.0,47,True,2,2,0.03265394888141264
7557,195.0,77,True,4,1,0.03264666677905581
7558,234.0,47,True,4,0,0.03263938886740776
7559,205.0,62,True,5,1,0.032632115144056825
7560,165.0,69,True,8,2,0.03262484560659272
7561,225.0,50,True,5,0,0.03261758025260654
7562,213.0,62,True,5,0,0.032610319079690794
7563,207.0,50,True,7,0,0.03260306208543934
7564,214.0,57,True,4,1,0.03259580926744744
7565,222.0,56,True,3,1,0.03258856062331174
7566,188.0,95,True,4,0,0.03258131615063026
7567,249.0,47,True,2,0,0.032574075847002434
7568,243.0,52,True,1,1,0.03256683971002902
7569,252.0,47,True,0,1,0.0325596077373122
7570,259.0,51,True,0,0,0.03255237992645554
7571,228.0,49,True,4,0,0.03254515627506394
7572,241.0,55,True,2,0,0.03253793678074375
7573,264.0,47,True,0,0,0.032530721441102625
7574,241.0,55,True,2,0,0.032523510253749624
7575,202.0,65,True,4,1,0.03251630321629521
7576,228.0,49,True,4,0,0.03250910032635117
7577,213.0,67,True,4,0,0.032501901581530726
7578,214.0,77,True,2,1,0.03249470697944841
7579,221.0,72,True,3,0,0.03248751651772016
7580,240.0,47,True,2,1,0.03248033019396329
7581,225.0,55,True,4,0,0.032473148005796475
7582,242.0,59,True,2,0,0.03246596995083978
7583,248.0,49,True,2,0,0.032458796026714594
7584,196.0,65,True,6,1,0.032451626231043716
7585,242.0,62,True,1,0,0.0324444605614513
7586,246.0,54,True,1,0,0.03243729901556287
7587,226.0,54,True,3,1,0.032430141591005324
7588,230.0,55,True,2,1,0.03242298828540689
7589,244.0,47,True,2,0,0.03241583909639721
7590,210.0,65,True,4,1,0.03240869402160726
7591,257.0,55,True,0,0,0.032401553058669375
7592,254.0,55,True,0,0,0.0323944162052173
7593,235.0,49,True,2,1,0.03238728345888606
7594,242.0,55,True,2,0,0.0323801548173121
7595,186.0,67,True,6,2,0.03237303027813322
7596,251.0,54,True,1,0,0.03236590983898857
7597,220.0,52,True,5,0,0.032358793497518676
7598,220.0,55,True,2,2,0.03235168125136537
7599,216.0,54,True,3,2,0.0323445730981719
7600,227.0,62,True,3,0,0.03233746903558284
7601,224.0,46,True,5,0,0.03233036906124413
7602,233.0,51,True,2,1,0.03232327317280307
7603,218.0,65,True,4,0,0.03231618136790829
7604,222.0,54,True,3,1,0.03230909364420978
7605,219.0,57,True,2,2,0.03230200999935891
7606,254.0,55,True,0,0,0.032294930431008374
7607,218.0,56,True,5,0,0.032287854936812244
7608,248.0,52,True,1,0,0.032280783514425884
7609,238.0,59,True,0,1,0.03227371616150607
7610,253.0,47,True,0,1,0.03226665287571091
7611,220.0,62,True,3,1,0.03225959365469984
7612,257.0,51,True,0,0,0.03225253849613367
7613,228.0,51,True,4,0,0.03224548739767452
7614,225.0,59,True,2,1,0.032238440356985885
7615,219.0,65,True,2,1,0.032231397371732605
7616,205.0,73,True,4,0,0.032224358439580846
7617,263.0,47,True,0,0,0.032217323558198147
7618,245.0,57,True,0,1,0.03221029272525333
7619,237.0,59,True,2,0,0.03220326593841663
7620,257.0,51,True,0,0,0.03219624319535958
7621,182.0,80,True,5,2,0.03218922449375506
7622,249.0,47,True,2,0,0.0321822098312773
7623,201.0,67,True,6,0,0.032175199205601863
7624,240.0,55,True,2,0,0.032168192614405636
7625,226.0,69,True,0,2,0.032161190055366856
7626,245.0,47,True,2,0,0.032154191526165096
7627,260.0,47,True,0,0,0.032147197024481274
7628,216.0,67,True,2,1,0.032140206547997624
7629,222.0,59,True,4,0,0.032133220094397716
7630,197.0,69,True,6,0,0.032126237661366464
7631,221.0,52,True,5,0,0.0321192592465901
7632,261.0,47,True,0,0,0.0321122848477562
7633,260.0,47,True,0,0,0.03210531446255369
7634,221.0,52,True,5,0,0.03209834808867277
7635,232.0,51,True,2,1,0.032091385723805016
7636,231.0,65,True,2,0,0.03208442736564331
7637,227.0,59,True,2,1,0.03207747301188189
7638,209.0,62,True,5,0,0.03207052266021629
7639,225.0,55,True,4,0,0.032063576308343375
7640,227.0,51,True,4,0,0.03205663395396134
7641,257.0,51,True,0,0,0.03204969559476972
7642,237.0,55,True,2,0,0.03204276122846936
7643,198.0,62,True,7,0,0.03203583085276243
7644,246.0,47,True,2,0,0.0320289044653524
7645,263.0,47,True,0,0,0.0320219820639441
7646,143.0,67,True,10,3,0.03201506364624365
7647,242.0,57,True,0,1,0.03200814920995852
7648,247.0,47,True,2,0,0.03200123875279749
7649,250.0,50,True,1,0,0.031994332272470616
7650,221.0,51,True,4,1,0.031987429766689335
7651,214.0,74,True,3,0,0.03198053123316636
7652,201.0,66,True,5,1,0.031973636669615745
7653,238.0,55,True,2,0,0.03196674607375285
7654,219.0,57,True,2,2,0.031959859443294325
7655,247.0,47,True,2,0,0.031952976775958174
7656,234.0,54,True,3,0,0.0319460980694637
7657,233.0,54,True,3,0,0.0319392233215315
7658,212.0,59,True,4,1,0.03193235252988352
7659,216.0,51,True,6,0,0.031925485692242975
7660,231.0,62,True,3,0,0.03191862280633441
7661,230.0,67,True,2,0,0.031911763869883696
7662,200.0,67,True,6,0,0.031904908880617984
7663,172.0,77,True,6,2,0.03189805783626576
7664,209.0,59,True,6,0,0.03189121073455679
7665,247.0,54,True,1,0,0.03188436757322215
7666,266.0,47,True,0,0,0.031877528349994244
7667,211.0,59,True,6,0,0.03187069306260677
7668,221.0,52,True,5,0,0.03186386170879474
7669,233.0,56,True,3,0,0.031857034286294425
7670,265.0,47,True,0,0,0.03185021079284345
7671,261.0,47,True,0,0,0.031843391226180726
7672,253.0,57,True,0,0,0.03183657558404645
7673,214.0,62,True,3,1,0.03182976386418215
7674,224.0,54,True,3,1,0.031822956064330624
7675,252.0,47,True,0,1,0.03181615218223598
7676,214.0,67,True,4,0,0.03180935221564362
7677,235.0,54,True,3,0,0.03180255616230026
7678,245.0,49,True,2,0,0.031795764019953904
7679,202.0,56,True,7,0,0.03178897578635384
7680,195.0,65,True,4,2,0.03178219145925065
7681,219.0,71,True,2,1,0.031775411036396244
7682,255.0,55,True,0,0,0.031768634515543785
7683,243.0,57,True,0,1,0.03176186189444776
7684,263.0,47,True,0,0,0.03175509317086392
7685,238.0,59,True,2,0,0.03174832834254933
7686,220.0,52,True,5,0,0.03174156740726234
7687,249.0,54,True,1,0,0.031734810362762586
7688,216.0,62,True,3,1,0.031728057206810996
7689,232.0,49,True,4,0,0.03172130793716978
7690,235.0,54,True,3,0,0.031714562551602446
7691,233.0,54,True,3,0,0.031707821047873785
7692,255.0,46,True,1,0,0.03170108342374988
7693,217.0,59,True,2,2,0.03169434967699809
7694,152.0,69,True,10,2,0.031687619805387056
7695,235.0,51,True,2,1,0.03168089380668672
7696,195.0,78,True,3,2,0.031674171678668275
7697,218.0,52,True,3,2,0.03166745341910425
7698,229.0,57,True,2,1,0.0316607390257684
7699,232.0,56,True,3,0,0.03165402849643581
7700,248.0,54,True,1,0,0.03164732182888279
7701,235.0,54,True,3,0,0.031640619020886974
7702,179.0,54,True,9,1,0.03163392007022727
7703,204.0,62,True,3,2,0.03162722497468385
7704,222.0,67,True,2,1,0.03162053373203818
7705,244.0,49,True,2,0,0.03161384634007297
7706,219.0,65,True,4,0,0.03160716279657223
7707,158.0,112,True,7,0,0.031600483099321265
7708,247.0,56,True,1,0,0.031593807246106616
7709,180.0,74,True,3,4,0.03158713523471613
7710,218.0,55,True,4,1,0.03158046706293889
7711,206.0,65,True,6,0,0.03157380272856528
7712,205.0,62,True,3,2,0.03156714222938695
7713,244.0,55,True,0,1,0.03156048556319683
7714,232.0,59,True,2,0,0.03155383272778911
7715,251.0,49,True,0,1,0.03154718372095922
7716,230.0,51,True,4,0,0.03154053854050392
7717,186.0,80,True,5,1,0.031533897184221185
7718,240.0,54,True,1,1,0.03152725964991029
7719,237.0,65,True,2,0,0.03152062593537177
7720,244.0,56,True,1,1,0.0315139960384074
7721,211.0,55,True,6,0,0.03150736995682025
7722,239.0,47,True,2,1,0.03150074768841464
7723,216.0,55,True,4,1,0.03149412923099617
7724,233.0,65,True,2,0,0.03148751458237169
7725,215.0,54,True,3,2,0.03148090374034929
7726,200.0,55,True,6,1,0.03147429670273837
7727,237.0,47,True,2,1,0.03146769346734955
7728,236.0,52,True,3,0,0.031461094031994735
7729,206.0,70,True,5,0,0.031454498394487086
7730,221.0,51,True,2,2,0.031447906552640986
7731,246.0,49,True,2,0,0.031441318504272134
7732,241.0,55,True,2,0,0.031434734247197435
7733,230.0,59,True,2,1,0.03142815377923509
7734,237.0,49,True,2,1,0.03142157709820454
7735,239.0,55,True,2,0,0.03141500420192647
7736,248.0,54,True,1,0,0.03140843508822282
7737,223.0,62,True,1,2,0.03140186975491681
7738,185.0,67,True,8,0,0.031395308199832876
7739,248.0,54,True,1,0,0.03138875042079675
7740,244.0,52,True,1,1,0.03138219641563537
7741,255.0,48,True,1,0,0.03137564618217694
7742,224.0,66,True,3,0,0.03136909971825093
7743,184.0,81,True,6,0,0.03136255702168804
7744,229.0,55,True,2,1,0.03135601809032025
7745,216.0,57,True,4,1,0.03134948292198072
7746,252.0,47,True,0,1,0.031342951514503926
7747,256.0,51,True,0,0,0.03133642386572556
7748,228.0,65,True,2,1,0.031329899973482574
7749,195.0,69,True,4,2,0.03132337983561315
7750,238.0,55,True,2,0,0.0313168634499567
7751,234.0,62,True,1,1,0.03131035081435392
7752,262.0,47,True,0,0,0.03130384192664671
7753,245.0,51,True,2,0,0.03129733678467824
7754,197.0,65,True,6,1,0.03129083538629292
7755,244.0,57,True,0,1,0.03128433772933637
7756,240.0,52,True,3,0,0.03127784381165548
7757,250.0,52,True,1,0,0.03127135363109836
7758,218.0,67,True,4,0,0.03126486718551438
7759,227.0,52,True,3,1,0.03125838447275414
7760,236.0,59,True,2,0,0.03125190549066946
7761,235.0,59,True,2,0,0.031245430237113406
7762,235.0,52,True,3,0,0.03123895870994029
7763,248.0,65,True,0,0,0.031232490907005646
7764,227.0,59,True,2,1,0.03122602682616626
7765,245.0,65,True,0,0,0.031219566465280117
7766,198.0,55,True,6,1,0.031213109822206472
7767,215.0,65,True,4,1,0.031206656894805784
7768,246.0,65,True,0,0,0.031200207680939767
7769,225.0,55,True,4,0,0.031193762178471356
7770,232.0,62,True,1,1,0.031187320385264696
7771,225.0,62,True,3,0,0.03118088229918519
7772,211.0,62,True,5,0,0.03117444791809946
7773,253.0,48,True,1,0,0.031168017239875348
7774,221.0,66,True,3,0,0.03116159026238193
7775,211.0,59,True,6,0,0.031155166983489524
7776,238.0,59,True,2,0,0.031148747401069626
7777,234.0,56,True,3,0,0.03114233151299501
7778,191.0,65,True,6,1,0.031135919317139646
7779,216.0,62,True,3,1,0.031129510811378727
7780,217.0,56,True,5,0,0.031123105993588696
7781,239.0,55,True,2,0,0.031116704861647172
7782,239.0,52,True,1,1,0.03111030741343303
7783,230.0,65,True,2,0,0.03110391364682636
7784,204.0,69,True,4,1,0.031097523559708462
7785,185.0,65,True,6,2,0.031091137149961874
7786,256.0,44,True,1,0,0.031084754415470324
7787,232.0,62,True,3,0,0.03107837535411878
7788,223.0,49,True,4,1,0.031071999963793423
7789,208.0,54,True,5,1,0.031065628242381647
7790,228.0,59,True,4,0,0.031059260187772074
7791,252.0,47,True,0,1,0.03105289579785451
7792,240.0,55,True,2,0,0.031046535070520007
7793,259.0,49,True,0,0,0.03104017800366082
7794,251.0,47,True,0,1,0.031033824595170414
7795,247.0,47,True,2,0,0.031027474842943478
7796,249.0,59,True,0,0,0.03102112874487589
7797,262.0,47,True,0,0,0.031014786298864748
7798,241.0,62,True,1,0,0.03100844750280838
7799,251.0,54,True,1,0,0.0310021123546063
7800,221.0,62,True,1,2,0.030995780852159253
7801,208.0,74,True,3,1,0.03098945299336915
7802,240.0,51,True,2,0,0.03098312877613915
7803,242.0,57,True,0,1,0.03097680819837361
7804,216.0,71,True,0,3,0.030970491257978086
7805,247.0,47,True,2,0,0.03096417795285935
7806,247.0,47,True,2,0,0.03095786828092536
7807,221.0,59,True,4,0,0.03095156224008528
7808,233.0,56,True,3,0,0.0309452598282495
7809,244.0,47,True,2,0,0.030938961043329598
7810,258.0,51,True,0,0,0.030932665883238362
7811,195.0,79,True,4,1,0.030926374345889754
7812,248.0,52,True,1,0,0.03092008642919896
7813,240.0,55,True,2,0,0.030913802131082368
7814,228.0,67,True,2,0,0.03090752144945756
7815,231.0,57,True,2,1,0.030901244382243315
7816,236.0,49,True,2,1,0.030894970927359603
7817,236.0,49,True,2,1,0.0308887010827276
7818,233.0,47,True,4,0,0.030882434846269676
7819,245.0,51,True,2,0,0.030876172215909402
7820,242.0,55,True,2,0,0.03086991318957154
7821,241.0,55,True,2,0,0.03086365776518203
7822,259.0,55,True,0,0,0.030857405940668037
7823,235.0,54,True,3,0,0.030851157713957893
7824,217.0,62,True,3,1,0.030844913082981134
7825,214.0,65,True,4,0,0.030838672045668494
7826,202.0,65,True,4,2,0.030832434599951872
7827,188.0,67,True,6,1,0.03082620074376438
7828,261.0,47,True,0,0,0.03081997047504032
7829,209.0,57,True,6,0,0.030813743791715174
7830,215.0,59,True,0,4,0.03080752069172562
7831,243.0,49,True,2,0,0.0308013011730095
7832,225.0,62,True,3,0,0.030795085233505874
7833,214.0,55,True,4,1,0.03078887287115497
7834,249.0,49,True,0,1,0.03078266408389821
7835,227.0,57,True,2,1,0.0307764588696782
7836,249.0,52,True,1,0,0.030770257226438714
7837,233.0,51,True,2,1,0.030764059152124733
7838,232.0,65,True,2,0,0.0307578646446824
7839,226.0,62,True,3,0,0.030751673702059053
7840,209.0,47,True,6,1,0.030745486322203225
7841,229.0,47,True,4,0,0.030739302503064586
7842,246.0,49,True,2,0,0.03073312224259402
7843,244.0,51,True,2,0,0.03072694553874359
7844,207.0,55,True,6,0,0.030720772389466522
7845,233.0,47,True,4,0,0.030714602792717243
7846,250.0,51,True,0,1,0.030708436746451323
7847,225.0,49,True,2,2,0.03070227424862553
7848,246.0,47,True,2,0,0.030696115297197818
7849,189.0,62,True,7,1,0.030689959890127294
7850,226.0,71,True,2,0,0.03068380802537425
7851,255.0,55,True,0,0,0.030677659700900167
7852,247.0,47,True,2,0,0.030671514914667655
7853,236.0,51,True,2,1,0.03066537366464054
7854,250.0,52,True,1,0,0.0306592359487838
7855,261.0,47,True,0,0,0.03065310176506359
7856,220.0,59,True,4,0,0.03064697111144725
7857,210.0,67,True,2,2,0.03064084398590325
7858,246.0,47,True,2,0,0.030634720386401255
7859,243.0,57,True,0,1,0.030628600310912107
7860,190.0,62,True,7,1,0.030622483757407795
7861,239.0,55,True,2,0,0.030616370723861502
7862,219.0,65,True,4,0,0.030610261208247544
7863,251.0,50,True,1,0,0.03060415520854142
7864,225.0,55,True,4,0,0.030598052722719794
7865,217.0,63,True,4,0,0.030591953748760503
7866,225.0,59,True,2,1,0.03058585828464254
7867,209.0,56,True,5,1,0.03057976632834604
7868,221.0,62,True,3,1,0.030573677877852326
7869,227.0,55,True,4,0,0.03056759293114389
7870,191.0,68,True,7,0,0.030561511486204358
7871,237.0,49,True,2,1,0.030555433541018542
7872,247.0,47,True,2,0,0.03054935909357239
7873,247.0,51,True,0,1,0.030543288141853024
7874,250.0,52,True,1,0,0.030537220683848718
7875,232.0,62,True,3,0,0.030531156717548913
7876,259.0,51,True,0,0,0.03052509624094421
7877,246.0,47,True,2,0,0.03051903925202633
7878,238.0,55,True,2,0,0.030512985748788198
7879,241.0,62,True,1,0,0.030506935729223864
7880,238.0,47,True,2,1,0.030500889191328547
7881,241.0,57,True,0,1,0.030494846133098615
7882,246.0,59,True,0,0,0.03048880655253158
7883,207.0,65,True,6,0,0.030482770447626116
7884,222.0,56,True,3,1,0.03047673781638205
7885,247.0,56,True,1,0,0.030470708656800356
7886,247.0,47,True,2,0,0.030464682966883178
7887,220.0,57,True,2,2,0.030458660744633756
7888,220.0,62,True,3,1,0.03045264198805653
7889,236.0,52,True,3,0,0.030446626695157082
7890,177.0,80,True,7,1,0.030440614863942124
7891,225.0,51,True,2,2,0.03043460649241953
7892,260.0,47,True,0,0,0.030428601578598308
7893,210.0,65,True,4,1,0.030422600120488613
7894,246.0,47,True,2,0,0.030416602116101754
7895,237.0,55,True,2,0,0.03041060756345019
7896,247.0,47,True,2,0,0.030404616460547512
7897,222.0,65,True,2,1,0.030398628805408442
7898,222.0,54,True,3,1,0.030392644596048866
7899,205.0,65,True,4,1,0.030386663830485813
7900,252.0,47,True,0,1,0.030380686506737434
7901,205.0,62,True,3,2,0.030374712622823048
7902,213.0,65,True,4,0,0.03036874217676307
7903,234.0,52,True,3,0,0.030362775166579103
7904,235.0,65,True,2,0,0.03035681159029386
7905,231.0,65,True,2,0,0.030350851445931193
7906,242.0,66,True,1,0,0.03034489473151612
7907,239.0,52,True,1,1,0.030338941445074742
7908,228.0,57,True,2,1,0.030332991584634345
7909,224.0,65,True,2,1,0.030327045148223323
7910,233.0,65,True,2,0,0.030321102133871222
7911,229.0,51,True,4,0,0.030315162539608715
7912,245.0,57,True,0,1,0.03030922636346759
7913,220.0,54,True,5,0,0.030303293603480802
7914,248.0,52,True,1,0,0.03029736425768241
7915,254.0,55,True,0,0,0.03029143832410762
7916,236.0,52,True,3,0,0.030285515800792768
7917,241.0,52,True,1,1,0.030279596685775303
7918,238.0,47,True,2,1,0.03027368097709382
7919,246.0,54,True,1,0,0.03026776867278804
7920,232.0,51,True,2,1,0.03026185977089882
7921,214.0,57,True,4,1,0.03025595426946813
7922,233.0,47,True,4,0,0.03025005216653906
7923,223.0,59,True,4,0,0.030244153460155847
7924,235.0,52,True,3,0,0.030238258148363846
7925,227.0,67,True,2,0,0.030232366229209533
7926,248.0,49,True,2,0,0.030226477700740516
7927,190.0,75,True,6,0,0.03022059256100552
7928,222.0,54,True,3,1,0.030214710808054386
7929,238.0,54,True,1,1,0.03020883243993809
7930,220.0,52,True,5,0,0.03020295745470873
7931,245.0,47,True,2,0,0.030197085850419515
7932,210.0,62,True,5,0,0.03019121762512479
7933,212.0,55,True,6,0,0.03018535277687999
7934,252.0,47,True,0,1,0.030179491303741698
7935,200.0,65,True,6,0,0.030173633203767605
7936,211.0,62,True,5,0,0.030167778475016525
7937,153.0,112,True,7,1,0.03016192711554839
7938,233.0,49,True,2,1,0.03015607912342422
7939,243.0,44,True,3,0,0.030150234496706188
7940,262.0,47,True,0,0,0.03014439323345757
7941,210.0,55,True,6,0,0.030138555331742756
7942,236.0,49,True,2,1,0.030132720789627247
7943,224.0,62,True,3,0,0.03012688960517765
7944,226.0,49,True,2,2,0.0301210617764617
7945,251.0,48,True,1,0,0.030115237301548237
7946,224.0,55,True,4,0,0.03010941617850721
7947,233.0,56,True,3,0,0.030103598405409694
7948,234.0,49,True,2,1,0.030097783980327846
7949,235.0,48,True,1,2,0.03009197290133495
7950,252.0,59,True,0,0,0.030086165166505398
7951,245.0,55,True,0,1,0.030080360773914697
7952,222.0,47,True,4,1,0.03007455972163945
7953,204.0,71,True,2,2,0.03006876200775736
7954,228.0,56,True,1,2,0.030062967630347256
7955,233.0,65,True,2,0,0.030057176587489055
7956,228.0,57,True,2,1,0.030051388877263795
7957,236.0,49,True,2,1,0.03004560449775362
7958,178.0,65,True,8,1,0.030039823447041744
7959,238.0,47,True,2,1,0.03003404572321252
7960,242.0,59,True,0,1,0.030028271324351395
7961,237.0,59,True,2,0,0.030022500248544907
7962,233.0,49,True,4,0,0.03001673249388072
7963,206.0,65,True,4,1,0.03001096805844755
7964,248.0,47,True,2,0,0.030005206940335268
7965,238.0,57,True,2,0,0.02999944913763481
7966,233.0,65,True,2,0,0.029993694648438228
7967,250.0,47,True,2,0,0.02998794347083867
7968,224.0,48,True,5,0,0.029982195602930355
7969,226.0,62,True,3,0,0.029976451042808633
7970,243.0,49,True,2,0,0.02997070978856993
7971,225.0,54,True,3,1,0.029964971838311788
7972,252.0,52,True,1,0,0.029959237190132826
7973,204.0,59,True,4,2,0.02995350584213275
7974,208.0,59,True,6,0,0.02994777779241238
7975,209.0,65,True,4,1,0.029942053039073616
7976,235.0,52,True,3,0,0.02993633158021946
7977,249.0,52,True,1,0,0.029930613413954005
7978,266.0,47,True,0,0,0.029924898538382413
7979,239.0,47,True,2,1,0.029919186951610964
7980,246.0,62,True,1,0,0.02991347865174701
7981,191.0,62,True,7,1,0.029907773636899008
7982,187.0,62,True,7,1,0.0299020719051765
7983,207.0,62,True,3,2,0.029896373454690095
7984,228.0,59,True,4,0,0.029890678283551513
7985,236.0,59,True,2,0,0.029884986389873552
7986,233.0,47,True,4,0,0.0298792977717701
7987,171.0,62,True,7,3,0.02987361242735613
7988,257.0,51,True,0,0,0.02986793035474769
7989,223.0,54,True,3,1,0.029862251552061916
7990,213.0,67,True,4,0,0.02985657601741704
7991,193.0,55,True,6,2,0.029850903748932362
7992,247.0,47,True,2,0,0.02984523474472828
7993,218.0,63,True,4,0,0.029839569002926253
7994,185.0,62,True,5,3,0.02983390652164883
7995,235.0,49,True,2,1,0.02982824729901965
7996,207.0,59,True,6,0,0.02982259133316342
7997,219.0,66,True,3,0,0.02981693862220594
7998,248.0,47,True,2,0,0.029811289164274064
7999,259.0,51,True,0,0,0.029805642957495743
